Year,Month,Day,CAN,YAK,TAY,FIN,SWE,NOR,ALT,LOT,PAK
1901,1,16,0.0769245655637189,0.0543427665183311,0.0831087831056447,0.0919509116344715,0.1072167749871622,0.0853821650137723,0.0956633531098402,0.1707429211803492,0.1459512792902526
1901,2,15,0.0447685670153951,0.0819441422351559,0.1002008712861954,0.0531194408479474,0.0690534048580782,0.0837705776183419,0.1130955113841934,0.0,0.1847051919628788
1901,3,16,0.1526235979904215,0.1123024708210138,0.1132199983802006,0.148298292202159,0.1430122451260671,0.1708910119913073,0.1876006706456735,0.0895152127728221,0.2933370346904496
1901,4,16,0.2167360284585985,0.2295735379954694,0.1091997583825079,0.239054089866819,0.1845790289986011,0.3068696274995343,0.3462528811524369,0.2894590594274375,0.4289334403808599
1901,5,16,0.2636042373938561,0.180943257099179,0.1933991464731503,0.3490530847732067,0.2761248444782375,0.4697740643845272,0.5414427511918145,0.3478959846554139,0.5690100204039144
1901,6,16,0.5957086735061897,0.5710352877757753,0.4021579074895566,0.6691898801897948,0.4866337310295828,0.6907661216527772,0.7412896903980457,0.3915115944915952,0.5899633312472587
1901,7,16,0.7091404743822215,0.5009216426249017,0.538914553521172,0.7942302016597661,0.5575677029657644,0.9243730364588952,0.6282113673604944,0.2070000180615868,0.7911402784314614
1901,8,16,0.4128286694897347,0.1746676351641735,0.3022412526280678,0.3562699505575642,0.3133767677526564,0.4879211024936047,0.473285577725824,0.1824909874560766,0.6400888720382926
1901,9,16,0.338125223675347,0.2121735743945935,0.1005705680822029,0.2039694867002531,0.1961213153145554,0.3057665892782982,0.438223042771152,0.090478828187882,0.6150823270530681
1901,10,16,0.1646930479173627,0.0420657493820396,0.0293216876933753,0.1286235364477032,0.1490724044943685,0.2548132784349538,0.1400868600473545,0.2047650058870056,0.2986248561009379
1901,11,16,0.0817936073224413,0.0647049657943308,0.0809854988526118,0.031268342798091,0.0460985562340235,0.13338515450353,0.0355343170891243,0.0665424517404,0.2160755927374924
1901,12,16,0.065038202770468,0.0696320741555458,0.0205673399203471,0.0474081485850888,0.0404680145324309,0.0030279777548223,0.0333867853687187,0.0224859053816642,0.107268312932803
1902,1,16,0.081777758906135,0.0616451009170742,0.0705673399203472,0.0976219173963097,0.0904680145324309,0.1222723484491001,0.0708800539559193,0.1724859053816642,0.0934937168899967
1902,2,15,0.089416040171812,0.0682330792875217,0.0462841579833815,0.0651771988208374,0.066080395682395,0.0577554893187455,0.1086634117740181,0.1035242338410112,0.0625732002828151
1902,3,16,0.0788189509981991,0.0916496620978179,0.061990650518369,0.0879912795422477,0.094581995790628,0.1196032699791136,0.2138922990819864,0.1660421669604026,0.2519309423494283
1902,4,16,0.1879446894089785,0.170101579913943,0.0906676185678028,0.1450864343070332,0.1092068060914351,0.1849122302819175,0.3014160119358661,0.3056603830255883,0.4203527103276038
1902,5,16,0.2949576109542656,0.2225670720751618,0.1551091985236161,0.3064662454971072,0.2455329377615079,0.3558084738365463,0.462109749400884,0.1994590594274374,0.4873656779963229
1902,6,16,0.5874158167107223,0.4468986468417544,0.2421889227652255,0.4239694867002531,0.3362428636430641,0.5008855850841076,0.6660845750835842,0.1992381818000961,0.763568805833371
1902,7,16,0.7398730328690636,0.4584186295708502,0.5398127252261582,0.397803477444865,0.2960903000388865,0.3518743116258715,0.665494155256933,0.2770000180615867,0.7439932416425059
1902,8,16,0.4540505104812549,0.312198331507687,0.3022412526280678,0.2504831888669939,0.2175421454627008,0.2606269189988401,0.5332855777258241,0.1877584551488446,0.7616015486215248
1902,9,16,0.2703615529613513,0.1590260800745823,0.202915243448003,0.2369428375998957,0.2590724044943685,0.2648132784349538,0.4485574052719713,0.2992381818000961,0.6050823270530682
1902,10,16,0.1802617860129687,0.0420657493820396,0.011298041028888,0.0213422726387654,0.054579028998601,0.1596601953676978,0.234485654812371,0.0409808657876625,0.4460672644460133
1902,11,16,0.058774745338967,0.0619441422351559,0.0457536866646482,0.0893612592609086,0.089374135131098,0.1696633035837801,0.0,0.2291751723542921,0.1352124608571581
1902,12,16,0.0,0.0641456708202272,0.0527835071957309,0.0379659999340678,0.0498295590678096,0.0225600863206196,0.0072356380201731,0.0275861095695096,0.0641108452877249
1903,1,16,0.0754733927627439,0.0561794831626979,0.0693413226947853,0.0922489102973766,0.0992842511728308,0.0926787786274753,0.0946706293345869,0.1669987595120813,0.1276257199681124
1903,2,15,0.0838595097309264,0.0831829364684728,0.1071691811109864,0.0968742009432013,0.1098295590678096,0.1787313564485207,0.0958564904402072,0.1248104883695829,0.1841157773457274
1903,3,16,0.1087747453389671,0.1030560776090226,0.033422787147211,0.1627781090505314,0.1325508662615534,0.2565045218550418,0.1714774924954284,0.2304173247894377,0.1393625789141432
1903,4,16,0.1927261752763928,0.125579369107587,0.0797406612451319,0.2578677469676953,0.2190739297620874,0.2827592633813328,0.2356394750470632,0.0760421669604026,0.2847621575693564
1903,5,16,0.233878326364942,0.3751533911771547,0.1855031849562796,0.3638972705003156,0.2861248444782375,0.4308757700030647,0.4921902567905376,0.3768276172469863,0.4676045995367096
1903,6,16,0.6725783842706997,0.4146676351641736,0.3697176987223963,0.4999620115940241,0.3850386545624799,0.516287766551268,0.630850571296269,0.2820923439518427,0.699800684425878
1903,7,16,0.7086430396617054,0.5739027787552008,0.7389400679067238,0.4720079423037523,0.3403948721954112,0.4983026992470338,0.6555881812287093,0.1659540077484792,0.6281926576022776
1903,8,16,0.5113722944861887,0.0557969146755394,0.2491569553149253,0.2821019682755286,0.2166337310295828,0.2636080551291391,0.3999220700317074,0.1408328244311419,0.7247264740605484
1903,9,16,0.2649401177162077,0.1748184309840436,0.223998145362278,0.2190087007506797,0.2312296954449646,0.3640839553340373,0.4549735929911029,0.2382548490037195,0.6739340514652645
1903,10,16,0.0601425157215199,0.0492187421582832,0.0769720586500904,0.0908526185092106,0.1198731522768296,0.1353236401306325,0.2285162725905527,0.2046651876239957,0.3824338152184532
1903,11,16,0.0710513130800885,0.0759397719286656,0.0736591032554287,0.0641095256344903,0.0717180395906977,0.0677342003804677,0.1240122048877572,0.1548003461475555,0.2264367517289194
1903,12,16,0.1190505632648581,0.0616813175358777,0.0209928669182203,0.121268342798091,0.1542496073658187,0.1768316321020568,0.0446064389236833,0.0205004426621592,0.0743448327799186
1904,1,16,0.0676714084706384,0.0640179018937897,0.0725517143473448,0.114343513126684,0.1325508662615534,0.1435932285599306,0.0827270800964935,0.1732617631485157,0.1657799984219946
1904,2,15,0.0756927818573243,0.0752003888893692,0.0595405047142386,0.075966448071704,0.0855898839952165,0.0678526818202178,0.0968569365876202,0.0957892014173296,0.0543448327799186
1904,3,16,0.1002667897043293,0.1009617431581242,0.0916335135569623,0.122551176158548,0.1106559100928533,0.1285826867348056,0.1673382153061445,0.048992201910531,0.287614986352896
1904,4,16,0.254824132560447,0.186101274463746,0.1435109148244892,0.2533357150372149,0.186843705979089,0.2786499265405796,0.1856394750470633,0.2251191163702351,0.4640938435325621
1904,5,16,0.3949576109542656,0.2414640647400568,0.2720094814851463,0.348704043837357,0.2676103124387744,0.4105414075022453,0.5285574052719714,0.3899306671255222,0.5334854606948597
1904,6,16,0.5791716937985923,0.3603407783104073,0.6239524952659228,0.5098613184754005,0.3673429888152325,0.4862877665512679,0.7703207135359413,0.4154558516459593,0.713568805833371
1904,7,16,0.6683787552513593,0.4068986468417543,0.7889400679067239,0.4837042113472706,0.3232210799701912,0.4839959156333171,0.6239844207015277,0.5251157114640824,0.7311402784314613
1904,8,16,0.3728069047354589,0.0190827592817624,0.4802739954162216,0.27393273181203,0.2303948721954111,0.2961020985594373,0.5532855777258241,0.2358972739465566,0.6216015486215248
1904,9,16,0.1539134293067292,0.1362320158543493,0.1331789592215584,0.2385683338538378,0.2479305379116079,0.3231054497510831,0.4388105918675272,0.2499306671255222,0.5580042056003516
1904,10,16,0.1439042325608009,0.0362756916517648,0.115429275084277,0.1740109226054808,0.2017138115949047,0.1844053084802838,0.188330168742024,0.1003933166912872,0.2889334403808599
1904,11,16,0.0881150400667418,0.074802695943328,0.0846754750913363,0.0012007950913837,0.0330122451260671,0.1177774476856138,0.0847545557512716,0.1947641394709593,0.2187204493269425
1904,12,16,0.0762686658343206,0.0555125202848858,0.0685142370662613,0.0,0.0,0.0,0.0311135586939974,0.0384001529147962,0.082645231878838
1905,1,16,0.0778411649707855,0.0550494126838344,0.0744727459482633,0.0933707236344395,0.0999820482916425,0.0937998278113397,0.0864699379511358,0.1765091053825266,0.1494064787107342
1905,2,15,0.0842466609891696,0.0744778797150439,0.0556305427466182,0.0955663712967952,0.1074433073738191,0.1546883157385228,0.1021254691046924,0.1469987595120814,0.1695239005216776
1905,3,16,0.0650356390300885,0.0721493870665488,0.0679095747596242,0.1295775873294983,0.1309044511994204,0.1972023164185828,0.1655567241030144,0.1826111725703747,0.2366019667474084
1905,4,16,0.1208414612547292,0.1071300194354253,0.0893216876933754,0.1610270544177828,0.1445815548438171,0.229140292721489,0.247595738587671,0.1721227323704232,0.3491451789274741
1905,5,16,0.3145675500407886,0.2180721713116755,0.2062232843793432,0.3314873800379223,0.2579576789445272,0.4431133096276071,0.4871688894758879,0.2360567576144095,0.4613440370664202
1905,6,16,0.5913722944861887,0.3752078203240253,0.3205070638790984,0.550498207748347,0.3711744928510991,0.6297964996735453,0.6448320379061787,0.3374990955296755,0.6721032879287633
1905,7,16,0.6087228079179768,0.4246676351641735,0.6633056894063671,0.540087552385058,0.3674285003118274,0.5284918698911931,0.6667987584879681,0.4651275673467304,0.7198499546477825
1905,8,16,0.4808821152271814,0.3479325987415026,0.3445288740662107,0.3521019682755287,0.3099070310640703,0.3879065459598028,0.5412896903980458,0.3408328244311419,0.7016015486215248
1905,9,16,0.2174749037194386,0.1869852661774198,0.2193520994189211,0.2151292582391552,0.246242863643064,0.3100787579364803,0.4159187085183993,0.2756184984673402,0.607449787356442
1905,10,16,0.1129836985579193,0.0691323941668582,0.0626242028747898,0.1345755599599458,0.1876362186346333,0.1876002089283093,0.2554158356493744,0.2130130433112068,0.4576045995367097
1905,11,16,0.0875375580591685,0.0628635159031454,0.0710689734033969,0.1119509116344715,0.1269496721239453,0.1759372922282877,0.1301643051287502,0.2026111725703747,0.2660755927374925
1905,12,16,0.0782631089007372,0.0638929666999573,,0.0947038723096441,0.1117180395906977,0.1459372922282877,0.0822930166708867,0.164710576740135,0.1491884324297271
1906,1,16,0.0718479083959155,0.0625480230491698,0.0685645823041209,0.1041144576924928,0.1151780396268418,0.1394633397289001,0.1040576407785759,0.1611704576420909,0.1623715971402612
1906,2,15,0.0802667897043293,0.0649751673695616,0.0673771610809236,0.1158584074591368,0.1268024858486329,0.1655658381973972,0.1107638089890259,0.1434451377489725,0.153951756080093
1906,3,16,0.0835598030132621,0.0677315311293718,0.0593066762060529,0.1206109179521535,0.1316766754828108,0.1903801376442199,0.1414814630802463,0.1885832656375626,0.2544215192222179
1906,4,16,0.1444405442202243,0.0802941369687137,0.1026242028747898,0.215004153441513,0.1701867358165173,0.3061559683586433,0.2910357308845925,0.2067215366885763,0.4218981212875061
1906,5,16,0.33723719149593,0.2188659695095919,0.1995597313150155,0.3342414770000716,0.260569538138087,0.4507405641497136,0.4732433463172835,0.1907276791921066,0.4308006651846532
1906,6,16,0.6602177041116998,0.3496809962371158,0.4585350849233318,0.5097993647726434,0.3736500912717263,0.5478125199880265,0.7153288216095401,0.3082548490037194,0.733568805833371
1906,7,16,0.7198730328690636,0.4459606197857361,0.5783398808315341,0.5694710804734145,0.3953654059971285,0.5484918698911931,0.663347531428581,0.3693606982205867,0.8494605442440011
1906,8,16,0.5047292805417082,0.3274420187235213,0.6992767360015903,0.3399620115940242,0.305589616968688,0.4409809152421,0.6148297441414514,0.3670000180615868,0.6895414898396038
1906,9,16,0.332389329240723,0.2021827393411723,0.2256166040478271,0.221043932274465,0.236242863643064,0.3031054497510831,0.438223042771152,0.2801105813210099,0.637449787356442
1906,10,16,0.1399012273412118,0.0380931534302071,0.0689480391018455,0.1669546856970587,0.1853498250387415,0.2194872542069812,0.2310914892283805,0.2542248207271539,0.4491098386669242
1906,11,16,0.0944547506499089,0.0638419688223228,0.0818448891976529,0.1067679761338366,0.1272167749871622,0.1773063370523738,0.1399334588139976,0.1913498639906756,0.2291553211495015
1906,12,16,0.0692088676248323,0.0562670337314099,0.0594021331853913,0.1076244003148777,0.1430222061593042,0.143911994817208,0.0860243096161033,0.1738811199120219,0.1119741896545744
1907,1,16,0.0841903833753807,0.0624109332029238,0.0689489920767187,0.1105927903711523,0.100597438539509,0.1224052247784479,0.0996502428002197,0.1666835412910988,0.0902755923071488
1907,2,15,0.0754340553884891,0.067496180866865,0.0654923753818266,0.1061978047551998,0.130601409124327,0.1496032699791136,0.0955342725400694,0.1435862858560014,0.18
1907,3,16,0.1043921995451669,0.0799772492097492,0.061990650518369,0.1427781090505315,0.124581554843817,0.2205299577094929,0.1541341341986247,0.1632701535729774,0.2819741896545744
1907,4,16,0.1361202568236919,0.086692091681488,0.0893216876933754,0.1991540014962668,0.1401867358165172,0.2447193366962015,0.2862528811524369,0.1504173247894377,0.3887053634905916
1907,5,16,0.2862307293613198,0.224472320294433,0.1933991464731503,0.3003513906743692,0.2255329377615079,0.3527474152841697,0.4882230427711519,0.2769992042865017,0.5204015903943282
1907,6,16,0.6357086735061896,0.3930945863605301,0.4131278608956253,0.4890384487261835,0.3203948721954112,0.4556039424569175,0.6348320379061787,0.2930263907420962,0.7207719284086297
1907,7,16,0.6785402873070316,0.4565824901773295,0.6084426331862078,0.4891898801897947,0.3539519839502593,0.463433494317544,0.5634482245472049,0.3639097852755166,0.7903836183512865
1907,8,16,0.5191716937985923,0.3237025811938108,0.387712215174115,0.3173699038687802,0.3237772893709316,0.3857665892782983,0.5925246616793642,0.3819264374308803,0.7126886118601536
1907,9,16,0.2849401177162076,0.1952533028066026,0.2133904708695211,0.2391085190136896,0.2676454153805615,0.3435932908824239,0.4207949448965136,0.3055178053487164,0.5107719284086297
1907,10,16,0.1269815900563629,0.0350859187724384,0.0626242028747898,0.1638556176834236,0.185048127552787,0.2648132784349538,0.2243822513913994,0.2716058184755102,0.3936380242990374
1907,11,16,0.0962686658343205,0.0719936954023018,0.0710689734033969,0.1248439557888432,0.1304739059649566,0.1776002089283093,0.1498080990845662,0.1795658928748703,0.2268307381615828
1907,12,16,0.0826235979904214,0.0719077490503424,,0.1041948356583781,0.1156175613809585,0.1174480260528315,0.067488491556788,0.1717307599575738,0.1443448327799186
1908,1,16,0.0882631089007373,0.0614031740496013,0.0687558062858953,0.1241070523855281,0.1245734473285616,0.1396032699791136,0.0921254691046924,0.1945402249275648,0.1034937168899967
1908,2,15,0.081777758906135,0.0664450255229377,0.0662841579833816,0.1226242745809566,0.1432540802427053,0.1635932285599306,0.0981718430430138,0.1440295058574133,0.1261991244084344
1908,3,16,0.0833317596620787,0.0697477687570059,0.061990650518369,0.129062313990828,0.1306559100928533,0.1425727644822522,0.1499590589225549,0.1732701535729774,0.2050877539602678
1908,4,16,0.124652851692189,0.0873068439176373,0.0893216876933754,0.2007622171480185,0.1576925933042946,0.2601178989877926,0.2812748638288372,0.1617399249041526,0.3536380242990373
1908,5,16,0.2983932353697874,0.2237129680099972,0.2062232843793432,0.348704043837357,0.2776103124387744,0.389213694060588,0.4831838263183844,0.2332604357741479,0.501172450026905
1908,6,16,0.5940505104812549,0.3783387990924336,0.4847435003895288,0.4335816949267801,0.343284491968251,0.5018743116258715,0.6408561168219609,0.3092239730534524,0.7321032879287632
1908,7,16,0.6984819085149911,0.4400320331223656,0.6401279241726909,0.5816002289682903,0.4374285003118273,0.5384918698911931,0.6386625505110066,0.3476644291770684,0.9025455594925968
1908,8,16,0.5374158167107222,0.3295084176866496,0.4259190983389949,0.400498207748347,0.3761878539240414,0.4983026992470338,0.5925246616793642,0.3161396757403099,0.8007342108157884
1908,9,16,0.2674749037194387,0.1989446501666412,0.2139981453622779,0.2451292582391551,0.266242863643064,0.3000787579364803,0.4468953293294946,0.2564516597341174,0.6548236609678006
1908,10,16,0.1357483738666303,0.0267102192624892,0.0690898136099743,0.2010650498152602,0.212644561494533,0.2527474152841698,0.2343822513913994,0.287489784304483,0.4340938435325621
1908,11,16,0.0926727676088173,0.0567668575571897,0.0753267573641957,0.0948371483765578,0.1074433073738191,0.1303801376442199,0.1514774924954284,0.1874521181173513,0.2487204493269425
1908,12,16,0.0828931709794417,0.0725017993000734,0.0772794309319264,0.129062313990828,0.1672167749871622,0.1668040195434644,0.0746937555604823,0.1720919189490007,0.1593625789141432
1909,1,16,0.0803507464095346,0.061003763618906,0.0732432004908081,0.134343513126684,0.1590739297620874,0.1568316321020569,0.1041191227113022,0.1684345959238475,0.1755676909500299
1909,2,15,0.0773002520621211,0.0733088116831203,0.0535362082957198,0.1122489102973767,0.1320113180547609,0.1274429734547203,0.1014517046251605,0.1465285091333879,0.1259512792902526
1909,3,16,0.0510513130800884,0.0790730367828222,0.0681168002369519,0.1394051590574995,0.1452304335782179,0.1666765999443459,0.1604477925045189,0.174782744566927,0.2064367517289193
1909,4,16,0.1464960903197387,0.0910664987893074,0.0778952461938563,0.2097612605131232,0.1698295590678096,0.2176002089283094,0.2825403028199997,0.2195537573736316,0.3800052158055069
1909,5,16,0.3013161414789547,0.2251533911771548,0.1495698048861501,0.2988337492924374,0.249041591072946,0.3294872542069812,0.4925392977263875,0.254907537625234,0.5413440370664203
1909,6,16,0.6357086735061896,0.392198331507687,0.3959746385147404,0.5148223413145661,0.4130064297383549,0.5579065459598027,0.6474189447652107,0.29011058132101,0.7621032879287633
1909,7,16,0.6788624323365352,0.4739027787552007,0.6525489923109116,0.6103822986980519,0.4524674774726617,0.4983026992470338,0.6546251717314074,0.3307374942731496,0.7821178444625654
1909,8,16,0.486677650368294,0.3437032502111676,0.3963026830812013,0.3521019682755287,0.3466337310295828,0.4761020985594374,0.5925246616793642,0.3141981306606093,0.7794724001266491
1909,9,16,0.2576480308158998,0.1964849813974223,0.1924763390020529,0.2959493316021943,0.3020687884941805,0.3266039232156927,0.4221097494008839,0.2701105813210099,0.6480042056003517
1909,10,16,0.1080612856999215,0.0383482116077124,0.0647888484488498,0.2191438592742395,0.250569538138087,0.2934078575677491,0.2543582352132526,0.2307276791921065,0.4642427966533062
1909,11,16,0.0788369067891364,0.0698830837684388,0.0615773524306374,0.1255663712967952,0.1415460516291523,0.1225727644822523,0.125453501284481,0.1806606403148291,0.2360847576840712
1909,12,16,0.0876946018094872,0.0659224966590014,0.0788055713942746,0.1366780921755695,0.1716684729880893,0.1430715709638425,0.1108807058640723,0.1674521181173512,0.1793005366717332
1910,1,16,0.0833200947988222,0.0555927266392538,0.0697417229294601,0.110647921245444,0.1345734473285616,0.1349916904607666,0.0982137472821163,0.1595152127728221,0.0947051919628788
1910,2,15,0.0802004064754976,0.0659224966590014,0.0494021331853913,0.1172669932795683,0.1423674195103845,0.1872023164185828,0.114670629334587,0.1447105767401351,0.1195789069827329
1910,3,16,0.0874512648111251,0.0721493870665488,0.0671691811109864,0.1072669932795683,0.1045570706317328,0.214958579180541,0.1573382153061445,0.1974521181173513,0.2288850577074834
1910,4,16,0.1465015186642458,0.0880751381037024,0.0765356219831009,0.1738587258995061,0.1384250339911951,0.2777013793185456,0.2712748638288372,0.1785018357296215,0.4073578760911254
1910,5,16,0.3403759322915287,0.220519500879319,0.1995597313150155,0.3369428375998957,0.2473669969133831,0.4135932908824239,0.4710894928366558,0.2060567576144095,0.5006162406261645
1910,6,16,0.6074158167107223,0.393463659653424,0.3829479467001376,0.4698613184754004,0.3387051891946127,0.5478125199880265,0.6508561168219609,0.2484157338731831,0.7421032879287632
1910,7,16,0.6383452533968436,0.3881072436140881,0.5981783487758616,0.4913435311882707,0.3539519839502593,0.4730499095753375,0.6826760931429754,0.2984157338731832,0.8396090552447968
1910,8,16,0.4663226406266364,0.4411803087101692,0.4111718880106911,0.3582532984022006,0.3303948721954112,0.3863027854326211,0.5870536991333171,0.2934599643181811,0.7994724001266491
1910,9,16,0.302389329240723,0.1804126226138543,0.2247397112407101,0.2451292582391551,0.2762024379537049,0.357150402637272,0.4341645459241704,0.2299306671255222,0.587449787356442
1910,10,16,0.1208495687699847,0.0334751906047169,0.0635109148244892,0.2027436660414802,0.2081201297660362,0.2394412823300769,0.2510667897724367,0.2326517719235104,0.4242427966533062
1910,11,16,0.0844547506499089,0.0561813411482996,0.0838768627051821,0.1195775873294982,0.1393616676336069,0.1600421246661018,0.157488491556788,0.1960421669604026,0.2455152904220095
1910,12,16,0.07928283229144,0.0625017993000734,0.0780024998710449,0.120647921245444,0.1385561186342793,0.1246883157385229,0.0755586538600351,0.1717399249041526,0.1941157773457274
1911,1,16,0.0732180448090508,0.0617179606944433,0.0674574272282079,0.1341963268513716,0.1373100313069055,0.1394633397289001,0.0996476790598402,0.1624246736712941,0.1179673195873025
1911,2,15,0.0911859053281094,0.0609418489420627,0.0685142370662613,0.0919938521198714,0.0883848377660213,0.15402921072298,0.0945169310782703,0.1475861095695096,0.1357359970201103
1911,3,16,0.0811859053281094,0.0689859371903496,0.0715773524306375,0.1441954223157259,0.1428804316511755,0.2177342003804677,0.1482637413116952,0.1917307599575738,0.2242922989489903
1911,4,16,0.1627261752763928,0.0985228588368745,0.0910440439349579,0.1919296226961936,0.1576362186346333,0.2847193366962015,0.2664129917174272,0.2030130433112068,0.4186020504492443
1911,5,16,0.2795741170941968,0.2119181763042695,0.1995597313150155,0.3747368298179712,0.2914399082896988,0.4710594849220341,0.4721902567905377,0.1953541002385197,0.5507964925140361
1911,6,16,0.6391716937985923,0.3995084176866496,0.3926432531481845,0.428002885947117,0.3250386545624798,0.4797373094963041,0.6309346806563881,0.2882548490037195,0.7937055310005053
1911,7,16,0.7288624323365351,0.4313780301283271,0.6406429186397691,0.4772453318910635,0.3548788535188391,0.5121567015289044,0.6907315448442441,0.3951157114640825,0.8011402784314614
1911,8,16,0.5186735376960724,0.303463659653424,0.3863026830812013,0.4513435311882708,0.4199760628660415,0.5574048066525643,0.5609346806563881,0.3751966570596853,0.7303836183512864
1911,9,16,0.3413066684886475,0.203967048278031,0.2133904708695211,0.2449359864654395,0.2532844919682511,0.337150402637272,0.4159187085183993,0.313459964318181,0.557449787356442
1911,10,16,0.1564547497426849,0.0549061050280416,0.066669016574997,0.1927666681992562,0.216897138293017,0.2296601953676977,0.2382115929783995,0.2817555170706673,0.4290544044264414
1911,11,16,0.0879904519293465,0.054802695943328,0.0735527667510513,0.1267555086363456,0.1469496721239453,0.1706485334731173,0.0939022601152236,0.1967215366885762,0.311343592292
1911,12,16,0.0701226184221633,0.0751244822099098,0.082095058384726,0.1219753958465557,0.1545790289986011,0.1459372922282877,0.0996476790598402,0.1671582462414158,0.219113200246671
1912,1,16,0.0833317596620787,0.0728367928827044,0.0652336489129915,0.1159664480717039,0.1089280451286468,0.113854328779866,0.0827270800964935,0.1632701535729774,0.0979673195873025
1912,2,15,0.1110513130800885,0.0744099450683809,0.0644727459482634,0.0955805777264799,0.0975861965197755,0.1351658369451827,0.0911081303494903,0.1636198660141417,0.1172683129328029
1912,3,16,0.0726727676088174,0.0861813411482996,0.0670957831671689,0.1191118805934364,0.118340836364137,0.214958579180541,0.1519901294889591,0.1644902361657534,0.2283743386373319
1912,4,16,0.1447325803825658,0.114603217846114,0.0986724467946968,0.2277886508756565,0.189374135131098,0.2805654156003959,0.2790001837219556,0.184019505445817,0.4369441572531303
1912,5,16,0.3517195217797345,0.2099580272098418,0.1973928961216393,0.3186235364477033,0.2329918390843479,0.3768485099587391,0.4868953293294946,0.2405924733387555,0.5542754999054409
1912,6,16,0.533696514237995,0.4367142222832656,0.3709132642300293,0.5121019682755287,0.352303772362465,0.5248430264104577,0.6348320379061787,0.2855178053487164,0.7620092619569869
1912,7,16,0.621561465130348,0.3868944741711371,0.5502739954162217,0.5816002289682903,0.4349254872577758,0.6477737298761117,0.6270536991333171,0.3108328244311419,0.8310001795988692
1912,8,16,0.5247292805417082,0.2953503520622537,0.387712215174115,0.3935674861801364,0.344878853518839,0.4483026992470338,0.4774556996534337,0.2649894246517191,0.7507342108157884
1912,9,16,0.322389329240723,0.1648184309840436,0.2133904708695211,0.2260990301973512,0.2566986828765888,0.2969757080579445,0.4270824919096243,0.2607857451124712,0.5844554141009286
1912,10,16,0.1346930479173628,0.0744128820542403,0.053451294806446,0.1427666681992562,0.1603948098729179,0.1831611341221649,0.2175957385876709,0.2547095716465227,0.4579578578918684
1912,11,16,0.1028764515270363,0.0631829364684728,0.078116800236952,0.1166006470941738,0.1267156846317516,0.1513185484530489,0.148373501399878,0.1643756165470239,0.3090554095200537
1912,12,16,0.0782631089007372,0.0719868208198779,0.0744727459482633,0.110647921245444,0.1326048393440267,0.1606485334731173,0.100378316347344,0.1474521181173512,0.1746119356431354
1913,1,16,0.0749242586796421,0.0627383211635176,0.0743708899198906,0.0864472458608169,0.1064581613502251,0.1058032580310394,0.0846064389236834,0.1308676280772395,0.0612696624513255
1913,2,15,0.0788369067891364,0.0737708062569441,0.0703577854355433,0.1041070523855281,0.1011405253671746,0.1668040195434644,0.09246449792787,0.1540295058574133,0.1325524958117827
1913,3,16,0.0874512648111251,0.0721493870665488,0.0651572769392882,0.139062313990828,0.1345734473285616,0.224523707357982,0.135453501284481,0.1845712458852433,0.2008733419133065
1913,4,16,0.1430690085818071,0.0924211874417212,0.0836409639269031,0.1987191296737079,0.1436332134150441,0.2861559683586433,0.2754616087997364,0.1660078775476852,0.3218981212875061
1913,5,16,0.3642256928706949,0.217098743169526,0.191600545212178,0.3353243789143466,0.2486895970280979,0.4171472950974597,0.4688105918675272,0.2086399448447428,0.4749373061186741
1913,6,16,0.669372380671776,0.3464995720514292,0.4539524952659228,0.4927592469998672,0.3702094388807363,0.5543462214715673,0.6462454599530479,0.2556184984673402,0.7658564272715138
1913,7,16,0.5985402873070317,0.3784186295708501,0.5219863119827188,0.6519691521918377,0.4484612666155405,0.5574048066525643,0.6195559468947781,0.3156184984673401,0.8495059019811648
1913,8,16,0.4771274713256296,0.3320486329125299,0.3245288740662106,0.3835674861801364,0.3548788535188391,0.4393720638644105,0.5587649417711721,0.3039097852755166,0.6826886118601536
1913,9,16,0.2674977093711322,0.1708293657807628,0.2186776626002037,0.267308731943333,0.2868476359973329,0.3198321497165955,0.4271688894758878,0.2639358645230792,0.5807719284086297
1913,10,16,0.1237623602842112,0.0613443665881727,0.0921661636846935,0.1355139707687749,0.166897138293017,0.2345784355767449,0.2264129917174273,0.2468276172469863,0.4106796526242243
1913,11,16,0.0881150400667418,0.0700105946765589,0.0757808554860524,0.1119728700013397,0.1084250339911951,0.1853236401306325,0.105453501284481,0.1742572176693256,0.2355152904220095
1913,12,16,0.0801226184221634,0.064901739441296,0.0518448891976529,0.1105259919345765,0.1315460516291523,0.1049164582777105,0.0696825985241947,0.1703818668985348,0.1393625789141432
1914,1,16,0.08,0.0719868208198779,0.0588055713942746,0.094194835658378,0.1056175613809585,0.1451658369451826,0.0657351232505573,0.1683003990989194,0.0716397154236808
1914,2,15,0.0665732829027054,0.0597569145708733,0.0594021331853913,0.110647921245444,0.1074433073738191,0.194523707357982,0.0724728304152834,0.140660640314829,0.1425732002828151
1914,3,16,0.068774745338967,0.0877833202979476,0.0680627024252396,0.1334923972367621,0.1326066121758011,0.1834098539594738,0.1368569365876203,0.1526111725703747,0.2348452754420779
1914,4,16,0.1499410677206296,0.1020657493820396,0.0962981667628092,0.2108859648670841,0.146897138293017,0.3044053084802838,0.2625403028199997,0.1863348198443057,0.3886248561009379
1914,5,16,0.3531874942269475,0.2003902806060914,0.2120094814851464,0.3136826765227071,0.2486804320815191,0.4309338359234292,0.4888105918675273,0.2003933166912872,0.4885696535070725
1914,6,16,0.669372380671776,0.3220486329125299,0.3960381247910197,0.5058551076182792,0.3737772893709317,0.5820745282418384,0.6258055412136951,0.2779291813948937,0.8163534434978649
1914,7,16,0.708961725308487,0.4212756388681615,0.5250258902925617,0.6325442398393623,0.429440659580022,0.6974626513642057,0.5933475314285811,0.2954558516459593,0.9219704718450724
1914,8,16,0.5079126216496126,0.2751080020610154,0.4333989208552451,0.3197993647726434,0.2799705173403496,0.4549944578740688,0.5455881812287093,0.316154694621663,0.7498499546477824
1914,9,16,0.2925568494461361,0.1685412698658614,0.2186776626002037,0.2350711923187906,0.2565034294975769,0.320258672131968,0.4168953293294946,0.280911394111076,0.7351776572110604
1914,10,16,0.1432943724924122,0.0449061050280417,0.0706410547792316,0.1333357150372149,0.1702198256969228,0.2003097704579011,0.2514160119358661,0.2317224316660947,0.4435975986096783
1914,11,16,0.068874172923429,0.0706687353532124,0.0748769359586094,0.1019753958465557,0.1272167749871622,0.154930835377885,0.1392648917219406,0.1871582462414157,0.2107635368012531
1914,12,16,0.0926235979904215,0.0654331944918543,0.0796969827310059,0.1222933484364329,0.1416684729880893,0.1777342003804677,0.09246449792787,0.1771582462414158,0.1772247197237829
1915,1,16,0.0728931709794416,0.0617925473581558,0.0678189425404336,0.1048872884466973,0.1159768826317009,0.0978526818202177,0.085797945357861,0.1369987595120814,0.0800017728317744
1915,2,15,0.0850773424341071,0.0740179018937897,0.0767563102356446,0.106196385571014,0.1121287398657043,0.1525727644822522,0.087488491556788,0.1305004426621592,0.1100017728317744
1915,3,16,0.0790505632648582,0.0765253324628065,0.0703900874212287,0.1173758892943811,0.1359768826317009,0.1594633397289002,0.1440971309053342,0.154710576740135,0.1929280984174812
1915,4,16,0.1291484455773431,0.1040647929823155,0.0972081328178446,0.1855139707687749,0.1576362186346333,0.2896601953676977,0.2590001837219556,0.1940195054458169,0.3890544044264413
1915,5,16,0.3862307293613198,0.2074970400446445,0.234757204478768,0.2864662454971072,0.2340038977315701,0.3927474152841698,0.5177603932053869,0.227002311826314,0.4948236609678006
1915,6,16,0.6513722944861887,0.2967776342813254,0.4905163751042909,0.4044540944476939,0.3313800168897322,0.4910833065022655,0.6426760931429754,0.3192239730534524,0.7490397683794182
1915,7,16,0.7452033764864937,0.4201268733426572,0.6891406473455111,0.6263292035630649,0.4346141013010136,0.4949944578740688,0.6546251717314074,0.3724909874560766,0.7798499546477824
1915,8,16,0.5065030895566989,0.2430421389102314,0.4250258902925616,0.3018426086563595,0.2799705173403496,0.4009809152421,0.5153288216095402,0.3017262208149134,0.7597701863915111
1915,9,16,0.2879826919371187,0.2029287198186839,0.2023564429706385,0.2124324955652185,0.2536712088125216,0.3169757080579445,0.4170013692704748,0.2664558324047347,0.6604995274015816
1915,10,16,0.111425349081977,0.0807849314001688,0.0660496557423125,0.1327436660414802,0.1781201297660362,0.2001178989877926,0.2228474722140893,0.2194590594274375,0.4834104360295485
1915,11,16,0.0719072657799514,0.0702696939055553,0.0710689734033969,0.1004060861288057,0.1130122451260671,0.1477774476856138,0.1241341341986246,0.1864187040213344,0.2991089722508779
1915,12,16,0.0761517689592742,0.0721089331138002,0.0791441541170227,0.1068921033941633,0.111245415148773,0.0922774236536482,0.075335333346631,0.1785018357296215,0.1636600816978607
1916,1,16,0.0808064184533429,0.0726420800514482,0.0627835071957309,0.120647921245444,0.1206559100928533,0.1166765999443459,0.0981718430430138,0.1347641394709594,0.0912696624513255
1916,2,15,0.0828911125383562,0.0742106362842369,0.0657536866646482,0.1030114023836972,0.1145734473285616,0.140834637321646,0.0994526610248846,0.139515212772822,0.1500017728317744
1916,3,16,0.0959812619615501,0.0641496939506256,0.0736591032554287,0.130647921245444,0.1390790049666355,0.1708346373216461,0.1508943615382695,0.1803865513437431,0.2091553211495015
1916,4,16,0.1009222770593726,0.1057085997413484,0.0892846844000849,0.1913422726387654,0.1490739297620874,0.2731611341221649,0.2572849052480203,0.1801616796469429,0.3824338152184532
1916,5,16,0.3080180321976685,0.183967048278031,0.1600160390866968,0.2610650498152602,0.1855329377615079,0.356848509958739,0.4488105918675272,0.2234452000714658,0.5159506512554289
1916,6,16,0.6379126216496126,0.3185317968755542,0.3709132642300293,0.4718426086563594,0.3196014440474557,0.4497373094963041,0.6039694018201746,0.2730208452164043,0.7185429634405278
1916,7,16,0.6485402873070316,0.4084186295708502,0.515919098338995,0.7085684587746212,0.4428469460705019,0.5654123132758362,0.5884477569216837,0.3377584551488446,0.8695059019811648
1916,8,16,0.4891716937985922,0.2467142222832656,0.3791719741962784,0.2874484677032073,0.2685554905994556,0.3736080551291392,0.5295559468947781,0.2877584551488447,0.8519704718450724
1916,9,16,0.2936110027414003,0.1825347333860204,0.2516572244193582,0.223515156317294,0.258299536114621,0.3092887187258992,0.4124949137038604,0.2499306671255222,0.6482546180554352
1916,10,16,0.1046930479173628,0.0480751381037024,0.0689480391018455,0.1242909792957556,0.1576362186346333,0.1849484369585136,0.2290001837219556,0.2147650058870056,0.4724338152184532
1916,11,16,0.0858357524747672,0.0673705311917182,0.0856305427466183,0.1282246330387059,0.1439937720868011,0.1882465462397998,0.1340971309053343,0.1895121045567396,0.2758201946471684
1916,12,16,0.0737531732265489,0.063364301581911,0.0755968599139323,0.118939892631891,0.1365565954241197,0.1425727644822522,0.1028751489304889,0.178992201910531,0.1548895070140168
1917,1,16,0.082734286480303,0.0637107510702838,0.0709928669182203,0.1000019731534103,0.1004680145324309,0.0899994133426521,0.0988364309061574,0.1524246736712941,0.0979965697803002
1917,2,15,0.0743921995451669,0.058342940416545,0.0673771610809236,0.1174081485850888,0.110228076393571,0.1374429734547203,0.107488491556788,0.169315248917942,0.1050313792906066
1917,3,16,0.0779904519293464,0.074802695943328,0.0628050190298865,0.1147775283585146,0.1312695441330009,0.1499999999999999,0.1661104875341373,0.1740295058574133,0.2191275773468456
1917,4,16,0.14781406555532,0.086043188844374,0.0876136590798224,0.1779297989826854,0.1574943463580435,0.224523707357982,0.2726124706467916,0.1532060048047278,0.4018981212875061
1917,5,16,0.2964236908548407,0.2188429673518158,0.2266371455887571,0.3039094060015543,0.2353728271965175,0.4062048484253676,0.4912749261513305,0.2836593728204331,0.7440288916855561
1917,6,16,0.5739551803232625,0.3457969146755394,0.4351096235264582,0.5862699505575643,0.4199705173403496,0.6684918698911931,0.6658055412136952,0.3119264374308802,0.7685429634405279
1917,7,16,0.6035993273307427,0.3921690352519331,0.6181783487758616,0.5202407870732406,0.3970602534449553,0.4983026992470338,0.6303207135359414,0.3332854035065858,0.7696674340368372
1917,8,16,0.5565030895566988,0.2634001733771447,0.3326064982599613,0.5294710804734145,0.4477824965550872,0.5553091600122042,0.5299220700317074,0.2915115944915952,0.7403836183512864
1917,9,16,0.336477452806904,0.1736488192417475,0.2101611464858536,0.227603279883475,0.2564087315513828,0.3298321497165956,0.4086154711923359,0.3196109834396217,0.6248236609678006
1917,10,16,0.1334847889133298,0.0479484217037859,0.0610440439349579,0.1769546856970587,0.2094053652789175,0.2494008566407177,0.2090001837219556,0.2542800233210193,0.4790544044264414
1917,11,16,0.0867985460733127,0.0636746489160055,0.0731196883233245,0.0957346773668757,0.110601409124327,0.1626339961926223,0.1196012949540991,0.1504173247894377,0.2955152904220095
1917,12,16,0.0612154436515903,0.0375980862292302,,0.1076273457408168,0.1081725302940566,0.1257492849485662,0.1068030970236184,0.1794551791681555,0.1567568282895802
1918,1,16,0.0787977512119608,0.0543427665183311,0.0565533656568709,0.1086392561515117,0.103726384967764,0.1200009045356456,0.091990129488959,0.1720919189490007,0.1248384680297924
1918,2,15,0.0808064184533429,0.0740179018937897,0.0676572413308971,0.1166780921755695,0.1245734473285616,0.1416234526782078,0.1008943615382695,0.1432701535729774,0.1357359970201103
1918,3,16,0.1033200947988222,0.0516463729914209,0.063401300776867,0.165030059637372,0.1517180395906977,0.2134182443839355,0.1496012949540991,0.2160421669604026,0.2344215192222179
1918,4,16,0.1236517012819436,0.080986589757033,0.087660383910034,0.1987191296737079,0.1436332134150441,0.2522708231813813,0.2777771922489364,0.1597490107526434,0.3883643382257356
1918,5,16,0.2775933025971369,0.1925347333860204,0.1530939660169147,0.3442414770000716,0.260569538138087,0.4371472950974597,0.503490109105453,0.212957358940125,0.4807719284086297
1918,6,16,0.5611935011839435,0.3772704316840061,0.4026432531481845,0.4460697339415974,0.3018572097491793,0.4532530453874814,0.6753288216095402,0.3029573589401251,0.7862712702107988
1918,7,16,0.7288624323365351,0.3900687880105887,0.6533056894063671,0.5914541577247595,0.36470812727279,0.5153447478706434,0.6548297441414515,0.356154694621663,0.8794724001266492
1918,8,16,0.4528069047354589,0.2983387990924335,0.3936353104164345,0.3323193282605145,0.2923037723624651,0.4178125199880265,0.575494155256933,0.3141981306606093,0.7996090552447968
1918,9,16,0.3678828736741087,0.2036488192417475,0.2347727966452827,0.231043932274465,0.246242863643064,0.3055021910494778,0.4253195103843477,0.3079758151338305,0.6573712235220148
1918,10,16,0.1279860535168654,0.0608768296688503,0.0672081328178446,0.1843133213035185,0.1986804320815191,0.2464829106552638,0.237906412522164,0.2347095716465227,0.4500052158055069
1918,11,16,0.0800585893048353,0.0631829364684728,0.0700663832288316,0.1647253800252188,0.1733683761452798,0.1818880157151107,0.1476810486115587,0.1817399249041526,0.2508973580914533
1918,12,16,0.079416040171812,0.0634204237036387,0.0797417229294601,0.1185343663699132,0.1430222061593042,0.1279578397781566,0.1243845435948623,0.1410080068205819,0.1559512792902526
1919,1,16,0.0755271638396933,0.0629887867716345,0.0742247074879443,0.1048371483765578,0.1167206166897541,0.1194633397289001,0.1110517137826206,0.1595152127728221,0.1195239005216776
1919,2,15,0.0783172067124496,0.0624561036316334,0.0703577854355433,0.1041282171108605,0.1087413166818553,0.1477554893187456,0.0913480684883502,0.1632617631485157,0.1261164016541531
1919,3,16,0.097369587586484,0.0799772492097492,0.063422787147211,0.1299986803467654,0.1302305593121391,0.1777774476856138,0.1611135586939975,0.178992201910531,0.1945768796131805
1919,4,16,0.1200749680148128,0.0708768296688503,0.090922676745308,0.1813876130895397,0.1568015813129872,0.2673063370523739,0.2745132673709635,0.1580984554288417,0.3738038922073561
1919,5,16,0.3203759322915288,0.1916132720791106,0.1825324923474374,0.3669952850501944,0.268299536114621,0.4610594849220342,0.4649735929911029,0.2226517719235103,0.5185696535070725
1919,6,16,0.526877058870546,0.3337025811938107,0.3960381247910197,0.5202407870732406,0.3566337310295828,0.4736080551291391,0.6179403074008747,0.3339097852755166,0.763568805833371
1919,7,16,0.6784819085149912,0.3896809962371158,0.5881783487758616,0.6946319229584358,0.4977824965550872,0.6253091600122043,0.6137270000264212,0.3309352156913073,0.7694724001266491
1919,8,16,0.5438357168919321,0.3574451262633337,0.4400172976362022,0.3082532984022005,0.313948876410447,0.4008855850841076,0.5553288216095402,0.3829018187643794,0.7703836183512864
1919,9,16,0.3307074703545959,0.2199549189937593,0.2347397112407101,0.2611711303736704,0.2865034294975769,0.3765997505450755,0.404973592991103,0.3296109834396217,0.5744554141009286
1919,10,16,0.133217686050113,0.0640905808525834,0.0748715712031312,0.1601327145440136,0.210211435272461,0.2477013793185456,0.2482115929783996,0.2560078775476852,0.4747180240748243
1919,11,16,0.0814952914890268,0.0552444774028379,0.0676407584952878,0.1012007950913838,0.1220113180547609,0.143911994817208,0.1561104875341373,0.1884001529147961,0.3052124608571581
1919,12,16,0.0876946018094872,0.0660072248967567,0.069696982731006,0.1036501119405562,0.1188025445682754,0.1237998278113397,0.0887312782310176,0.1565424517404001,0.1867692957870713
1920,1,16,0.0740772691806797,0.0564450255229377,0.0718701531398049,0.1041948356583781,0.1102305593121391,0.1304151936741749,0.0899697234445375,0.1660421669604026,0.1090636336440626
1920,2,15,0.0658541842656913,0.0605343179680491,0.0699999999999999,0.1257346773668757,0.1493616676336069,0.181318548453049,0.0927270800964935,0.1548104883695829,0.1630127220369318
1920,3,16,0.0943921995451669,0.0580315468402495,0.068544939044836,0.1801327145440136,0.1601867358165173,0.2453236401306325,0.1260373891117288,0.2095658928748703,0.2050877539602678
1920,4,16,0.1562680139261676,0.1322143833112542,0.0925744651375956,0.1917956312440352,0.1504739059649566,0.2508438340675742,0.2648284855919461,0.1492527658297596,0.3743146409567531
1920,5,16,0.2996363900714475,0.1837129680099971,0.1800715051822402,0.3611711303736704,0.271889757994098,0.4231054497510831,0.4682029173747704,0.2364270956287111,0.5147180240748243
1920,6,16,0.6228286694897347,0.3464995720514292,0.4062777153487633,0.4658551076182792,0.341614859747941,0.4756039424569175,0.6003207135359414,0.2530263907420962,0.699862638128635
1920,7,16,0.7183787552513592,0.3811803087101693,0.5685224014424792,0.5197688667382766,0.3665388908092912,0.5174048066525643,0.5707315448442442,0.3832854035065859,0.7707342108157884
1920,8,16,0.486677650368294,0.3601268733426572,0.4123779777952021,0.3385416437872933,0.3302101078980932,0.4243462214715674,0.5312896903980457,0.3107374942731495,0.6681926576022776
1920,9,16,0.2983368024203482,0.2094350163475507,0.187957365444768,0.2752549072377601,0.2777354172364165,0.3251375154626773,0.4124183336808059,0.2509352156913074,0.5425996817836382
1920,10,16,0.1123665701601911,0.0581698124601695,0.0610440439349579,0.1417956312440352,0.1716602488640804,0.2344053084802838,0.2162528811524369,0.2617555170706673,0.4060672644460132
1920,11,16,0.0778524578981183,0.061362424282801,0.0676407584952878,0.1150864343070332,0.1308307920359672,0.1761902577713607,0.1245531077503813,0.1936198660141417,0.2301340341972483
1920,12,16,0.0782631089007372,0.0642763323401296,0.0771032620478963,0.0861150820009185,0.110601409124327,0.1037343766669595,0.1057979453578611,0.1784001529147961,0.1559512792902526
1921,1,16,0.0740772691806797,0.0638315436564605,0.0585142370662612,0.1178618555351695,0.1221287398657043,0.1377799735308298,0.0866056538011282,0.1463564310440837,0.103951756080093
1921,2,15,0.081628391324494,0.0628635159031454,0.0712421893961408,0.0939006986896642,0.1020113180547609,0.1385826867348055,0.0859097704797195,0.1411704576420909,0.0879673195873025
1921,3,16,0.0867985460733127,0.0714035133864422,0.0590022089819045,0.1464677707648261,0.1417180395906977,0.2527592633813328,0.1296012949540992,0.2056948893705876,0.2655152904220095
1921,4,16,0.1427748716130933,0.0913443665881727,0.0928686021063094,0.2488337492924374,0.1894053652789175,0.3252672071811933,0.2654590829545205,0.1785018357296215,0.3660672644460133
1921,5,16,0.3013161414789547,0.217098743169526,0.1497008208657142,0.413484141041625,0.331889757994098,0.5265997505450756,0.4579914057268076,0.232957358940125,0.4922408174353325
1921,6,16,0.6465030895566989,0.37204863291253,0.3926432531481845,0.5018426086563595,0.3577354172364165,0.4884029398146776,0.6309346806563881,0.2884157338731832,0.6523206479137491
1921,7,16,0.7094771424770879,0.4201268733426572,0.685731682301858,0.4702407870732406,0.3570602534449553,0.5034334943175439,0.6829454375439471,0.4051157114640825,0.7596674340368372
1921,8,16,0.5379126216496126,0.3468986468417543,0.3638501040057573,0.3820079423037524,0.3508855366470246,0.4379065459598027,0.5412896903980458,0.3532854035065859,0.6955133882169982
1921,9,16,0.3074977093711323,0.2056183637566941,0.2201611464858537,0.2490087007506797,0.2762888355199684,0.3371472950974598,0.4138864836942743,0.2839097852755166,0.5873712235220148
1921,10,16,0.1197461951835009,0.0525465471711525,0.0799421092460223,0.1455139707687749,0.1803948098729179,0.2794008566407177,0.2103156314615289,0.272957358940125,0.4587751775457055
1921,11,16,0.0942243908764057,0.0445213180295733,0.0792156336963144,0.0804060861288058,0.0968024858486329,0.14402921072298,0.1257351232505573,0.184710576740135,0.2729280984174812
1921,12,16,0.0802757119303219,0.0621505919534089,0.0744727459482633,0.1048371483765578,0.1209044511994204,0.13402921072298,0.075335333346631,0.1724859053816642,0.1364690904180607
1922,1,16,0.0761517689592742,0.0623221387937192,0.0699449963293138,0.0973938410027386,0.1002335047380781,0.1158032580310395,0.0979437996918305,0.1632370636925719,0.0961991244084344
1922,2,15,0.081628391324494,0.063364301581911,0.074667874570686,0.0792214797459249,0.0746000111171327,0.1325725538181107,0.0921254691046924,0.1535242338410113,0.1066019667474084
1922,3,16,0.1002667897043293,0.0756512861904159,0.0588501567893605,0.1200004531785398,0.1367132113827894,0.1800421246661017,0.1269786101899428,0.1891751723542921,0.1747266996784534
1922,4,16,0.124652851692189,0.0871300194354253,0.0881963473163743,0.1891262576936109,0.153458777506472,0.2337679568250998,0.2810914892283804,0.1748003461475555,0.3538985901535503
1922,5,16,0.2956733792050852,0.2069953397485544,0.2256284521449901,0.3260990301973513,0.2614399082896987,0.423113309627607,0.4859187085183992,0.2370023118263139,0.4934854606948597
1922,6,16,0.5716334199232962,0.3895834423519608,0.4826064982599614,0.5313435311882708,0.3732210799701912,0.5256039424569174,0.6355881812287093,0.269589218685346,0.7318439283095941
1922,7,16,0.6143862414871926,0.4143786789600989,0.6769470492755014,0.5102663014587926,0.3224055237699047,0.4884918698911931,0.7230939485447428,0.3454558516459594,0.7396674340368372
1922,8,16,0.4771274713256296,0.3337025811938107,0.4159190983389949,0.3185416437872932,0.2802101078980932,0.4026390782670348,0.5403207135359414,0.3377584551488446,0.7000888720382926
1922,9,16,0.2778062936510542,0.182928719818684,0.212571036948247,0.2373643583430882,0.2705626972358951,0.3200787579364803,0.4173834834534963,0.2242248207271538,0.639862638128635
1922,10,16,0.1108470429247687,0.0620657493820396,0.0609671148843642,0.1308859648670841,0.1790415910729461,0.2331611341221648,0.2283301687420239,0.2242572176693257,0.4842427966533063
1922,11,16,0.0748406209951329,0.0622442381950793,0.0753267573641957,0.1167555086363456,0.1317932717737539,0.1734182443839355,0.1230087938216236,0.1748104883695829,0.2707635368012531
1922,12,16,0.08178683443653,0.0572956355914833,0.0722062196525213,0.1005927903711523,0.1132170769494149,0.13402921072298,0.0799334588139976,0.1443756165470239,0.1464690904180607
1923,1,16,0.0772961896426666,0.0625480230491698,0.0691441541170228,0.1348881873607822,0.1568015813129872,0.1571921907738138,0.0941191227113023,0.1275861095695096,0.1100017728317744
1923,2,15,0.0648758815668339,0.0669073233260445,0.0685142370662613,0.0812354337043109,0.084581995790628,0.094866891675102,0.0975052110091933,0.1165424517404001,0.1434937168899968
1923,3,16,0.0960203833591324,0.0641496939506256,0.0680627024252396,0.1281074171329339,0.1093616676336069,0.1865667948322926,0.1276825398045523,0.1571582462414157,0.2001340341972482
1923,4,16,0.1227748716130932,0.0813820106474642,0.0936409639269031,0.177580576819256,0.1445815548438171,0.2482465462397998,0.2586973541571041,0.1760078775476852,0.3535975986096782
1923,5,16,0.3295741170941967,0.1971263557281185,0.181600545212178,0.2789321207276252,0.2034921238643454,0.3549130966979638,0.4559187085183992,0.2591406279149411,0.5090100204039143
1923,6,16,0.6265030895566989,0.3737025811938107,0.4239286736856914,0.3242741802522063,0.2766986828765888,0.3900787579364803,0.6639844207015277,0.2516058184755103,0.6768358202359953
1923,7,16,0.7808433251152667,0.4034001733771447,0.6401279241726909,0.5016002289682903,0.3678848878152526,0.5684918698911932,0.607478134942452,0.355744039258374,0.7972466515442981
1923,8,16,0.5835993273307427,0.3234080332536686,0.4698127252261581,0.3098613184754004,0.282303772362465,0.3836080551291392,0.6607315448442441,0.4048463670631107,0.7500888720382926
1923,9,16,0.2936110027414003,0.1951533911771547,0.2476824671986111,0.2250711923187906,0.246503429497577,0.2966039232156927,0.4164696709246074,0.323659372820433,0.5576052685540666
1923,10,16,0.1764878396230904,0.0549061050280416,0.0712249426064794,0.1303856800870866,0.1655329377615079,0.2194412823300768,0.2314495920940064,0.2534452000714658,0.4635975986096782
1923,11,16,0.0750093306080229,0.0677833202979476,0.0839899768998831,0.1016383957704462,0.1392068060914351,0.1567006161224928,0.1157351232505573,0.2110080068205819,0.3091275773468456
1923,12,16,0.0720452956731506,0.0643427665183311,,0.1072460839002629,0.1326066121758011,0.1125600863206197,0.078373501399878,0.1870542256076248,0.1979965697803002
1924,1,16,0.0628089129303093,0.0625017993000734,0.0771032620478963,0.1039006986896643,0.0874433073738191,0.0974480260528314,0.0908807058640722,0.1632370636925719,0.1361164016541531
1924,2,15,0.0746317566405266,0.0658386944169015,0.0685142370662613,0.1000019731534103,0.1064581613502251,0.1237998278113397,0.1027220212648735,0.1394551791681555,0.1395789069827329
1924,3,16,0.0668396645954088,0.0656512861904159,0.0656537777901936,0.1312007950913838,0.1399820482916425,0.1657492849485661,0.1586634117740181,0.1824556931549721,0.1801340341972483
1924,4,16,0.1578524578981184,0.0892187421582832,0.0928686021063094,0.1842375469818277,0.1625508662615534,0.2218788507685319,0.2699216450288655,0.1754136202374188,0.3635975986096782
1924,5,16,0.2836350108395508,0.2069953397485544,0.234757204478768,0.2836826765227071,0.2273362234676884,0.3676378751154411,0.4786154711923359,0.202957358940125,0.5587751775457055
1924,6,16,0.5807167815797885,0.37309458636053,0.3836097529133709,0.3682793776497633,0.2668476359973328,0.4406269189988401,0.6075137849855021,0.2479758151338305,0.6918439283095941
1924,7,16,0.6221867184582164,0.4437032502111676,0.7191406473455109,0.6982732828275701,0.4802350756305311,0.5261868763823259,0.6740891825068396,0.3432854035065859,0.7702676211120271
1924,8,16,0.4607167815797884,0.313463659653424,0.4036353104164345,0.4521165248093307,0.3786758929388587,0.4505297320915877,0.5093413205714599,0.2792381818000961,0.7103836183512864
1924,9,16,0.2679272576966357,0.2061377038076074,0.223998145362278,0.2840275720323215,0.2930064297383549,0.3684029398146776,0.3738864836942742,0.2582548490037195,0.6535830145800148
1924,10,16,0.1001425157215199,0.0668236385264122,0.0727882241404242,0.1703513906743691,0.1821252214436197,0.2349130966979637,0.214485654812371,0.2290656032496298,0.4500052158055069
1924,11,16,0.0819936137713765,0.0668224589101873,0.0758199768836347,0.1164677707648261,0.1476362186346333,0.1776002089283093,0.1037604856070948,0.1699698081768345,0.2764367517289193
1924,12,16,0.0846317566405266,0.067496180866865,,0.1216434483685574,0.1464048512921009,0.154958579180541,0.0627076926991055,0.1403818668985348,0.1619767154997904
1925,1,16,0.0814092813231942,0.0566269362455988,0.087849847202297,0.1288837380542488,0.1670263585662446,0.1477342003804677,0.0734301004872189,0.1443756165470239,0.1566794118288041
1925,2,15,0.0864845644588792,0.0642763323401296,0.0668252534222701,0.1122933484364329,0.1288039637524611,0.1734098539594739,0.0927270800964935,0.1389922019105309,0.1594064787107342
1925,3,16,0.0994160401718119,0.0709617431581242,0.072090521615672,0.1172460839002629,0.1275733564762331,0.1679578397781567,0.1345531077503813,0.1535242338410113,0.2107635368012531
1925,4,16,0.1594850908755826,0.0924211874417212,0.0976603839100341,0.2191540014962669,0.166843705979089,0.2914979548016337,0.2562643220037122,0.1554136202374187,0.3494639491501539
1925,5,16,0.3577079222158664,0.2152255590039466,0.1741877372167063,0.3206783329709897,0.2379576789445273,0.4071472950974597,0.4375787368325082,0.1791406279149411,0.5085696535070725
1925,6,16,0.6508821152271814,0.3708361311283069,0.3598448968216018,0.4497993647726434,0.3096014440474557,0.5161020985594374,0.6128191507315839,0.3117262208149134,0.7921032879287633
1925,7,16,0.688961725308487,0.3886976634407392,0.508914553521172,0.7890024457419832,0.5165980809865326,0.6974626513642057,0.5817395113553813,0.2892239730534524,0.8394605442440011
1925,8,16,0.5424416591035653,0.3151080020610154,0.3426282630142372,0.350498207748347,0.3019390967756645,0.4230499095753375,0.5455881812287093,0.2841981306606093,0.7521178444625654
1925,9,16,0.336477452806904,0.1869852661774198,0.2139981453622779,0.2196976133652037,0.237322863418851,0.3031054497510831,0.4045301452276456,0.2869992042865016,0.6223206479137491
1925,10,16,0.1499012273412118,0.0299513036632995,0.0658971665184796,0.1448439557888433,0.1908307920359672,0.2101178989877926,0.2482162774236078,0.254907537625234,0.4424338152184531
1925,11,16,0.0507232933168792,0.0567668575571897,0.0558199768836347,0.0966780921755695,0.1192842511728308,0.1366571961934847,0.1114814630802463,0.1817307599575738,0.3019309423494283
1925,12,16,0.0657662763175923,0.0568128429271436,0.0703059962669674,0.1119758367933667,0.131592776459364,0.1192969749210362,0.0796213706377746,0.1908676280772395,0.1653660830829557
1926,1,16,0.1484834713544416,0.0734771835128058,0.0660176009865425,0.0848872884466973,0.074581995790628,0.0883764583138546,0.0884662504756949,0.1575861095695097,0.0934937168899967
1926,2,15,0.0733317596620787,0.0657558038984139,0.0718701531398049,0.0829837249979552,0.0687413166818553,0.0825600863206196,0.0966056538011282,0.1745712458852433,0.1067692957870712
1926,3,16,0.0430517845704449,0.0589859371903496,0.0471776829837097,0.1426439122256034,0.1469496721239453,0.1959372922282877,0.1400868600473545,0.1591751723542921,0.2413990583875434
1926,4,16,0.1288746261019688,0.0761012744637461,0.0986724467946968,0.1848439557888432,0.1490739297620874,0.2522708231813813,0.2722053426268885,0.1847095716465228,0.388916078665162
1926,5,16,0.3180180321976685,0.1751533911771548,0.1254419532459096,0.3035962789564436,0.2244017902412966,0.3319036078816254,0.4363315618094862,0.2147650058870056,0.5290100204039143
1926,6,16,0.6779126216496125,0.3221983315076869,0.3598448968216018,0.4897993647726433,0.331614859747941,0.4526390782670347,0.679555946894778,0.252957358940125,0.6818439283095941
1926,7,16,0.688961725308487,0.3979419099666952,0.5981783487758616,0.6196661143836028,0.4500546267004687,0.6053447478706433,0.6548297441414515,0.3092239730534524,0.6911402784314613
1926,8,16,0.5191716937985923,0.2634001733771447,0.5887613188329894,0.4437042113472707,0.3906090449443783,0.4830499095753375,0.5417395113553813,0.3192239730534524,0.7999895790663408
1926,9,16,0.3479826919371186,0.1708601392264575,0.192270045404375,0.2169952850501944,0.2462024379537049,0.3197740643845271,0.4125947319668703,0.3159540077484793,0.6250823270530681
1926,10,16,0.1508470429247687,0.0613443665881727,0.065441742581768,0.1213876130895397,0.1719053760157599,0.1861902577713607,0.2473449388526868,0.2926517719235104,0.4587751775457055
1926,11,16,0.0800817155307307,0.0582045620114167,0.0685973447364632,0.1164677707648261,0.1390739297620874,0.169140292721489,0.1211106132680585,0.2293391633960231,0.2597625801663578
1926,12,16,0.0712693798788945,0.0561794831626979,0.0779400945196842,0.1019758367933667,0.1132170769494149,0.126676599944346,0.1026024919590982,0.1640295058574133,0.1653660830829557
1927,1,16,0.0769024318029145,0.0629887867716345,0.0751251237903935,0.1119758367933667,0.1021287398657043,0.1294633397289001,0.0954178692871309,0.1508676280772394,0.1430127220369318
1927,2,15,0.0754725991522743,0.0746160375326732,0.052864742505298,0.1100004531785398,0.1209044511994204,0.1508910119913073,0.0934862129531807,0.1369987595120814,0.1225524958117827
1927,3,16,0.0767985460733127,0.0539789005192753,0.0709854988526118,0.1325718806295805,0.114654263133205,0.204958579180541,0.1587689222903092,0.181008006820582,0.2610283740710174
1927,4,16,0.1512977304499678,0.0594700249447752,0.0945321739070682,0.1844201995689833,0.1607135761301953,0.2427592633813328,0.288330168742024,0.1743605307106729,0.3635975986096782
1927,5,16,0.3095741170941967,0.2228985075919919,0.2478176257221709,0.3040925238793275,0.2294053652789175,0.3200460546843456,0.4869703539948058,0.2799306671255223,0.491172450026905
1927,6,16,0.6679126216496126,0.3546676351641735,0.4486357780419556,0.4782532984022006,0.3377354172364165,0.4306269189988401,0.628764941771172,0.3361396757403099,0.7158564272715138
1927,7,16,0.7898730328690635,0.3384186295708502,0.4923779777952021,0.7209729770386711,0.4559187045320486,0.6612543581102983,0.6148297441414514,0.3406180308418191,0.8714554773779941
1927,8,16,0.5308821152271813,0.2190827592817625,0.3791719741962784,0.3791898801897946,0.2999760628660415,0.4374048066525644,0.5574189447652107,0.2859540077484793,0.7398499546477824
1927,9,16,0.2626767454775505,0.1901102239158165,0.2420828828242452,0.211833297431167,0.2266986828765888,0.2931689360273624,0.4485574052719713,0.2582548490037195,0.5673712235220149
1927,10,16,0.1346088502903046,0.0156218821787786,0.0682513537774296,0.1242375469818277,0.1684250339911951,0.2186499265405795,0.2362528811524369,0.2447650058870056,0.4392523704051526
1927,11,16,0.0833317596620787,0.0560440793851058,0.0918448891976529,0.069522580868443,0.0752304335782179,0.1296032699791136,0.1440971309053342,0.1995121045567396,0.2590554095200537
1927,12,16,0.0872961896426666,0.056719385808847,0.073492996868279,0.1022489102973766,0.1287212409981798,0.107072920482365,0.0966056538011282,0.1847827445669269,0.1293625789141432
1928,1,16,0.0736017072523646,0.0722353717359391,0.0623222338946015,0.098939892631891,0.0930122451260671,0.0899141033187643,0.0855586538600352,0.170660640314829,0.1241083720387627
1928,2,15,0.0818339200324599,0.0755125202848858,0.0618817299992491,0.0885343663699132,0.1026048393440267,0.1279578397781566,0.0898080990845661,0.160660640314829,0.1202755923071488
1928,3,16,0.0937531732265489,0.0464339960117391,0.0680627024252396,0.1381074171329339,0.1317932717737539,0.1568040195434644,0.16,0.1936198660141417,0.2088850577074834
1928,4,16,0.1580956526693538,0.0853207810562605,0.0842401377447266,0.199054089866819,0.1514898970515101,0.2441675962567751,0.2510667897724367,0.1945886076009412,0.3540938435325621
1928,5,16,0.3113161414789547,0.1980289240065294,0.191600545212178,0.3090530847732067,0.2417138115949047,0.3734078575677492,0.4625947319668704,0.2225993244732117,0.490796492514036
1928,6,16,0.6424416591035654,0.327270431684006,0.4094689393087328,0.3707706087553951,0.25867210379004,0.3880772722058518,0.6393413205714599,0.3439097852755166,0.7151776572110605
1928,7,16,0.7287228079179768,0.3196809962371157,0.6518531605491009,0.4035674861801364,0.303948876410447,0.4316596853025533,0.5948297441414515,0.5282007267126784,0.7303836183512864
1928,8,16,0.4828069047354589,0.2574420187235213,0.4507902912572621,0.3751763375578259,0.3478610662350213,0.3716596853025533,0.5332855777258241,0.3603816412806296,0.6633138651880219
1928,9,16,0.2976480308158998,0.1668615184583542,0.2247397112407101,0.2229834579714267,0.2462024379537049,0.3235932908824239,0.4125947319668703,0.3182548490037195,0.5782806973029979
1928,10,16,0.1356296815597746,0.0497494132508919,0.0712249426064794,0.1613977387343088,0.1836056008564516,0.2347366984118993,0.2582115929783996,0.287489784304483,0.4614886996911569
1928,11,16,0.085070558494443,0.0667668575571897,0.0841917930696692,0.0968742009432013,0.0994803599404626,0.1687313564485207,0.1376810486115587,0.1901616796469429,0.2668005259348908
1928,12,16,0.0775134290749407,0.0662670337314099,0.0718817299992491,0.0910668947972006,0.1074433073738191,0.1416234526782078,0.1076174655351359,0.1620919189490007,0.1519522312877061
1929,1,16,0.07178683443653,0.0722353717359391,0.0743708899198906,0.1189866174621026,0.1338069540886451,0.1337998278113397,0.0982352336524604,0.1776318827198717,0.1457799984219946
1929,2,15,0.0661517689592741,0.0570028315460835,0.0742241272354135,0.0707243372160765,0.0650297165238001,0.083854328779866,0.1052025339264781,0.2136517370003816,0.1130127220369318
1929,3,16,0.0949298872381647,0.0714035133864422,0.0593066762060529,0.1708720222600719,0.1642445547677076,0.2418788507685318,0.1455343170891244,0.190660640314829,0.2229280984174812
1929,4,16,0.1427748716130933,0.096101274463746,0.0827808188334595,0.189944707264292,0.1651573351558094,0.224523707357982,0.3030052753995391,0.1963564310440837,0.3869441572531303
1929,5,16,0.3189125754207007,0.2336488192417475,0.190603389144125,0.3479565382386337,0.2617500182715009,0.3917539092864683,0.4475787368325082,0.2569992042865017,0.5473100515965675
1929,6,16,0.6291716937985923,0.3138880145084856,0.4383713798131351,0.4804831888669938,0.3560152753735752,0.4632530453874814,0.6455881812287093,0.3195892186853459,0.7739558162195403
1929,7,16,0.577065510872472,0.3265824901773295,0.808012521814484,0.4520079423037523,0.3468803392494676,0.4748430264104577,0.6384477569216838,0.4196484088625872,0.8000888720382926
1929,8,16,0.4747292805417081,0.2637032502111676,0.4589712873230948,0.3260697339415974,0.313948876410447,0.4076471863406335,0.5434482245472049,0.3632854035065859,0.7311402784314613
1929,9,16,0.3523583139650541,0.1280289240065294,0.3221889227652255,0.2385683338538378,0.2579305379116079,0.340258672131968,0.3953195103843476,0.3346949355994996,0.629800684425878
1929,10,16,0.1372471919075263,0.0525465471711525,0.100827028541814,0.1635186854809761,0.1973315390224802,0.2494872542069812,0.1899216450288654,0.2807276791921066,0.4436380242990374
1929,11,16,0.0753214187842459,0.0796320741555458,0.0728050190298865,0.1210270544177827,0.1303948098729178,0.1918880157151107,0.1057795613896136,0.2275532885075875,0.2813990583875434
1929,12,16,0.0765732829027054,0.0734204237036387,0.082095058384726,0.1778677469676953,0.2055329377615079,0.1661902577713607,0.1205933019913018,0.1951755493196744,0.1785356860231479
1930,1,16,0.0943921995451669,0.0636513674836545,0.0614279848489964,0.1295775873294983,0.1498731522768297,0.1596633035837802,0.0954178692871309,0.1389922019105309,0.1490718361387841
1930,2,15,0.0795973305232806,0.0751244822099098,0.0776372574794583,0.1120481041359437,0.1216684729880893,0.1608910119913073,0.081990129488959,0.133237063692572,0.1248384680297924
1930,3,16,0.0842466609891696,0.0937984112896121,0.0685743388634694,0.1434923972367621,0.1345734473285616,0.2072023164185829,0.1181900852628248,0.2163564310440837,0.2076065959284344
1930,4,16,0.1379446894089785,0.0897494132508919,0.1006496032412981,0.1747253800252188,0.1071817189572072,0.254508621521631,0.2480968289430815,0.154360530710673,0.3483643382257356
1930,5,16,0.3462307293613198,0.2003368482921634,0.2478277679441982,0.3769952850501943,0.278299536114621,0.4365997505450755,0.4282029173747703,0.2190656032496298,0.4985696535070725
1930,6,16,0.6324416591035654,0.3968944741711371,0.5186357780419556,0.53762891663327,0.3568803392494675,0.5649944578740688,0.6712896903980458,0.3870000180615868,0.6758564272715138
1930,7,16,0.7214184127627913,0.4165824901773295,0.6881783487758617,0.6893387553665525,0.4588761095548256,0.5972587354090337,0.585494155256933,0.3459540077484793,0.8099895790663407
1930,8,16,0.4665030895566988,0.334378678960099,0.3460436703167117,0.4021165248093306,0.3244487676536208,0.4265374688468279,0.4742568217085757,0.3224909874560767,0.7216015486215248
1930,9,16,0.2568307111620628,0.1830539870073944,0.2677268512211381,0.2114873800379222,0.2245029606315328,0.2671472950974597,0.3920869437491904,0.2755178053487164,0.5693342574316378
1930,10,16,0.1405176212919864,0.0640647929823155,0.0747888484488498,0.1624419685555257,0.1813252886709692,0.2305212821058637,0.2354158356493743,0.2474897843044829,0.4142427966533062
1930,11,16,0.090275711930322,0.0609185317306833,0.0579146335912442,0.0999447072642921,0.1298731522768297,0.1734182443839355,0.1158564904402073,0.2242572176693257,0.2433370346904496
1930,12,16,0.0775134290749407,0.0646862777569388,0.082783507195731,0.0979659999340679,0.0974943463580435,0.1434182443839355,0.0890667906796606,0.1564187040213345,0.2091884324297272
1931,1,16,0.0681099812351218,0.0708130398275198,0.0740800426008599,0.096196385571014,0.0983848377660213,0.1153821650137723,0.0994879215965856,0.164782744566927,0.1357359970201103
1931,2,15,0.0701226184221633,0.0729375415833399,0.0690997976004021,0.0849671974789717,0.071592776459364,0.1151658369451826,0.1105933019913018,0.1534451377489725,0.1694064787107342
1931,3,16,0.0954725991522744,0.0660440793851059,0.0679095747596242,0.1382982922021591,0.1511405253671746,0.1584484899098775,0.1275932653387088,0.1940295058574133,0.2576149863528961
1931,4,16,0.1430690085818071,0.1237260935549899,0.082148003133065,0.1727666681992561,0.123458777506472,0.2258429801815458,0.2510667897724367,0.1744902361657534,0.4114886996911568
1931,5,16,0.279760137790513,0.2374970400446444,0.1825324923474374,0.3504002707410935,0.2714399082896988,0.3907405641497136,0.4485254693364808,0.2439358645230792,0.496996604703429
1931,6,16,0.6509761411989576,0.4301268733426572,0.4094689393087328,0.3342741802522063,0.2415382797248865,0.4140839553340374,0.6554941552569331,0.3732854035065859,0.6827605666531018
1931,7,16,0.6896070640859828,0.5342906392593787,0.5802739954162217,0.5831793941011697,0.3811478027845546,0.495653212678822,0.6355881812287093,0.3492239730534524,0.6424994412159943
1931,8,16,0.4487354913988294,0.3510352877757752,0.3800172976362022,0.3802975208751633,0.3534013318580628,0.4197590742505798,0.6197561635107449,0.2739097852755165,0.7595414898396038
1931,9,16,0.2995525058944187,0.2256183637566941,0.2505070638790984,0.2247167044215897,0.2565155649988156,0.2892136940605879,0.4410894928366557,0.2632597667567911,0.6218439283095941
1931,10,16,0.128818880187721,0.0580931534302071,0.0632843824378322,0.1608859648670841,0.1953728271965175,0.2368696274995343,0.2395604860374385,0.3109808657876626,0.5118346170844016
1931,11,16,0.0778524578981183,0.0718982808106677,0.0763728764272078,0.1191262576936109,0.1145357816934549,0.1549484369585135,0.1440122048877573,0.1713498639906756,0.3052124608571581
1931,12,16,0.0882631089007373,0.0660928833745857,0.0774710019951407,0.1072234000705483,0.1479709224269824,0.13402921072298,0.0936626032946098,0.1435242338410113,0.1667568282895802
1932,1,16,0.0861919763681832,0.0650494126838344,0.0612421893961407,0.1516434483685574,0.1790739297620874,0.164930835377885,0.0747216466574916,0.1170542256076248,0.1090636336440626
1932,2,15,0.094673152423761,0.0678052164762168,0.0594021331853913,0.1279952501270657,0.1542445547677076,0.181318548453049,0.0887312782310176,0.1250177461342246,0.113951756080093
1932,3,16,0.095038202770468,0.0677315311293718,0.0672508583356275,0.1416383957704463,0.1394803599404626,0.18338515450353,0.1493446204123175,0.1947827445669269,0.1990554095200537
1932,4,16,0.1369239240190209,0.087948421703786,0.0946237260849494,0.199054089866819,0.1614898970515101,0.2601178989877926,0.2968219279903956,0.1895658928748703,0.3869441572531303
1932,5,16,0.3127297906068527,0.1874869143998755,0.209059446535018,0.3036367046458028,0.2301556769286731,0.393113309627607,0.4570824919096243,0.2167004191477809,0.4892523704051525
1932,6,16,0.5886735376960723,0.3746676351641735,0.4422554613747116,0.4299620115940242,0.3261213153145553,0.4556658961596744,0.6114890989002977,0.3009352156913073,0.773568805833371
1932,7,16,0.6785402873070316,0.4600320331223656,0.6741235468739555,0.6096077355915622,0.4265388908092913,0.5852638022750405,0.6538685116512325,0.2908328244311419,0.8110001795988692
1932,8,16,0.4309761411989576,0.363463659653424,0.4436353104164345,0.3851763375578259,0.3639519839502593,0.4895087890315448,0.5157589074747585,0.4260387855713677,0.7163534434978649
1932,9,16,0.2841985518377755,0.2652431605845752,0.2616572244193581,0.2318332974311669,0.2666986828765888,0.3371472950974598,0.3910894928366557,0.3319264374308802,0.6482546180554352
1932,10,16,0.1315180851490324,0.0673347350146466,0.0735619538087135,0.1055139707687749,0.1471817189572072,0.1996601953676977,0.2338718930402673,0.2974897843044829,0.4790544044264414
1932,11,16,0.1017777589061351,0.0623966525978015,0.0806060119778452,0.1319728700013397,0.1414898970515101,0.1708087311257871,0.105453501284481,0.184019505445817,0.3268307381615829
1932,12,16,0.090765735176557,0.0729887867716345,0.0812421893961408,0.1358188749939338,0.1774501147861046,0.1749585791805409,0.0696213706377746,0.170660640314829,0.2034937168899968
1933,1,16,0.0778576478063948,0.0742106362842369,0.0896969827310059,0.1119509116344715,0.1119674182581698,0.1171921907738138,0.104878829734081,0.1594551791681555,0.1557799984219946
1933,2,15,0.0861919763681832,0.0735926497810081,0.0665533656568709,0.101235433704311,0.1059768826317009,0.1551658369451826,0.1020633048408768,0.1569987595120814,0.1148895070140168
1933,3,16,0.1030054255053841,0.0788526189543471,0.0759513624837765,0.1241144576924928,0.1192842511728308,0.2034182443839355,0.1354620497465474,0.1817399249041526,0.2510283740710174
1933,4,16,0.1527748716130932,0.1030608808616738,0.1062981667628091,0.1908960384382186,0.1698731522768297,0.2753236401306325,0.2884903663946937,0.2045886076009412,0.2983643382257356
1933,5,16,0.3203759322915288,0.177098743169526,0.1406466364492712,0.3187738578924708,0.2373362234676884,0.3769757080579444,0.4682029173747704,0.203259766756791,0.4913440370664202
1933,6,16,0.5653100300019557,0.4368986468417544,0.3838030246870866,0.6139919219892713,0.4019390967756645,0.6161868763823259,0.6342568217085758,0.2396840589056375,0.7585429634405279
1933,7,16,0.6461195048144924,0.393547769013543,0.6233989208552452,0.6331793941011695,0.4329036798724246,0.5960708791430664,0.6559843345159404,0.3620086107179462,0.8619704718450723
1933,8,16,0.5108821152271814,0.3237032502111676,0.4833989208552451,0.3720079423037524,0.3278610662350213,0.4583026992470338,0.5739844207015277,0.3711685554370795,0.6421178444625654
1933,9,16,0.2674977093711322,0.1856183637566941,0.1460303228858221,0.2173087319433329,0.2068476359973329,0.3065751864396692,0.3920869437491904,0.3184157338731832,0.5925996817836381
1933,10,16,0.1201425157215199,0.0367102192624892,0.116669016574997,0.1403856800870866,0.1655329377615079,0.2297018481845897,0.2393050879471145,0.286700419147781,0.4653256985675812
1933,11,16,0.0650356390300885,0.0489859371903496,0.086702025327417,0.0772234000705483,0.0898295590678096,0.1436723246519693,0.1296012949540992,0.2080984554288417,0.2627449856947148
1933,12,16,0.0832180448090509,0.0561794831626979,0.072864742505298,0.129062313990828,0.1568015813129872,0.1246883157385229,0.0898080990845661,0.1837639040062499,0.16793111863592
1934,1,16,0.0762180074620401,0.0548291206397356,0.0699999999999999,0.1427781090505315,0.166843705979089,0.1359372922282877,0.0812921342967394,0.1440295058574133,0.2010682144504352
1934,2,15,0.0679904519293465,0.0600105946765589,0.1315932008469437,0.1241963268513716,0.1367206166897541,0.1922400097599588,0.0696213706377746,0.1199474661690717,0.1346119356431355
1934,3,16,0.1030054255053841,0.0626591837753958,0.064023984400908,0.1091871127764925,0.0951573351558094,0.1772023164185828,0.1521495980889202,0.1917307599575738,0.1719741896545744
1934,4,16,0.1312444504104555,0.1053401684536485,0.0976603839100341,0.1909994418591903,0.1479709224269824,0.2746383269767115,0.2378297260798647,0.1971438669112383,0.4140938435325622
1934,5,16,0.3149576109542656,0.2028985075919919,0.1914174324894116,0.3769952850501943,0.2890724044943685,0.486419498657204,0.4595521577459593,0.2964516597341174,0.4869441572531303
1934,6,16,0.6116334199232962,0.3283387990924336,0.4580067042263346,0.4882532984022006,0.3618572097491793,0.5279065459598028,0.6395559468947781,0.3474990955296755,0.7402988405283979
1934,7,16,0.6521867184582164,0.5098035126576064,0.6482139366343007,0.6570579158539266,0.403949690185532,0.4953091600122044,0.5608561168219609,0.4472567158416062,0.8103836183512865
1934,8,16,0.4249439068650263,0.2446676351641735,0.4089712873230947,0.4333125455347873,0.3408594573994619,0.476186876382326,0.5562454599530479,0.3096109834396218,0.7111402784314613
1934,9,16,0.3025108775692317,0.197894932554371,0.2472744972439411,0.2750810073998336,0.2639488764104469,0.3856039424569174,0.3663315618094862,0.3259540077484794,0.5773712235220148
1934,10,16,0.1339606072304622,0.0634931423130743,0.065429275084277,0.1547608379161217,0.1701556769286731,0.2364829106552638,0.2248284855919461,0.2390656032496299,0.4635975986096782
1934,11,16,0.0835598030132621,0.0477833202979476,0.0680627024252396,0.1121532620938826,0.1247594210911439,0.1785482437257542,0.1361104875341373,0.1771582462414158,0.3076149863528961
1934,12,16,0.0779904519293464,0.0651244822099098,0.0860176009865424,0.1079952501270656,0.1193741351310979,0.1526037839659302,0.085335333346631,0.1421227323704231,0.1493005366717332
1935,1,16,0.0776714084706384,0.0730406186273547,0.0701503399340369,0.1212007950913838,0.1285561186342793,0.1311693411139952,0.100378316347344,0.1276293568746557,0.1589879371153373
1935,2,15,0.0642243908764057,0.0771969782613269,0.0646754750913363,0.0872460839002629,0.0974433073738191,0.16402921072298,0.0799999999999999,0.1347105767401351,0.0734937168899967
1935,3,16,0.1122909280911697,0.0875758747964413,0.0586365003136387,0.1195775873294982,0.1288039637524611,0.18338515450353,0.1376006706456735,0.1803818668985348,0.2519309423494283
1935,4,16,0.1265015186642458,0.0773347350146466,0.08606760745067,0.1701327145440136,0.1393743457952395,0.2596601953676978,0.2623699510074295,0.1521227323704231,0.2900397221505063
1935,5,16,0.2818009516876756,0.1990260800745823,0.2870367850204324,0.2764662454971072,0.2240038977315701,0.3618705224770527,0.4541645459241704,0.2547650058870057,0.5396989330184383
1935,6,16,0.6116334199232962,0.3551080020610154,0.4786357780419557,0.4782532984022006,0.3577354172364165,0.5509809152421,0.6620278567404739,0.3432854035065859,0.7104845085202285
1935,7,16,0.7183452533968435,0.4437282179436055,0.6481329910386979,0.580087552385058,0.4074285003118273,0.5484918698911931,0.6237270000264212,0.428343779080235,0.8198499546477824
1935,8,16,0.449644781678824,0.263463659653424,0.4022412526280678,0.3739544965663057,0.3132210799701912,0.4395087890315448,0.5517395113553812,0.3408328244311419,0.6811402784314614
1935,9,16,0.3025568494461361,0.1676010606784354,0.253998145362278,0.203515156317294,0.2229575496716305,0.2900787579364803,0.4110894928366557,0.3207374942731495,0.605280048471226
1935,10,16,0.1408250845579005,0.0308768296688503,0.0828686021063094,0.1379633791408257,0.1613252886709692,0.2294008566407177,0.2299216450288654,0.277489784304483,0.4238985901535502
1935,11,16,0.0936231936227087,0.0577833202979476,0.0839899768998831,0.1248439557888432,0.1170263585662446,0.1753236401306325,0.1508943615382695,0.1867215366885762,0.2564367517289194
1935,12,16,0.0769024318029145,0.0664450255229377,0.0652336489129915,0.1167555086363456,0.1490739297620874,0.1434098539594738,0.1110517137826206,0.1832701535729775,0.1512696624513256
1936,1,16,0.0772961896426666,0.0624109332029238,0.0736550378844287,0.066196385571014,0.1183848377660213,0.1374480260528314,0.0896502428002197,0.1663564310440837,0.1658597271123714
1936,2,15,0.0905581919110408,0.0486796723278114,0.069396924047783,0.1220724409068545,0.1046766701470951,0.130148090810958,0.066405647352193,0.1584231550725722,0.1219522312877061
1936,3,16,0.0961517689592741,0.0814035133864422,0.0672508583356275,0.0841963268513716,0.1049764364842879,0.1841775966683714,0.1186634117740181,0.1948003461475555,0.2093005366717332
1936,4,16,0.1538413704024007,0.0739611568455052,0.0853518586235008,0.1148439557888432,0.1290739297620874,0.2365045218550418,0.2151296613217381,0.2067215366885763,0.3718981212875062
1936,5,16,0.3103759322915287,0.2496179867913119,0.1778277679441982,0.4073087319433329,0.2723632923613641,0.4097740643845271,0.3891795900705403,0.2242248207271538,0.5607719284086297
1936,6,16,0.6838357168919321,0.3211704936291263,0.3321579074895565,0.6498486349945478,0.4825681705912855,0.6474048066525643,0.6270679078799608,0.2655178053487164,0.7951776572110605
1936,7,16,0.6492564716214808,0.454640945097629,0.4406429186397691,0.4997688667382765,0.3065388908092913,0.5257928370973803,0.5903207135359414,0.3041981306606093,0.8898499546477824
1936,8,16,0.4902177041116997,0.3296809962371158,0.3106817087516837,0.4113435311882708,0.3352045211276648,0.4439959156333171,0.3407870850199898,0.3024909874560767,0.7621178444625654
1936,9,16,0.2629666968027565,0.1652431605845752,0.1934105962659027,0.3034841410416251,0.2868476359973329,0.3131689360273624,0.3341645459241704,0.2730263907420962,0.7518439283095941
1936,10,16,0.0880612856999215,0.0280931534302071,0.0733776387575755,0.1190540898668191,0.1504739059649566,0.2122708231813812,0.2688377329004466,0.230161679646943,0.5561003498505859
1936,11,16,0.0748406209951329,0.0626591837753958,0.0690084611493347,0.0978677469676953,0.1404739059649566,0.1718788507685319,0.1214522128872486,0.1651755493196744,0.3413990583875433
1936,12,16,0.0869245655637189,0.0664450255229377,0.0418448891976529,0.1182246330387059,0.2117324166908723,0.189140292721489,0.085335333346631,0.1665424517404001,0.1866019667474084
1937,1,16,0.0883542407206803,0.0637708062569441,0.0585973447364631,0.0979952501270656,0.1142445547677075,0.1196032699791136,0.0782352336524604,0.1564187040213345,0.1566794118288041
1937,2,15,0.0916283913244941,0.0783429404165449,0.0535362082957198,0.0464472458608169,0.1125500465312996,0.1406927650450563,0.0834862129531806,0.1503865513437431,0.1043448327799186
1937,3,16,0.0779904519293464,0.0599772492097492,0.0694021331853913,0.0520481041359437,0.1056175613809585,0.1616234526782078,0.1371363248937369,0.1965424517404,0.2810283740710174
1937,4,16,0.1178607903855317,0.0935074498954245,0.1051466124173055,0.2300384024972717,0.1578173002011848,0.3297018481845897,0.1902541890870173,0.1597490107526434,0.4528466685095401
1937,5,16,0.2964236908548407,0.2068615184583541,0.2381928288942898,0.4949359864654395,0.3262428636430641,0.5038074636313912,0.403490109105453,0.2401105813210099,0.4577900328513844
1937,6,16,0.6813722944861887,0.413463659653424,0.490993094708446,0.5555120685637636,0.4208855366470246,0.5348430264104577,0.518764941771172,0.3296109834396217,0.8262712702107988
1937,7,16,0.6709906977327598,0.415960619785736,0.5081329910386978,0.9334896207728548,0.4898514908883248,0.6740778605118443,0.562027856740474,0.3858972739465566,0.8311402784314613
1937,8,16,0.3762440767922091,0.3120486329125299,0.1900195914009293,0.5499882594131061,0.4488761095548256,0.5657928370973804,0.5770679078799608,0.3119264374308802,0.7900888720382926
1937,9,16,0.309918105197894,0.1985412698658614,0.1939981453622779,0.2411711303736703,0.236503429497577,0.3240839553340374,0.404973592991103,0.3109352156913073,0.6523206479137491
1937,10,16,0.1331117199052566,0.0553207810562605,0.0126242028747898,0.1773565564378907,0.193306103168029,0.249213694060588,0.2510998796528422,0.2726517719235104,0.4635975986096782
1937,11,16,0.0625242848639851,0.0647049657943308,0.0636591032554287,0.0750300596373719,0.123458777506472,0.1805299577094929,0.1227076926991055,0.2110080068205819,0.3444215192222178
1937,12,16,0.0828089129303092,0.0581243865925135,0.0707790271490124,0.1123702774870265,0.1205721589313292,0.1399999999999999,0.0833573855500852,0.1847827445669269,0.2025732002828151
1938,1,16,0.0820452956731506,0.0643427665183311,0.0496969827310059,0.0904060861288057,0.0809044511994204,0.1366571961934847,0.0963988744662817,0.1470542256076247,0.0348384680297924
1938,2,15,0.0884327533000988,0.0577010951524489,0.0712421893961408,0.1279297989826854,0.1639937720868011,0.2087313564485207,0.0522930166708867,0.1300766864422993,0.0541976465046062
1938,3,16,0.0826235979904214,0.0653656293820885,0.0660682593588229,0.126467770764826,0.1417180395906977,0.2611560976315401,0.1183233613297385,0.1875532885075875,0.2377899705288912
1938,4,16,0.1229812253089571,0.0594700249447752,0.0769720586500904,0.2047253800252189,0.1639937720868011,0.3041675962567751,0.3304408986502395,0.1780984554288417,0.4138985901535502
1938,5,16,0.3328850955289098,0.2099580272098418,0.2047480395321892,0.3253243789143465,0.254107918365361,0.4148132784349538,0.3904290505530764,0.2447650058870056,0.689862638128635
1938,6,16,0.5949439068650264,0.3310352877757752,0.4222554613747116,0.4002975208751633,0.2999148909405942,0.4718743116258715,0.4417655906029439,0.3541981306606092,0.836071053594832
1938,7,16,0.6598730328690635,0.3565824901773295,0.5207902912572622,0.561783884861807,0.4389582828418915,0.5355734444225506,0.4897561635107449,0.3876644291770683,0.9696674340368372
1938,8,16,0.4908821152271814,0.2483387990924336,0.3700172976362021,0.4063521238446302,0.3824674774726617,0.5765374688468279,0.4834482245472048,0.2608328244311418,0.959541489839604
1938,9,16,0.3794890938963589,0.1801102239158165,0.1639981453622779,0.1640275720323215,0.2430064297383548,0.3757665892782983,0.3772887855073021,0.2630263907420962,0.7007719284086297
1938,10,16,0.1475933025971368,0.0492187421582832,0.0747888484488498,0.2050392563833001,0.1569194803007798,0.2162048484253677,0.217906412522164,0.2832597667567911,0.5614886996911569
1938,11,16,0.0853214187842459,0.0480405516206773,0.0492156336963144,0.0819296226961937,0.1109791779813586,0.1947193366962014,0.1069786101899428,0.1642800233210193,0.318374338637332
1938,12,16,0.0901226184221633,0.0732539474630904,0.0749774839193049,0.1226439122256034,0.1184250339911951,0.1171468503230395,0.0952025339264781,0.1832617631485157,0.1419767154997903
1939,1,16,0.0812693798788946,0.0718688992201561,0.078375301921153,0.1089866174621027,0.1156175613809585,0.1584484899098775,0.0833573855500852,0.1348104883695828,0.0579673195873025
1939,2,15,0.0872961896426666,0.0596320741555458,0.0692451942733266,0.1334923972367621,0.1293616676336069,0.2026037839659303,0.0659097704797194,0.1257892014173297,0.0920494237891783
1939,3,16,0.0965732829027053,0.0476264061485997,0.0732199983802007,0.1195775873294982,0.1167206166897541,0.184930835377885,0.1230087938216236,0.1511704576420909,0.1993005366717332
1939,4,16,0.1711675213598619,0.0934931423130743,0.1227882241404242,0.1842909792957556,0.1445815548438171,0.2898155002897549,0.2642484301011991,0.1751191163702352,0.4300397221505063
1939,5,16,0.3380180321976685,0.2585412698658614,0.1814404346471876,0.3335962789564436,0.2301556769286731,0.4208757700030647,0.3788105918675273,0.1456603830255882,0.5842754999054408
1939,6,16,0.6274158167107222,0.3611704936291263,0.4547435003895288,0.4482532984022006,0.3218572097491793,0.5179065459598028,0.5295559468947781,0.2839097852755166,0.883568805833371
1939,7,16,0.6583452533968436,0.3468944741711371,0.524185835011695,0.6196077355915622,0.3565388908092912,0.5256532126788218,0.6789982815169442,0.3524909874560766,0.9096090552447968
1939,8,16,0.456677650368294,0.3113542085480957,0.3463026830812012,0.5303822986980519,0.4224055237699047,0.5654123132758362,0.6420278567404739,0.276154694621663,0.9798499546477824
1939,9,16,0.2425568494461361,0.2104126226138542,0.2447397112407101,0.3176032798834751,0.2715382797248865,0.3610594849220341,0.5227372637050987,0.2520923439518427,0.8018439283095942
1939,10,16,0.1368694230504946,0.0413820106474642,0.0527882241404241,0.180885964867084,0.1790415910729461,0.2086499265405795,0.2285726472602139,0.2825993244732117,0.5024338152184532
1939,11,16,0.0762686658343206,0.0497477687570059,0.0705653287010593,0.0582246330387059,0.1108307920359673,0.1776002089283093,0.1127076926991055,0.1794590594274374,0.2787204493269425
1939,12,16,0.0799943988939317,0.0570028315460835,0.0692451942733266,0.0619758367933667,0.0881725302940566,0.0949916904607666,0.07,0.1700766864422992,0.1508539381624453
1940,1,16,0.0858541842656912,0.0563555428572217,0.0733790368374869,0.1196092984310127,0.0912695441330009,0.1106417260608318,0.0882352336524603,0.2082283675028965,0.0857359970201103
1940,2,15,0.0761517689592742,0.0680168531106093,0.0590084611493347,0.1224235575265388,0.1464581613502251,0.116452498929718,0.0855567241030144,0.1866559287325063,0.0919767154997903
1940,3,16,0.0958541842656913,0.0541496939506256,0.0832199983802007,0.1205259919345766,0.1412695441330009,0.1449164582777105,0.1114522128872486,0.1917307599575738,0.2710007615124249
1940,4,16,0.1656421490572656,0.0722344589949297,0.0926242028747898,0.2044201995689832,0.1779709224269824,0.2582465462397998,0.2922053426268886,0.1743605307106729,0.4340938435325621
1940,5,16,0.3483932353697874,0.210519500879319,0.1995597313150155,0.5242741802522063,0.3313800168897322,0.4851375154626772,0.4882029173747704,0.2553541002385197,0.6142754999054408
1940,6,16,0.5793573617904229,0.3311704936291263,0.3909930947084459,0.5949615439685031,0.4165756456975144,0.6160453647575147,0.6439694018201746,0.2884157338731832,0.832009261956987
1940,7,16,0.7398730328690636,0.5100537978766414,0.4619863119827188,0.4339919219892712,0.3633767677526563,0.5484918698911931,0.6884477569216838,0.3596109834396217,0.8894605442440011
1940,8,16,0.5224416591035653,0.2979325987415027,0.3322412526280678,0.2268345005827606,0.3470602534449553,0.4397590742505798,0.4733475314285811,0.359589218685346,0.9039932416425058
1940,9,16,0.3248235045256232,0.2174970400446445,0.1672973028956347,0.1485683338538379,0.2226100551495336,0.2943729115381119,0.2872887855073022,0.3330263907420961,0.6407719284086297
1940,10,16,0.1364547497426849,0.0810793388328499,0.0344524452166913,0.2143133213035185,0.1986804320815191,0.2244281141319773,0.2354158356493743,0.2803933166912872,0.3691098386669242
1940,11,16,0.0890505632648581,0.0805343179680491,0.0710689734033969,0.0572234000705483,0.0998295590678096,0.1648586675510931,0.1199590589225549,0.2160078775476852,0.3275508375846464
1940,12,16,0.0643166976891751,0.0752003888893692,0.0889489920767186,0.0906109179521535,0.0948995074336942,0.113911994817208,0.0782637413116953,0.1410212503030371,0.1626452318788381
1941,1,16,0.0769024318029145,0.0634204237036387,0.0729757737911301,0.1076219173963096,0.1364581613502251,0.0992788143694077,0.0684662504756948,0.1878097489671986,0.0861164016541531
1941,2,15,0.075038202770468,0.0742763323401296,0.0778189425404335,0.0978618555351695,0.1316766754828108,0.126220624846317,0.082966280750432,0.1620919189490007,0.0246119356431354
1941,3,16,0.074316697689175,0.0879928747827515,0.0670957831671689,0.1885343663699132,0.144855069294638,0.1816234526782079,0.1096012949540992,0.1880984554288417,0.1933370346904496
1941,4,16,0.0888746261019687,0.0522344589949297,0.0934512948064459,0.1919728700013397,0.1467156846317516,0.2549122302819174,0.2662528811524369,0.1745712458852433,0.3253256985675812
1941,5,16,0.3377079222158664,0.2428985075919919,0.2066371455887571,0.3986235364477032,0.292991839084348,0.4192136940605879,0.4477276899532523,0.2393391633960231,0.5322740141748123
1941,6,16,0.6465030895566989,0.4283387990924335,0.5106817087516838,0.5098613184754005,0.3573429888152325,0.5336080551291391,0.6903207135359414,0.2874990955296754,0.8337055310005053
1941,7,16,0.6983452533968435,0.5612756388681616,0.5450029700109962,0.8630104981403807,0.504722683806592,0.6774626513642057,0.6511151295864506,0.3420086107179462,1.0498499546477824
1941,8,16,0.5379126216496126,0.3074420187235214,0.3550258902925616,0.3021019682755286,0.2766337310295828,0.3863027854326211,0.5053288216095402,0.3174990955296755,0.9996090552447968
1941,9,16,0.3027714434237446,0.2011034547518488,0.227782285461621,0.297603279883475,0.2615382797248865,0.3298321497165956,0.3595521577459594,0.2979291813948937,0.7048236609678007
1941,10,16,0.117936486914257,0.086043188844374,0.075441742581768,0.1413422726387654,0.1576925933042946,0.204167596256775,0.2362528811524369,0.2525993244732116,0.6442754999054408
1941,11,16,0.0879904519293465,0.0452444774028379,0.0648769359586095,0.1546106159899009,0.1319674182581699,0.1385712458835303,0.1308621022475619,0.1871582462414157,0.3075508375846464
1941,12,16,0.0902667897043293,0.0723221387937192,0.0797417229294601,0.1541282171108605,0.1191199460440806,0.1149164582777105,0.0776638246001966,0.1432701535729774,0.1281087367861685
1942,1,16,0.0926235979904215,0.0666269362455988,0.0670957831671689,0.0929194343990123,0.1115844439719507,0.1023183647310933,0.0833573855500852,0.2224119955096616,0.0841976465046062
1942,2,15,0.0636017072523646,0.0761794831626979,0.0752336489129915,0.0729837249979551,0.0974934474439586,0.1006417260608318,0.0782352336524604,0.1847683674667524,0.0861991244084344
1942,3,16,0.0928931709794416,0.0850627923418625,0.074431350165029,0.1673758892943811,0.1573836873557759,0.1525600863206196,0.1647545557512716,0.2071582462414157,0.2491553211495015
1942,4,16,0.1247325803825657,0.0981698124601695,0.0781963473163743,0.2313977387343088,0.1884250339911951,0.3322708231813813,0.2448284855919461,0.1694590594274374,0.4453256985675812
1942,5,16,0.3774749037194387,0.2388659695095919,0.219059446535018,0.278704043837357,0.2417601604935282,0.387637875115441,0.3985254693364809,0.2616058184755102,0.4208006651846533
1942,6,16,0.6538357168919321,0.3321983315076869,0.3794443752033265,0.4682532984022006,0.3318572097491793,0.4481239059447885,0.6532855777258241,0.3439097852755166,0.5439558162195404
1942,7,16,0.6903283306481885,0.485898666082979,0.6141235468739557,0.6698486349945478,0.4424674774726617,0.5149944578740688,0.4686625505110066,0.3719264374308803,0.819460544244001
1942,8,16,0.4308821152271813,0.2195084176866495,0.2864772438927965,0.3935674861801364,0.3408855366470246,0.4671481088725449,0.4795559468947781,0.3470000180615867,0.8816015486215248
1942,9,16,0.2922832892997429,0.1952533028066026,0.2434105962659026,0.2229834579714267,0.2412296954449645,0.343408526585106,0.3886154711923358,0.3576644291770684,0.789862638128635
1942,10,16,0.1332943724924122,0.0486373979732583,0.0480789255054309,0.0987191296737079,0.154535781693455,0.2444281141319774,0.1944856548123709,0.2701105813210099,0.4869441572531303
1942,11,16,0.0836017072523647,0.0421493870665488,0.0795720970896129,0.1779297989826854,0.1576362186346333,0.1626037839659302,0.0994361725901986,0.1460421669604026,0.2115030790213344
1942,12,16,0.082406626128019,0.0396320741555458,0.0558199768836347,0.0806109179521536,0.1011405253671746,0.1303801376442199,0.0545169310782703,0.168992201910531,0.1566019667474084
1943,1,16,0.0817608088034429,0.0459224966590014,0.0737342774094241,0.0952827093371285,0.1064581613502251,0.1226787786274754,0.0814105861030644,0.1608676280772394,0.1119686079845349
1943,2,15,0.0808058292573793,0.0682330792875217,0.0641917930696693,0.0767555086363455,0.149374135131098,0.1896633035837802,0.07246449792787,0.150660640314829,0.1541108452877249
1943,3,16,0.0855109035261254,0.0465079606783467,0.0739188317257684,0.1850864343070332,0.1662649210418874,0.2527592633813328,0.1330087938216236,0.234019505445817,0.2391275773468456
1943,4,16,0.1628246093502874,0.0840905808525834,0.1314518754984629,0.1552111412039234,0.1484250339911951,0.3203097704579011,0.1726124706467916,0.2217224316660947,0.3956946967705943
1943,5,16,0.3245675500407886,0.2136488192417475,0.2426846890534122,0.3279565382386337,0.2821252214436197,0.4635932908824239,0.4738864836942743,0.2364558324047346,0.3810452519276995
1943,6,16,0.697065510872472,0.2979325987415027,0.4139524952659228,0.5824981215627598,0.4232210799701912,0.563433494317544,0.5060845750835842,0.330478828187882,0.739800684425878
1943,7,16,0.6584819085149912,0.3583719958319135,0.4998127252261581,0.4595045823279303,0.3686758929388587,0.5079211024936048,0.7616775509022237,0.413847824822359,0.9396090552447968
1943,8,16,0.4557086735061897,0.2930945863605301,0.4100172976362022,0.3102975208751633,0.3334013318580627,0.4443462214715673,0.6011151295864505,0.4072567158416061,0.9196674340368372
1943,9,16,0.2692744436645226,0.1861377038076073,0.2376824671986111,0.2559493316021943,0.267322863418851,0.330258672131968,0.3914427511918145,0.359589218685346,0.8118439283095942
1943,10,16,0.1398736147826192,0.04,0.0632843824378322,0.1424419685555257,0.1553498250387415,0.2462048484253677,0.251353959920876,0.2799306671255223,0.5453256985675812
1943,11,16,0.0794850908755825,0.0658008367835573,0.0710689734033969,0.0845755599599458,0.1503948098729179,0.1665667948322926,0.1496825985241948,0.2026111725703747,0.2968005259348908
1943,12,16,0.0653576834147858,0.0642763323401296,0.0809270700151792,0.133658762044626,0.1803948098729179,0.154930835377885,0.0676144300640411,0.1884001529147961,0.1308539381624453
1944,1,16,0.0828931709794417,0.0730406186273547,0.052864742505298,0.0404060861288057,0.1209044511994204,0.123911994817208,0.0633867853687187,0.1184001529147961,0.0661164016541531
1944,2,15,0.065038202770468,0.0677010951524489,0.0431196883233245,0.1020481041359437,0.1138745017953523,0.1571921907738138,0.0484662504756948,0.1294551791681555,0.0982996118553937
1944,3,16,0.0779904519293464,0.0568276680477956,0.0764796877914901,0.1416383957704463,0.1473100313069055,0.2036723246519693,0.0847545557512716,0.1840295058574133,0.2547266996784535
1944,4,16,0.1548241325604469,0.1002769129573517,0.1106410547792317,0.1819728700013397,0.1667156846317516,0.2637679568250998,0.2390001837219556,0.1856603830255883,0.3435975986096782
1944,5,16,0.3177079222158664,0.2108293657807628,0.1733991464731502,0.2389321207276252,0.2234921238643454,0.3837611159229078,0.4225392977263874,0.2891406279149411,0.5982806973029979
1944,6,16,0.6338357168919321,0.3371432335848007,0.35947311197935,0.4798613184754004,0.3230064297383549,0.4106269189988402,0.722027856740474,0.3156184984673401,0.7839558162195404
1944,7,16,0.6683452533968435,0.2741021872574527,0.488339880831534,0.680087552385058,0.4224674774726616,0.5754706920678767,0.6871904243004514,0.3406180308418191,1.0763305232162994
1944,8,16,0.456677650368294,0.2768986468417543,0.3436353104164344,0.3751763375578259,0.3739519839502593,0.5805297320915879,0.6532855777258241,0.4654253536115925,0.9995414898396038
1944,9,16,0.2688780690757012,0.15000870731189,0.1721889227652255,0.2022394977820978,0.2479305379116079,0.323408526585106,0.3559187085183992,0.313659372820433,0.7264371767317613
1944,10,16,0.1297702113616476,0.0413820106474642,0.0327882241404241,0.1356933771173596,0.1821252214436197,0.2227474152841697,0.1843822513913993,0.2480889824385346,0.4394639491501538
1944,11,16,0.0748406209951329,0.066374526939123,0.0676407584952878,0.0737986922948396,0.113458777506472,0.1726339961926223,0.1042105501692572,0.1948003461475555,0.2647266996784535
1944,12,16,0.0850356390300885,0.0753547356681252,0.067849847202297,0.1399447072642921,0.1576925933042946,0.1648586675510931,0.0795419272679164,0.1757892014173296,0.2872247197237829
1945,1,16,0.0701226184221633,0.0723221387937192,0.0620950583847259,0.0551771988208373,0.1190790049666355,0.1505084499939182,0.074612588240652,0.1824119955096615,0.0923715971402611
1945,2,15,0.0667985460733126,0.0660072248967567,0.063198845670429,0.1100004531785398,0.1130222061593042,0.1471921907738139,0.0810517137826206,0.1303865513437431,0.1441976465046062
1945,3,16,0.0843166976891751,0.0565253324628065,0.0809854988526118,0.1748881873607822,0.1267206166897541,0.229140292721489,0.0973382153061445,0.1895121045567396,0.2513889327427744
1945,4,16,0.1527261752763928,0.0710664987893074,0.1158971665184797,0.2717956312440353,0.1636056008564516,0.2898971015636016,0.2925938655508241,0.2391716431906101,0.3628466685095401
1945,5,16,0.3249484460076868,0.2148184309840436,0.3215191153042369,0.3642414770000716,0.240569538138087,0.413113309627607,0.6007870850199897,0.303659372820433,0.4229847776246613
1945,6,16,0.5786735376960723,0.3671432335848006,0.5300172976362022,0.4682532984022006,0.3277354172364165,0.4897590742505798,0.7393413205714598,0.3532854035065859,0.6639558162195404
1945,7,16,0.6289617253084869,0.3943525997125363,0.5901279241726909,0.7863292035630648,0.4946141013010137,0.6164075472379329,0.7025246616793642,0.4853226012569186,0.9095414898396038
1945,8,16,0.4474158167107223,0.3374420187235213,0.3736353104164345,0.3807328911625539,0.4324055237699047,0.5265374688468278,0.7312896903980457,0.326154694621663,0.7207342108157884
1945,9,16,0.2427714434237445,0.2436488192417475,0.2537449587667221,0.211043932274465,0.2162428636430641,0.3097740643845271,0.4227372637050987,0.2939097852755166,0.6898006844258779
1945,10,16,0.1346930479173628,0.066692091681488,0.0566035654306168,0.1209994418591903,0.1614898970515101,0.2650881766811107,0.2402854192348369,0.2786399448447427,0.5779578578918684
1945,11,16,0.0911859053281094,0.0421493870665488,0.0885973447364631,0.1736587620446261,0.1619053760157599,0.1587313564485207,0.1401643051287502,0.1626111725703747,0.2368005259348908
1945,12,16,0.0805904938967264,0.0742106362842369,0.0776372574794583,0.1519758367933667,0.101592776459364,0.1522723484491002,0.0814517046251604,0.1948104883695828,0.1667568282895802
1946,1,16,0.0717777589061351,0.0726899237461073,0.0662491140536011,0.129062313990828,0.1242445547677076,0.0984484899098775,0.0698080990845662,0.1870440999628558,0.0704173668152775
1946,2,15,0.0646317566405265,0.0741456708202272,0.0630176383335532,0.0985039165357783,0.120228076393571,0.1530279777548224,0.0640971309053342,0.1403865513437431,0.0626452318788381
1946,3,16,0.1001226184221633,0.0871672577918644,0.0659513624837765,0.1319672883313002,0.1249764364842879,0.1867006161224927,0.0696213706377746,0.1963564310440837,0.2301340341972483
1946,4,16,0.1378607903855317,0.0973068439176373,0.1248715712031312,0.1790540898668191,0.1445790289986011,0.3198971015636016,0.2343721778202648,0.2360567576144095,0.4810452519276996
1946,5,16,0.3292255635977982,0.1619181763042695,0.2055031849562796,0.3560659447927787,0.2579576789445272,0.4407405641497136,0.4320869437491904,0.249625973573569,0.6607719284086297
1946,6,16,0.6743862414871925,0.2779325987415026,0.3826432531481845,0.4285416437872932,0.3023037723624651,0.4156039424569174,0.5787649417711721,0.3131049545765234,0.8768358202359954
1946,7,16,0.7186430396617054,0.4300320331223656,0.509672626393566,0.6338752258629802,0.429440659580022,0.5855734444225504,0.5907315448442442,0.388343779080235,0.9095414898396038
1946,8,16,0.5579126216496125,0.287270431684006,0.3738501040057573,0.3413435311882707,0.3152045211276648,0.4330499095753375,0.4108561168219609,0.356154694621663,0.8895414898396038
1946,9,16,0.2627714434237446,0.1808246813355546,0.1734346043640532,0.271345824952998,0.2402094388807363,0.2984029398146776,0.2721902567905376,0.3017262208149134,0.7550823270530682
1946,10,16,0.1297267914326396,0.0790830263082909,0.0677360804387594,0.2260742730842578,0.1878173002011848,0.2396071502383956,0.2182115929783995,0.2471438669112382,0.5729847776246613
1946,11,16,0.090275711930322,0.046966039576643,0.0702008712861954,0.0891118805934364,0.1317180395906977,0.2408087311257871,0.1246870080445645,0.1699698081768345,0.3827679878524908
1946,12,16,0.0890059778697723,0.0555927266392538,0.0862491140536012,0.1319728700013397,0.1809791779813586,0.1513185484530489,0.0833867853687188,0.1898940338551437,0.2457359970201103
1947,1,16,0.0830651489807956,0.0630930443526109,0.0667563102356447,0.1341144576924928,0.1151780396268418,0.153911994817208,0.085797945357861,0.1793152489179421,0.0430127220369317
1947,2,15,0.079602539660889,0.0586796723278114,0.0693413226947853,0.1178059213435587,0.1227825493386905,0.0777984298041455,0.0664459600622116,0.170686546510688,0.0702755923071488
1947,3,16,0.0573780894592073,0.0768224589101873,0.0677900454538489,0.1047775283585146,0.1487413166818553,0.120148090810958,0.0841341341986247,0.2263564310440837,0.2060755927374924
1947,4,16,0.1311230832208056,0.0808768296688502,0.084408443814807,0.1564354320756847,0.153458777506472,0.2649484369585136,0.2814495920940064,0.2317555170706673,0.4869441572531303
1947,5,16,0.3083932353697874,0.2038879521859923,0.2615191153042369,0.3991085190136896,0.3115209180091887,0.5851375154626773,0.3941645459241705,0.2320923439518427,0.5376052685540665
1947,6,16,0.5596447816788241,0.4157969146755393,0.4591569553149253,0.5047251544073138,0.4219390967756645,0.5730499095753375,0.488764941771172,0.330618030841819,0.8390397683794182
1947,7,16,0.6783452533968435,0.4611803087101692,0.6012180062872936,0.7563292035630648,0.4846141013010137,0.6660708791430665,0.565494155256933,0.3851275673467306,0.969541489839604
1947,8,16,0.4211468674450067,0.3095834423519608,0.3626282630142371,0.4502407870732406,0.4225681705912855,0.6554706920678768,0.3908561168219608,0.4051157114640825,0.9199895790663408
1947,9,16,0.2731156499235005,0.1514508212576017,0.1974476243404022,0.2744540944476939,0.2987051891946126,0.4356658961596744,0.3859187085183992,0.3381546084360757,0.7558564272715138
1947,10,16,0.1246930479173628,0.0627773934859052,0.1151091985236161,0.1679633791408257,0.2033683761452798,0.2147366984118993,0.1777771922489363,0.2907857451124712,0.4590544044264414
1947,11,16,0.0514122695863516,0.0577833202979476,0.0690084611493347,0.0502742726539142,0.1228804316511755,0.10338515450353,0.0769604496383143,0.2097490107526435,0.2375508375846464
1947,12,16,0.0744547506499089,0.0731460701893906,0.072864742505298,0.0873758892943811,0.1211405253671746,0.0857492849485662,0.0817433755764839,0.1503818668985349,0.1941108452877249
1948,1,16,0.0711859053281094,0.0535926497810081,0.0612421893961407,0.0549800375225141,0.1044552793907116,0.0443389440541873,0.0327270800964934,0.1571582462414157,0.0504074057820403
1948,2,15,0.0928089129303093,0.039145745670183,0.0715604023279452,0.1141963268513716,0.1209044511994204,0.1796032699791137,0.076405647352193,0.1520919189490007,0.0947051919628788
1948,3,16,0.0961517689592741,0.0652753820647014,0.0769873471918359,0.2397612605131232,0.1898731522768297,0.3173063370523739,0.1451246087236269,0.2149400858701526,0.2242922989489903
1948,4,16,0.1553470188928032,0.0708768296688503,0.1048715712031312,0.2169546856970587,0.1690415910729461,0.3494872542069812,0.2882162774236079,0.2051191163702352,0.3035975986096783
1948,5,16,0.3095741170941967,0.2129287198186839,0.1595597313150155,0.3051292582391552,0.2799627154351521,0.4000787579364803,0.3627698119500173,0.2532604357741479,0.4877900328513844
1948,6,16,0.6091716937985924,0.4401268733426572,0.3831278608956254,0.3160697339415974,0.3136500912717263,0.4156039424569174,0.5242568217085758,0.2830263907420962,0.6550823270530681
1948,7,16,0.7194771424770879,0.5443525997125362,0.5618531605491011,0.8709988599456346,0.4784612666155405,0.6754123132758363,0.6538685116512325,0.2917262208149134,0.8196674340368373
1948,8,16,0.466677650368294,0.3613542085480957,0.3006817087516837,0.3098613184754004,0.3385554905994555,0.3661020985594374,0.6195559468947781,0.2792239730534523,0.7721178444625654
1948,9,16,0.2524704518798726,0.217894932554371,0.2537449587667221,0.2285683338538378,0.2726100551495336,0.320258672131968,0.3295521577459593,0.2956184984673402,0.7327605666531019
1948,10,16,0.1182354321843375,0.0456218821787786,0.0595263849571421,0.0875495179314118,0.1640038977315701,0.1568696274995343,0.204828485591946,0.2826517719235104,0.5569441572531303
1948,11,16,0.0757662763175923,0.0526591837753958,0.0588501567893605,0.1119728700013397,0.1608307920359673,0.1826037839659303,0.1213480684883502,0.1844902361657533,0.3164367517289194
1948,12,16,0.0802004064754976,0.0646862777569388,0.069696982731006,0.1621532620938826,0.21350219743548,0.2533540956156859,0.0771363248937369,0.1524859053816643,0.1891884324297272
1949,1,16,0.080765735176557,0.0635926497810081,0.0731196883233245,0.0902742726539142,0.1768015813129872,0.1700955569800297,0.0476638246001966,0.1608676280772394,0.1341157773457274
1949,2,15,0.0940772691806797,0.0664450255229377,0.067849847202297,0.1291118805934364,0.1452500712228648,0.2410157188881975,0.0627076926991055,0.1520919189490007,0.07
1949,3,16,0.0907232933168793,0.0816496620978179,0.0593066762060529,0.1379952501270656,0.1185561186342793,0.1836723246519694,0.1314774924954284,0.2008676280772395,0.1919309423494282
1949,4,16,0.1194001648580055,0.0853207810562605,0.1158971665184797,0.1668294185083482,0.1608307920359673,0.2961559683586433,0.2326402144494475,0.2390656032496299,0.3790544044264413
1949,5,16,0.2657035914317772,0.2048184309840436,0.2111157350034571,0.2879565382386338,0.2517500182715009,0.4298321497165955,0.3725392977263875,0.2107857451124711,0.5013471446062325
1949,6,16,0.4982071107018322,0.4441021872574527,0.3860381247910197,0.4650810073998335,0.3302094388807364,0.4356039424569174,0.5714890989002978,0.3507374942731496,0.4235830145800147
1949,7,16,0.6109906977327597,0.4821690352519331,0.5102739954162216,0.5613435311882709,0.4202101078980932,0.5113166462480376,0.6003207135359414,0.4463893780358697,0.8696090552447968
1949,8,16,0.5261195048144924,0.3774420187235213,0.3163026830812012,0.3597993647726433,0.3599705173403497,0.3943462214715674,0.573783733828344,0.3620086107179462,0.5847264740605483
1949,9,16,0.3302168903366146,0.2256183637566941,0.1777822854616211,0.3107706087553951,0.3376773513160519,0.4816596853025533,0.3670824919096244,0.353847824822359,0.7918439283095942
1949,10,16,0.1470988059621349,0.0366252932449122,0.060827028541814,0.1660742730842578,0.2116602488640803,0.2352672071811933,0.2210998796528422,0.3162714078462459,0.5647180240748243
1949,11,16,0.0623484096085626,0.0608045716998912,0.0709270700151792,0.183858725899506,0.172738873541275,0.2418880157151107,0.1484534104321525,0.2099698081768345,0.321343592292
1949,12,16,0.0833317596620787,0.0737107510702838,0.0694021331853913,0.0668742009432013,0.1167156846317516,0.1367006161224928,0.122875148930489,0.1780984554288417,0.1919522312877061
1950,1,16,0.0749298872381647,0.0553547356681251,0.0846678745706859,0.0707243372160765,0.0525500465312996,0.1083557538428221,0.10246449792787,0.1700766864422992,0.1180510707488265
1950,2,15,0.0870256598977678,0.0580168531106093,0.0682257513280115,0.0364728459693742,0.0665068576869256,0.1496032699791136,0.0855342725400694,0.1803865513437431,0.1612021147446184
1950,3,16,0.0899943988939317,0.074802695943328,0.0679095747596242,0.1141954223157259,0.1328804316511755,0.2405299577094929,0.1220205793230939,0.2251755493196744,0.1708973580914533
1950,4,16,0.1547325803825658,0.077948421703786,0.0692846844000849,0.1769546856970587,0.139041591072946,0.280309770457901,0.1728474722140892,0.2021227323704232,0.4391451789274742
1950,5,16,0.3327835789249833,0.2374415739491011,0.204757204478768,0.3460659447927787,0.2779576789445273,0.4043729115381119,0.3810894928366557,0.300911394111076,0.4522408174353325
1950,6,16,0.6291149599966696,0.4111704936291263,0.4385350849233318,0.5776289166332699,0.3768803392494675,0.5109809152421,0.5617395113553812,0.3920086107179462,0.7551776572110604
1950,7,16,0.6483333975141955,0.3937032502111676,0.4394066576104851,0.7698486349945478,0.4800546267004687,0.5591171232190615,0.7316775509022238,0.4554253536115925,0.8896090552447968
1950,8,16,0.4891716937985922,0.3252078203240253,0.3155082670306921,0.6507328911625538,0.4324055237699047,0.6656532126788219,0.5039694018201746,0.373847824822359,0.7921178444625654
1950,9,16,0.3318576308948557,0.2274970400446445,0.202571036948247,0.2442741802522062,0.239548996597157,0.3380772722058519,0.3582230427711519,0.2809352156913074,0.7035830145800147
1950,10,16,0.1261411662029973,0.0457085997413483,0.0412249426064794,0.1228453488563055,0.1395608446943201,0.2511289565986206,0.1893050879471145,0.2617555170706673,0.5187751775457055
1950,11,16,0.090275711930322,0.0622442381950793,0.0856305427466183,0.0667679761338366,0.0819674182581699,0.1496633035837802,0.1587312782310176,0.2221227323704231,0.3591275773468456
1950,12,16,0.0748758815668339,0.072192736712067,0.0665533656568709,0.0204060861288057,0.0773100313069055,0.0757492849485662,0.0621254691046923,0.1832617631485157,0.2312696624513256
1951,1,16,0.0778576478063948,0.072192736712067,0.0797417229294601,0.0363218861313855,0.0662562709378175,0.0905084499939182,0.0833573855500852,0.1565424517404001,0.1061164016541531
1951,2,15,0.0955271638396933,0.0760072248967567,0.0772794309319264,0.0626242745809566,0.0381725302940566,0.1716234526782079,0.0880324448854499,0.1364187040213345,0.1719686079845349
1951,3,16,0.0992828322914401,0.0714035133864422,0.0728050190298865,0.1059499596370179,0.1056175613809585,0.1222723484491001,0.0796825985241947,0.1843756165470239,0.2544215192222179
1951,4,16,0.1229812253089571,0.0810793388328499,0.0680789255054309,0.1527436660414802,0.146897138293017,0.2301178989877926,0.284485654812371,0.2254136202374188,0.4138569373366583
1951,5,16,0.3228850955289098,0.177098743169526,0.1847480395321892,0.3356933771173596,0.2255329377615079,0.3493197340015682,0.4985574052719713,0.2167004191477809,0.4150725119720252
1951,6,16,0.5916334199232962,0.3371432335848007,0.3572421003017693,0.37525490723776,0.2973228634188509,0.4132530453874815,0.7520278567404739,0.2955178053487164,0.7623206479137491
1951,7,16,0.6991404743822215,0.3084186295708502,0.4833989208552451,0.4576289166332698,0.3432210799701912,0.4320745282418383,0.7682113673604944,0.3970000180615868,0.8426886118601536
1951,8,16,0.5692564716214809,0.2405533957580297,0.3137547738477649,0.4694710804734146,0.4411478027845545,0.5669435364625008,0.6142568217085758,0.316154694621663,0.9116015486215248
1951,9,16,0.2699181051978939,0.1608293657807628,0.2556690514981258,0.2673643583430883,0.3005626972358951,0.4031744815530543,0.4182230427711519,0.2795892186853459,0.7218439283095941
1951,10,16,0.1605176212919863,0.0610664987893074,0.0695457887080032,0.2386007307960096,0.2090724044943685,0.2993197340015682,0.1899216450288654,0.2917224316660947,0.351172450026905
1951,11,16,0.0837614613701263,0.0516496620978179,0.0703900874212287,0.0761978047551998,0.1288039637524611,0.2026037839659303,0.1324261055850717,0.1892931915191187,0.2847313841236617
1951,12,16,0.0833317596620787,0.0506687353532124,0.0631313531865811,0.0600004531785398,0.1398295590678096,0.1972023164185828,0.0296825985241947,0.1543756165470239,0.1758201946471684
1952,1,16,0.0811274764906768,0.0715389718708615,0.0781879433510887,0.0458584074591367,0.1226048393440267,0.0677554893187455,0.0499697234445375,0.1769987595120813,0.0541157773457274
1952,2,15,0.069602539660889,0.0735926497810081,0.0712421893961408,0.0648371483765578,0.0945734473285616,0.1437343766669594,0.0761073315187784,0.1402320468332618,0.0546119356431355
1952,3,16,0.0908058292573792,0.0572251283869067,0.0790824258159424,0.1748371483765578,0.1332170769494149,0.1908910119913073,0.1392648917219406,0.1626111725703747,0.1876065959284344
1952,4,16,0.14781406555532,0.0897494132508919,0.0736409639269031,0.245004153441513,0.1701867358165173,0.3645784355767449,0.2310667897724366,0.1925993244732117,0.3300052158055069
1952,5,16,0.3136042373938561,0.1774869143998755,0.1362874331475928,0.3638972705003156,0.2373362234676884,0.4169757080579445,0.4649735929911029,0.2399306671255222,0.4885696535070725
1952,6,16,0.5828069047354589,0.3421983315076869,0.3539286736856915,0.4985416437872933,0.2923037723624651,0.4440578760864747,0.5908561168219609,0.3624909874560766,0.6939558162195403
1952,7,16,0.6383333975141955,0.4851377500365192,0.4802739954162216,0.4916002289682902,0.3725681705912854,0.5030499095753376,0.5211151295864506,0.4859227883321085,0.7198499546477825
1952,8,16,0.4107167815797885,0.2313542085480957,0.3338501040057573,0.3273699038687802,0.3237772893709316,0.3597590742505798,0.582027856740474,0.3611685554370795,0.613313865188022
1952,9,16,0.2026767454775504,0.1211034547518487,0.2220828828242453,0.2304002707410935,0.2371113517708883,0.215055628436192,0.3653195103843476,0.2878959846554139,0.697449787356442
1952,10,16,0.1202617860129687,0.0375008403172286,0.0563011121887482,0.1619296226961936,0.1376925933042946,0.1641675962567751,0.2417108459918866,0.3136130251119498,0.6124338152184532
1952,11,16,0.0662500622178102,0.0752771366828718,0.0868252534222702,0.1072234000705483,0.0974943463580435,0.1003801376442199,0.1755567241030144,0.2347641394709593,0.3329280984174811
1952,12,16,0.0779904519293464,0.0644099450683809,0.0769288929284111,0.0551771988208373,0.0899820482916425,0.0830715709638424,0.1012921342967394,0.1932701535729775,0.2053660830829557
1953,1,16,0.0808154232337706,0.0638315436564605,0.072783507195731,0.1072460839002629,0.1387212409981798,0.1124052247784478,0.0755342725400694,0.1584345959238474,0.0661164016541531
1953,2,15,0.0811859053281094,0.0764450255229377,0.067849847202297,0.1276219173963096,0.1112695441330009,0.1174429734547203,0.0634862129531807,0.1432370636925719,0.0699460269175266
1953,3,16,0.0908058292573792,0.0602902773677023,0.0648352325545909,0.2127781090505315,0.2098731522768297,0.3265045218550418,0.0874366493800391,0.2317399249041526,0.2817969508972698
1953,4,16,0.1214460535530095,0.0980931534302071,0.0882513537774296,0.1960742730842578,0.1904739059649566,0.3155617110483769,0.2280617729131265,0.2198979638733875,0.3987751775457054
1953,5,16,0.2683932353697874,0.217894932554371,0.1462232843793432,0.3514873800379223,0.272644561494533,0.408044075466372,0.4538864836942743,0.2832604357741479,0.4606162406261644
1953,6,16,0.5608821152271813,0.3957969146755394,0.3660436703167116,0.8038752258629803,0.5247081272727899,0.7554123132758362,0.712027856740474,0.223659372820433,0.6168358202359953
1953,7,16,0.6684819085149912,0.3974451262633336,0.5615860666917731,0.5996661143836027,0.3724674774726617,0.5754706920678767,0.5782113673604944,0.3470000180615867,0.8610001795988691
1953,8,16,0.449372380671776,0.3234080332536686,0.3426064982599613,0.2924981215627596,0.2578848878152526,0.4930499095753375,0.4808561168219609,0.3532854035065859,0.7826886118601537
1953,9,16,0.2749732031207803,0.1508293657807628,0.192915243448003,0.3434091163763139,0.2815382797248865,0.353408526585106,0.5242855584845993,0.3461396757403099,0.7104845085202285
1953,10,16,0.115341943688255,0.0573347350146467,0.0482513537774297,0.2464662454971072,0.1979576789445273,0.326848509958739,0.2018592319372781,0.2416058184755103,0.4994639491501538
1953,11,16,0.0781150400667418,0.0758008367835573,0.069572097089613,0.1609994418591903,0.1336056008564516,0.2758429801815458,0.1654620497465474,0.1356948893705877,0.2907635368012531
1953,12,16,0.0643921995451669,0.0652003888893692,0.0748769359586094,0.1064677707648261,0.106897138293017,0.2348586675510932,0.0704477925045189,0.1571582462414157,0.15793111863592
1954,1,16,0.0844212446045142,0.063364301581911,0.0772794309319264,0.0912007950913838,0.1067206166897541,0.1037998278113397,0.1021254691046924,0.1865091053825266,0.0676257199681124
1954,2,15,0.0941903833753808,0.0697569145708733,0.0689489920767187,0.096135157684594,0.0618276387431862,0.1026787786274753,0.1104477925045188,0.1365091053825267,0.1104173668152775
1954,3,16,0.0999048910485186,0.0677833202979476,0.0724231915149239,0.1426439122256034,0.1493616676336069,0.1896633035837802,0.1430087938216236,0.181008006820582,0.2255152904220095
1954,4,16,0.155009330608023,0.0894700249447753,0.0745321739070681,0.2038587258995061,0.1393743457952395,0.2505654156003958,0.3010914892283804,0.1845712458852433,0.2636839961759417
1954,5,16,0.2906698041674643,0.1611293609477077,0.1478000241415424,0.4322394977820978,0.2964087315513828,0.5122404347628008,0.437395618954735,0.2149075376252339,0.6273656779963229
1954,6,16,0.5287354913988294,0.3668986468417543,0.5126282630142371,0.3304831888669938,0.2660152753735751,0.4336080551291391,0.4733475314285811,0.3117262208149134,0.7658564272715138
1954,7,16,0.6486430396617054,0.4229338018930964,0.5281448469213459,0.4531793941011695,0.2794406595800219,0.5169435364625008,0.5755881812287094,0.3617262208149134,0.6926886118601536
1954,8,16,0.7088624323365352,0.3301268733426572,0.4587613188329893,0.360498207748347,0.3219390967756644,0.4395087890315448,0.4925246616793642,0.2954558516459593,0.7311402784314613
1954,9,16,0.3036110027414003,0.1878949325543709,0.1779573654447681,0.1985683338538378,0.2179305379116079,0.2931054497510831,0.308223042771152,0.3331049545765234,0.7239340514652646
1954,10,16,0.1339606072304622,0.0580751381037024,0.0589480391018455,0.0868294185083482,0.1309791779813587,0.1896071502383955,0.2383301687420239,0.2707276791921066,0.463803892207356
1954,11,16,0.0630023900342895,0.0561813411482996,0.0774941953339896,0.1091871127764925,0.0993616676336069,0.1710157188881976,0.0992648917219407,0.2075532885075875,0.3090554095200537
1954,12,16,0.0808064184533429,0.0748291206397356,0.0659915698926856,0.0881074171329339,0.1339937720868011,0.1785712458835303,0.1063897989358867,0.1763564310440837,0.2243448327799186
1955,1,16,0.0628089129303093,0.0655927266392538,0.062090521615672,0.0833707236344396,0.111592776459364,0.1025600863206196,0.064612588240652,0.1947827445669269,0.1285356860231479
1955,2,15,0.0820821364747468,0.05739536822896,0.0762491140536011,0.085245065277837,0.0926081321506717,0.0715392550511497,0.081990129488959,0.1800766864422993,0.1553660830829557
1955,3,16,0.0854725991522744,0.0767668575571897,0.0778498472022971,0.1822933484364329,0.1265068576869256,0.1485826867348055,0.1314774924954284,0.2047827445669269,0.1933370346904496
1955,4,16,0.1412444504104555,0.075077586285025,0.0776136590798224,0.1279297989826854,0.1198295590678096,0.2076002089283093,0.2393050879471145,0.2245886076009412,0.5140122422587154
1955,5,16,0.3142256928706949,0.2352533028066026,0.1714174324894115,0.2464662454971072,0.1816602488640804,0.2652672071811933,0.4870013692704747,0.296700419147781,0.4279578578918683
1955,6,16,0.609372380671776,0.3983387990924336,0.4051096235264582,0.4276039489008319,0.3013800168897321,0.4231744815530542,0.6709346806563881,0.3207374942731495,0.6739558162195404
1955,7,16,0.6914184127627913,0.383463659653424,0.6501279241726909,0.6794710804734145,0.4953654059971285,0.6960708791430665,0.6311151295864506,0.290618030841819,0.8407342108157884
1955,8,16,0.3862440767922092,0.3234080332536686,0.4063026830812013,0.5155120685637636,0.4600546267004687,0.5956532126788219,0.6186625505110066,0.3008328244311419,0.8103836183512865
1955,9,16,0.2613066684886476,0.1690260800745823,0.1876058871755566,0.2440275720323215,0.2273429888152325,0.3631744815530543,0.404973592991103,0.2909352156913074,0.7304845085202285
1955,10,16,0.1339042325608009,0.080986589757033,0.0521661636846935,0.0729267787642466,0.1539484316360267,0.1361559683586433,0.264485654812371,0.3025993244732117,0.5994639491501539
1955,11,16,0.0938595097309264,0.0465696889794271,0.072090521615672,0.118049751095592,0.1345734473285616,0.1985482437257543,0.1634848932999461,0.1771582462414158,0.3187204493269425
1955,12,16,0.0828911125383562,0.0535926497810081,0.0731087831056448,0.1569800113422623,0.1156392518537838,0.0883764583138546,0.0873382153061445,0.2004173247894378,0.1093005366717332
1956,1,16,0.0858309492221159,0.0442106362842369,0.0660835111063004,0.0799438875340382,0.0831321509318379,0.0748668916751021,0.094057640778576,0.1964187040213345,0.1130127220369318
1956,2,15,0.0837366147712175,0.0678052164762168,0.0542208381290165,0.125245065277837,0.0878888683343898,0.0958032580310394,0.106405647352193,0.1418542916285158,0.1367568282895802
1956,3,16,0.1100585893048353,0.0795205932471303,0.063422787147211,0.1595775873294982,0.1251573351558094,0.2071468503230394,0.1476810486115587,0.170660640314829,0.1855152904220095
1956,4,16,0.1455522650989985,0.095579369107587,0.0963011121887481,0.1964677707648261,0.148340836364137,0.2249122302819174,0.2573449388526868,0.1996674094787968,0.3847180240748242
1956,5,16,0.2903759322915287,0.1553985183288343,0.1396732083071216,0.3735151563172941,0.2666170816027422,0.4407405641497136,0.393490109105453,0.2834452000714659,0.6950823270530682
1956,6,16,0.5271274713256296,0.3703734815625419,0.4185350849233318,0.4451763375578259,0.3448456567793592,0.3818743116258715,0.5248320379061786,0.3032604357741479,0.840298840528398
1956,7,16,0.6698730328690635,0.4760613129043598,0.620331840127863,0.7200875523850581,0.4049254872577758,0.5313166462480376,0.6426760931429754,0.3546949355994996,0.7495059019811648
1956,8,16,0.3687354913988294,0.3290827592817624,0.3426064982599613,0.3474484677032074,0.2985554905994556,0.3440578760864747,0.5395559468947781,0.3461396757403099,0.7455133882169982
1956,9,16,0.2788780690757012,0.2064849813974223,0.233998145362278,0.3434091163763139,0.3115382797248865,0.356419498657204,0.4425947319668704,0.2839097852755166,0.7018439283095941
1956,10,16,0.1314253490819771,0.0616798790368156,0.0635109148244892,0.1429267787642466,0.1474501147861046,0.204508621521631,0.231859231937278,0.2625993244732116,0.5494639491501538
1956,11,16,0.0887453455203336,0.0497477687570059,0.0732199983802007,0.1339006986896643,0.0698522428975242,0.1368316321020569,0.1269604496383143,0.1960421669604026,0.4007635368012531
1956,12,16,0.0928911125383563,0.0568128429271436,0.0756305427466182,0.0257786787687599,0.0448995074336942,0.1403801376442199,0.0833573855500852,0.1389922019105309,0.2393625789141432
1957,1,16,0.0883542407206803,0.0658386944169015,0.0663560947127687,0.1304160471620429,0.1221837463267596,0.1608910119913073,0.0754178692871309,0.1365525253115347,0.1404074057820404
1957,2,15,0.081628391324494,0.0654331944918543,0.078564582304121,0.0239006986896643,0.0874433073738191,0.1022723484491002,0.0626024919590982,0.1610080068205819,0.1941976465046062
1957,3,16,0.0783542407206803,0.0795205932471303,0.0653104970506278,0.1879659999340679,0.1220113180547609,0.1900421246661017,0.172020579323094,0.1601616796469429,0.1675818964724905
1957,4,16,0.1509222770593727,0.0835074498954245,0.0960496557423125,0.2347253800252188,0.1603948098729179,0.2549484369585136,0.268330168742024,0.1949400858701526,0.4191451789274741
1957,5,16,0.2779818255210723,0.1825347333860204,0.1754729727295876,0.2335962789564435,0.192991839084348,0.3019036078816254,0.4224183336808059,0.2409808657876625,0.4760672644460133
1957,6,16,0.5239551803232625,0.3411704936291263,0.476927064850132,0.3864358570785267,0.293284491968251,0.3684029398146776,0.6674407095194864,0.2874990955296754,0.549862638128635
1957,7,16,0.618961725308487,0.3486976634407391,0.6386620258610376,0.6293387553665527,0.4788761095548255,0.535892130069332,0.6303207135359414,0.3170000180615867,0.8311402784314613
1957,8,16,0.6491404743822214,0.337270431684006,0.4463026830812012,0.2904982077483469,0.324878853518839,0.3878125199880264,0.4058055412136951,0.2974990955296754,0.7347264740605484
1957,9,16,0.2736110027414002,0.1451533911771547,0.1951400119450385,0.1769952850501944,0.206202437953705,0.2835932908824239,0.3788105918675273,0.3092381818000961,0.7099633312472589
1957,10,16,0.1470988059621349,0.080101579913943,0.0916851688316285,0.1091076525976433,0.1433683761452798,0.2197018481845897,0.2183301687420239,0.2732597667567911,0.4086248561009379
1957,11,16,0.0602757119303219,0.0561813411482996,0.0862841579833816,0.1288837380542488,0.1345790289986011,0.1808087311257871,0.1296012949540992,0.174019505445817,0.2513990583875434
1957,12,16,0.0730651489807956,0.0760072248967567,0.0776572413308971,0.0872460839002629,0.1465565954241197,0.13402921072298,0.0471363248937369,0.174710576740135,0.1167568282895802
1958,1,16,0.0617777589061351,0.0725017993000734,0.0732541292644523,0.0907243372160765,0.0774934474439586,0.087072920482365,0.0921254691046924,0.1711704576420909,0.0525732002828151
1958,2,15,0.0733992521459266,0.0762670337314099,0.0593969240477829,0.0651771988208374,0.0990790049666355,0.043854328779866,0.068373501399878,0.1803865513437431,0.1402755923071488
1958,3,16,0.0834204048556983,0.086966039576643,0.074431350165029,0.1630114023836972,0.1432170769494149,0.0974429734547203,0.1593446204123175,0.1898940338551437,0.2152124608571581
1958,4,16,0.1264985732383067,0.1030608808616738,0.0735610548946286,0.2075805768192559,0.1398731522768297,0.2518880157151107,0.241859231937278,0.1963564310440837,0.2660672644460132
1958,5,16,0.3227297906068527,0.1871263557281185,0.1762874331475929,0.2989321207276252,0.1976103124387744,0.307637875115441,0.4588105918675272,0.2539358645230792,0.5034104360295485
1958,6,16,0.721561465130348,0.3351523860835425,0.3872421003017693,0.5118426086563596,0.3496014440474557,0.4676471863406336,0.5657589074747584,0.2930263907420962,0.6339340514652646
1958,7,16,0.7817864731672707,0.3454322390887389,0.5901279241726909,0.5202407870732406,0.3670602534449553,0.4760453647575147,0.539756163510745,0.3570000180615867,0.7896090552447967
1958,8,16,0.5785402873070317,0.3046676351641735,0.316927064850132,0.4981913379490431,0.4349254872577758,0.4860453647575147,0.4853288216095401,0.3070000180615867,0.6847264740605483
1958,9,16,0.3323583139650541,0.2121735743945935,0.2076058871755565,0.3713427174131856,0.323284491968251,0.4481239059447885,0.4270013692704748,0.2696109834396217,0.6827605666531018
1958,10,16,0.1508495687699848,0.0681698124601695,0.0376136590798223,0.1891438592742395,0.192991839084348,0.3034078575677491,0.2248284855919461,0.2217555170706673,0.5206796526242243
1958,11,16,0.0753576834147859,0.0809418489420627,0.088116800236952,0.1790540898668191,0.1816602488640804,0.2549484369585136,0.1158564904402073,0.1596674094787968,0.4008872845203187
1958,12,16,0.0733317596620787,0.0747573013527829,0.0872794309319264,0.1486633851357395,0.1275733564762331,0.1004151936741749,0.0896213706377747,0.1791751723542921,0.0867695064512128
1959,1,16,0.082734286480303,0.0629887867716345,0.0764164339599185,0.076196385571014,0.124855069294638,0.031754537321292,0.0718543861092392,0.2047827445669269,0.0666794118288041
1959,2,15,0.0826235979904214,0.0778052164762168,0.0659915698926856,0.2013876130895397,0.2036056008564516,0.1802247772532574,0.067488491556788,0.1540295058574133,0.1380510707488266
1959,3,16,0.0978411649707855,0.0596913153234223,0.0828019835587919,0.2255139707687748,0.1703948098729179,0.2927592633813328,0.1011106132680584,0.1930130433112068,0.2301340341972483
1959,4,16,0.1314984475043856,0.0902275184211962,0.0960496557423125,0.2119296226961937,0.1347594210911439,0.3250881766811108,0.1986973541571041,0.1895537573736316,0.3838985901535502
1959,5,16,0.2656733792050852,0.2113104425142592,0.1400160390866968,0.3791085190136896,0.2715209180091887,0.4117539092864684,0.3772887855073021,0.2369992042865016,0.526996604703429
1959,6,16,0.5011935011839435,0.4834636596534239,0.5591719741962784,0.5251763375578259,0.3875421454627008,0.5026390782670348,0.4470679078799607,0.3154558516459593,0.7551776572110604
1959,7,16,0.6221867184582164,0.3525351583888624,0.5887613188329894,0.6196661143836028,0.4500546267004687,0.6053447478706433,0.5637270000264213,0.4051966570596853,0.703313865188022
1959,8,16,0.3753100300019557,0.3168699100657307,0.3978636466377261,0.3991898801897947,0.3999760628660415,0.5479211024936048,0.4595559468947781,0.3232854035065858,0.7495414898396038
1959,9,16,0.2374977093711322,0.1801102239158165,0.2079248171998494,0.3251292582391552,0.2913102028346183,0.3902586721319681,0.4369703539948057,0.3295892186853459,0.6321032879287632
1959,10,16,0.133217686050113,0.0697494132508919,0.0546237260849493,0.2369546856970587,0.1853498250387415,0.2864829106552639,0.2703156314615289,0.2932597667567911,0.5392523704051526
1959,11,16,0.0567985460733126,0.0465253324628065,0.0621929211519249,0.0992992170184986,0.0690739297620874,0.2618880157151107,0.1442105501692572,0.1817399249041526,0.2101340341972482
1959,12,16,0.0778411649707855,0.0655125202848858,0.0718701531398049,0.1530114023836972,0.104654263133205,0.2168040195434644,0.1026024919590982,0.1871582462414157,0.1766019667474084
1960,1,16,0.0595973305232805,0.0630406186273547,0.0751251237903935,0.1064472458608169,0.094581995790628,0.094866891675102,0.074670629334587,0.1840295058574133,0.0722946680896675
1960,2,15,0.0767985460733127,0.076719385808847,0.073492996868279,0.1041282171108605,0.1125500465312996,0.0915392550511497,0.09,0.1408676280772395,0.0738000119480742
1960,3,16,0.0974512648111251,0.0565253324628065,0.0639899768998832,0.1853647634297211,0.1117932717737539,0.2410157188881975,0.2238922990819865,0.1756948893705877,0.2542922989489903
1960,4,16,0.1238413704024007,0.0991323941668581,0.0776603839100341,0.2460742730842578,0.1439484316360267,0.3122708231813813,0.2377237599350083,0.1945886076009412,0.408835068945672
1960,5,16,0.29723719149593,0.234472320294433,0.1914174324894116,0.4707993455314186,0.3313800168897322,0.456419498657204,0.4291795900705404,0.2630208452164043,0.501172450026905
1960,6,16,0.6338357168919321,0.4674420187235213,0.3834961077624974,0.5724981215627598,0.4232210799701912,0.5320745282418383,0.4728191507315838,0.3015115944915952,0.7368358202359953
1960,7,16,0.5621867184582163,0.3911803087101692,0.4719863119827188,0.6070579158539265,0.421796039187056,0.4874048066525642,0.6348297441414514,0.3439097852755166,0.9096674340368373
1960,8,16,0.386677650368294,0.297270431684006,0.2937547738477649,0.4563521238446302,0.3524674774726617,0.4849944578740688,0.5095559468947781,0.3077584551488447,0.9096090552447968
1960,9,16,0.2341985518377756,0.1648184309840436,0.1923564429706385,0.2777887131981498,0.22867210379004,0.3922404347628008,0.3214427511918144,0.2764516597341174,0.627449787356442
1960,10,16,0.11423893635315,0.1040647929823155,0.0627808188334595,0.1613876130895398,0.1776362186346333,0.1446383269767115,0.2680617729131266,0.2690656032496299,0.5206796526242243
1960,11,16,0.0742466609891696,0.054181845098049,0.0838768627051821,0.1225718806295805,0.1374943463580435,0.1805299577094929,0.1296825985241947,0.2143605307106729,0.2227679878524908
1960,12,16,0.0750356390300885,0.0754331944918543,0.0648769359586095,0.0576244003148778,0.1209044511994204,0.0977774476856138,0.0604662242954429,0.1724859053816642,0.1672247197237829
1961,1,16,0.066439673752869,0.0622785048523768,0.0740800426008599,0.0489866174621027,0.0692842511728308,0.0849916904607666,0.0526024919590981,0.1640295058574133,0.0941157773457274
1961,2,15,0.0751192765806404,0.0605343179680491,0.0718817299992491,0.0561978047551997,0.1251780396268418,0.181318548453049,0.0404477925045188,0.2404173247894377,0.1261164016541531
1961,3,16,0.0883172067124496,0.0816496620978179,0.0539188317257683,0.1564677707648261,0.1592068060914351,0.2605346421547012,0.0640971309053342,0.254019505445817,0.2838600455527407
1961,4,16,0.1062823215085178,0.0810793388328499,0.0916851688316285,0.2145755599599458,0.1768015813129872,0.2797139836858284,0.3141861571239485,0.287489784304483,0.3940938435325621
1961,5,16,0.3031874942269476,0.2103902806060914,0.1877278563147505,0.3294626294969192,0.2295608446943201,0.3755021910494778,0.4020869437491904,0.1560567576144096,0.564028891685556
1961,6,16,0.6225783842706997,0.3634080332536686,0.3197176987223964,0.4572453318910635,0.3739519839502593,0.4907661216527772,0.5841011339261106,0.3117262208149134,0.9068358202359952
1961,7,16,0.6408433251152666,0.3341021872574526,0.474185835011695,0.5119691521918378,0.3729036798724247,0.4813166462480376,0.5339844207015277,0.2496109834396217,0.989770186391511
1961,8,16,0.3757086735061897,0.2700687880105887,0.2837547738477649,0.3290384487261835,0.2748788535188391,0.4009809152421,0.4508561168219609,0.2976644291770683,0.8407342108157884
1961,9,16,0.2513066684886476,0.1861377038076073,0.2079248171998494,0.3349359864654395,0.2879305379116078,0.4431744815530543,0.3404290505530764,0.4920086107179462,0.7739558162195403
1961,10,16,0.1423665701601911,0.044603217846114,0.0645321739070682,0.1453243789143466,0.1864087315513828,0.4066039232156927,0.210753206232749,0.3069992042865016,0.5638985901535503
1961,11,16,0.1002757119303219,0.0609185317306833,0.0758199768836347,0.1642375469818277,0.13350219743548,0.2373063370523738,0.135453501284481,0.1799698081768345,0.291343592292
1961,12,16,0.0905064027424651,0.0490273591491315,0.0803577854355433,0.0912354337043109,0.1121287398657043,0.0899999999999999,0.075335333346631,0.1843756165470239,0.1691884324297272
1962,1,16,0.0894456007488243,0.0656738176559333,0.0602008712861954,0.0490705164855495,0.1098522428975242,0.1084484899098775,0.0526024919590981,0.2124556931549722,0.1080510707488266
1962,2,15,0.0794456007488243,0.0700105946765589,0.0690824258159425,0.0755663712967952,0.1092842511728308,0.1616234526782078,0.04246449792787,0.1269987595120814,0.0967692957870713
1962,3,16,0.0930054255053842,0.0756512861904159,0.061990650518369,0.126135157684594,0.1555898839952165,0.1049164582777105,0.0976006706456735,0.0932617631485157,0.2147266996784535
1962,4,16,0.1211230832208056,0.0660431888443739,0.0798745615393151,0.173335715037215,0.1670263585662446,0.2497139836858284,0.2310914892283805,0.2143605307106729,0.3586020504492443
1962,5,16,0.227928262790248,0.2052255590039467,0.1535177222367746,0.2947167044215896,0.2486895970280979,0.327637875115441,0.4904814980033751,0.1280889824385346,0.4973100515965676
1962,6,16,0.5979126216496126,0.3552078203240253,0.3427013384802529,0.4299620115940242,0.3161213153145554,0.4106269189988402,0.6395559468947781,0.2756184984673402,0.7778047970980997
1962,7,16,0.5886430396617054,0.3911803087101692,0.6496726263935659,0.464961543968503,0.3499070310640704,0.3978125199880264,0.6211151295864505,0.2908328244311419,0.8400888720382926
1962,8,16,0.4800131317016557,0.36204863291253,0.3700172976362021,0.3427592469998672,0.3011744928510992,0.3816596853025533,0.7254941552569331,0.4503816412806297,0.8303836183512865
1962,9,16,0.2649401177162077,0.1813104425142591,0.2111062620131499,0.231043932274465,0.2362024379537049,0.3031689360273624,0.4969703539948058,0.2830263907420962,0.6607719284086297
1962,10,16,0.1002164455621944,0.0757085997413484,0.0726242028747898,0.1889147590119274,0.2361248444782374,0.2527474152841698,0.2154158356493743,0.2367004191477809,0.4600052158055069
1962,11,16,0.0828764515270363,0.0740110320950152,0.0752729862872463,0.0588837380542488,0.0914898970515101,0.1259372922282877,0.1427076926991056,0.1260421669604026,0.2819309423494283
1962,12,16,0.0865009651680832,0.0577010951524489,0.0834929968682789,0.0912354337043109,0.1190790049666355,0.0951658369451826,0.1084534104321524,0.0854177473864392,0.2067568282895802
1963,1,16,0.0608064184533428,0.0404013086535344,0.0788055713942746,0.1419938521198714,0.1515460516291523,0.101754537321292,0.0746064389236833,0.0705446742340981,0.1379673195873025
1963,2,15,0.0733317596620787,0.0612207598262539,0.0710689734033969,0.116135157684594,0.144581995790628,0.0719196596851925,0.0383735013998779,0.0276073985077874,0.0781087367861685
1963,3,16,0.0930054255053842,0.0796317545149257,0.0740239844009081,0.188939892631891,0.1675733564762331,0.1846883157385229,0.1615936300861146,0.1343756165470239,0.2301340341972483
1963,4,16,0.1160975729939773,0.0791323941668582,0.0678952461938562,0.2127436660414802,0.1801867358165173,0.2922708231813813,0.2425980935466171,0.2144303447657868,0.2587053634905916
1963,5,16,0.3578062936510542,0.1828674881083138,0.1635177222367746,0.4164358570785267,0.3517146780109509,0.4580772722058519,0.5995521577459594,0.186700419147781,0.3292523704051525
1963,6,16,0.5274158167107222,0.3912285595494909,0.3729479467001376,0.4850810073998335,0.3087051891946126,0.583433494317544,0.6860845750835842,0.2479758151338305,0.6890397683794182
1963,7,16,0.6286430396617054,0.4683719958319134,0.5681783487758616,0.5472453318910635,0.4078610662350214,0.4739959156333171,0.6911151295864505,0.4020086107179462,0.8496674340368373
1963,8,16,0.5061195048144925,0.3574420187235213,0.3768651043969744,0.4202407870732406,0.3625681705912855,0.5284918698911931,0.5655881812287094,0.233459964318181,0.833313865188022
1963,9,16,0.2935908773450186,0.1964849813974223,0.1823564429706385,0.2293329377784032,0.2555896169686881,0.3565751864396692,0.3873834834534964,0.2855178053487164,0.6648236609678007
1963,10,16,0.0915180851490325,0.0537212187066453,0.0867811835808653,0.1540109226054808,0.1673362234676884,0.2627474152841698,0.1477237599350084,0.1960567576144095,0.4318346170844016
1963,11,16,0.0874512648111251,0.0445253804490278,0.0640462545136719,0.0867555086363455,0.1142445547677075,0.1534182443839356,0.0883744003139629,0.3109808657876626,0.230763536801253
1963,12,16,0.0683542407206803,0.071362424282801,0.0754923753818267,0.1280497510955919,0.1428804316511755,0.1768316321020568,0.078663411774018,0.0845402249275648,0.2053660830829557
1964,1,16,0.0765565011882664,0.0748291206397356,0.0725338800048053,0.1721532620938826,0.1903948098729178,0.1803801376442199,0.0484662504756948,0.0865091053825267,0.1855676909500299
1964,2,15,0.0773695875864841,0.076719385808847,0.066702025327417,0.0905927903711523,0.0890790049666355,0.1651037947027727,0.0715144718326663,0.1585832656375626,0.0912696624513255
1964,3,16,0.0912154436515903,0.074802695943328,0.0785973447364631,0.1657346773668757,0.1065565954241197,0.2422400097599588,0.1776006706456735,0.1157892014173296,0.1790554095200537
1964,4,16,0.0951960590548145,0.1044128820542403,0.0838509652687687,0.1791262576936109,0.1405359579799467,0.3298971015636016,0.3273449388526868,0.2144303447657868,0.3289334403808598
1964,5,16,0.2849484460076868,0.2003902806060914,0.1635177222367746,0.3247368298179712,0.226461776680685,0.456419498657204,0.4495521577459593,0.2764516597341174,0.4676045995367096
1964,6,16,0.4987354913988294,0.4051080020610154,0.3072421003017693,0.374822341314566,0.2873429888152325,0.4040578760864747,0.6593413205714599,0.3824909874560767,0.6527605666531018
1964,7,16,0.5521867184582164,0.5368699100657308,0.6325489923109116,0.4811389587782267,0.3199760628660415,0.4307661216527771,0.6448297441414514,0.4755051218678637,0.6639932416425058
1964,8,16,0.4028286694897347,0.3395084176866495,0.4023779777952021,0.2739544965663057,0.2766337310295828,0.3779065459598028,0.4955881812287093,0.2808328244311419,0.6807342108157884
1964,9,16,0.2527714434237446,0.2180289240065293,0.2247727966452826,0.1904002707410936,0.2271113517708883,0.2671472950974597,0.363490109105453,0.3007374942731495,0.6150823270530681
1964,10,16,0.0886354334365521,0.060101579913943,0.0345321739070682,0.2187040438373569,0.2199627154351521,0.2364829106552638,0.2115936300861146,0.1809808657876626,0.6147180240748242
1964,11,16,0.0828764515270363,0.0619441422351559,0.072265780461018,0.1699447072642921,0.1372167749871622,0.194523707357982,0.0738922990819865,0.2213498639906756,0.3701340341972483
1964,12,16,0.0854733927627438,0.0731460701893906,0.0799999999999999,0.1000004531785398,0.1051780396268418,0.1377774476856139,0.0896825985241947,0.1532701535729774,0.2295789069827329
1965,1,16,0.082406626128019,0.0728367928827044,0.0681879433510888,0.0649671974789718,0.0849764364842879,0.1125725538181107,0.081990129488959,0.2085832656375626,0.0647051919628788
1965,2,15,0.0829839136712285,0.0765354861195106,0.0681879433510888,0.1741963268513716,0.1526048393440267,0.1885826867348056,0.0955567241030145,0.0521242576381421,0.1161991244084344
1965,3,16,0.0641568822605574,0.076231106256679,0.0732199983802007,0.1119672883313003,0.1502305593121391,0.1700421246661018,0.1357795613896136,0.1384001529147961,0.2508973580914533
1965,4,16,0.127936486914257,0.0992187421582832,0.1072081328178446,0.2368294185083482,0.1608307920359673,0.3455617110483769,0.2710667897724367,0.1285018357296214,0.3095203820995931
1965,5,16,0.2749576109542656,0.2009432570991789,0.1800715051822402,0.3164662454971071,0.2178173002011848,0.387637875115441,0.5307949448965137,0.154907537625234,0.4834104360295485
1965,6,16,0.5362440767922092,0.3408361311283069,0.3005070638790984,0.4578034774448651,0.341614859747941,0.5326390782670348,0.7174407095194865,0.3017262208149134,0.8158564272715139
1965,7,16,0.5285402873070316,0.4260613129043599,0.5684426331862078,0.4676289166332698,0.3665756456975144,0.4043462214715674,0.6659843345159404,0.233459964318181,0.7221178444625653
1965,8,16,0.439372380671776,0.3411704936291263,0.3450258902925616,0.2797993647726434,0.2965756456975144,0.3797590742505798,0.4962454599530479,0.1995892186853459,0.6691911998430293
1965,9,16,0.3035908773450186,0.1750140603222631,0.182571036948247,0.2173008720668091,0.2473429888152325,0.3881239059447886,0.3914427511918145,0.162957358940125,0.6325996817836381
1965,10,16,0.1001425157215199,0.056043188844374,0.0582513537774297,0.2300384024972717,0.2359418740344763,0.2882370732494926,0.2099216450288654,0.1803933166912872,0.3647381494712058
1965,11,16,0.0964960903197386,0.0812207598262539,0.0860176009865424,0.1100004531785398,0.1045734473285616,0.0966571961934847,0.1438922990819864,0.1863564310440837,0.2360755927374924
1965,12,16,0.0833317596620787,0.0720677550395107,0.0737342774094241,0.0218491203934503,0.0831989493684136,0.0097550141111324,0.1134862129531806,0.2417399249041526,0.2219522312877061
1966,1,16,0.0707677463958448,0.0723221387937192,0.0745186073727516,0.1403284425339732,0.1056392518537838,0.0713709489810693,0.1142105501692572,0.1014753618672498,0.1219522312877061
1966,2,15,0.08,0.0722353717359391,0.0813687997209769,0.1260017086434049,0.1187701888443003,0.015327158552717,0.1314774924954284,0.2930130433112068,0.0264690904180606
1966,3,16,0.0911859053281094,0.0471225175934102,0.072265780461018,0.1419938521198714,0.1425500465312996,0.1500421246661017,0.1730638002826789,0.1465424517404001,0.161343592292
1966,4,16,0.1088761460768393,0.0902275184211962,0.0874805701656374,0.1627781090505314,0.1369496721239453,0.1666905425513581,0.2417108459918866,0.2356603830255882,0.3764675651503418
1966,5,16,0.2631874942269475,0.2274970400446445,0.2477814190455748,0.2836826765227071,0.2473362234676885,0.3669757080579444,0.4170824919096243,0.2405924733387555,0.6350725119720252
1966,6,16,0.579372380671776,0.4305533957580296,0.4294689393087328,0.6347251544073138,0.4408855366470245,0.7065374688468279,0.5695559468947781,0.3359540077484793,0.7968358202359953
1966,7,16,0.6391404743822214,0.4001268733426572,0.5626656884372027,0.5594592245907665,0.4030893478642552,0.5184918698911931,0.6055881812287094,0.1995892186853459,0.7826886118601537
1966,8,16,0.4328069047354589,0.2995834423519607,0.3555082670306921,0.347803477444865,0.3265756456975144,0.4393720638644105,0.5512896903980458,0.1917262208149134,0.6521178444625654
1966,9,16,0.2778828736741087,0.1888429673518159,0.237782285461621,0.2042414770000716,0.2515209180091887,0.288044075466372,0.4648289303663663,0.3139097852755166,0.5564371767317613
1966,10,16,0.125341943688255,0.056101274463746,0.0727808188334594,0.1376136666996614,0.1902114352724611,0.194508621521631,0.2248284855919461,0.3601105813210099,0.3336839961759418
1966,11,16,0.0900585893048352,0.0697569145708733,0.0915604023279453,0.0950864343070333,0.1239937720868011,0.1665667948322926,0.1883233613297385,0.118992201910531,0.3591275773468456
1966,12,16,0.089416040171812,0.0558386944169015,0.0739899768998831,0.168049751095592,0.1060985562340235,0.1677774476856138,0.1257979453578611,0.188992201910531,0.1766019667474084
1967,1,16,0.0887977512119607,0.0728868799949772,0.069396924047783,0.0792408671433128,0.1011100755330397,0.083854328779866,0.094057640778576,0.1547827445669269,0.1512021147446184
1967,2,15,0.0784327533000988,0.076719385808847,0.0652336489129915,0.0961150820009184,0.1067206166897541,0.1835932285599306,0.0827270800964935,0.1724556931549722,0.159113200246671
1967,3,16,0.0910513130800885,0.0634431358489468,0.0732199983802007,0.1110270544177828,0.123458777506472,0.2461902577713607,0.0920205793230939,0.2299698081768345,0.2408973580914533
1967,4,16,0.1130704997748005,0.0790830263082909,0.0867235175435233,0.1607622171480184,0.1471817189572072,0.2498155002897549,0.2526124706467917,0.1430130433112068,0.3750405760365348
1967,5,16,0.3528850955289098,0.2164849813974223,0.2033991464731503,0.3569428375998957,0.2473669969133831,0.3692887187258992,0.5948289303663663,0.1968276172469863,0.4634104360295485
1967,6,16,0.6207167815797885,0.4003734815625419,0.486927064850132,0.5518426086563596,0.3736500912717263,0.4856039424569175,0.6160845750835842,0.2356184984673401,0.7502988405283979
1967,7,16,0.5515614651303481,0.4559606197857361,0.7957723530988383,0.5121165248093308,0.3678848878152526,0.5305297320915878,0.4897561635107449,0.4655051218678637,0.8794724001266492
1967,8,16,0.4016334199232961,0.3190827592817624,0.3564772438927964,0.2472453318910635,0.3424674774726617,0.4683026992470338,0.4528191507315838,0.286154694621663,0.8021178444625653
1967,9,16,0.2127714434237446,0.2388429673518159,0.222915243448003,0.254454094447694,0.2602094388807363,0.3931744815530543,0.4271229175989834,0.2382548490037195,0.6782546180554352
1967,10,16,0.0980612856999215,0.0810664987893075,0.1070467854320287,0.0591076525976433,0.1773315390224802,0.1852672071811932,0.127906412522164,0.3664516597341174,0.3336380242990373
1967,11,16,0.0668396645954088,0.076374526939123,0.0600753054548243,0.0913977387343088,0.1140038977315701,0.2501178989877926,0.1411081303494903,0.2095121045567397,0.1790554095200537
1967,12,16,0.0821910569938667,0.0738929666999573,0.0663728764272078,0.1101763903414291,0.1144552793907116,0.1001480908109581,0.064734658451915,0.1311704576420909,0.1019767154997904
1968,1,16,0.0787977512119608,0.0635926497810081,0.0685645823041209,0.1446856300898331,0.1166084376008686,0.0958050308628138,0.0582352336524603,0.1332617631485158,0.0623715971402611
1968,2,15,0.0688189509981992,0.061362424282801,0.0667241590882213,0.0648872884466973,0.094581995790628,0.1024052247784478,0.0457979453578611,0.1885832656375626,0.1141976465046062
1968,3,16,0.0868396645954088,0.0596913153234223,0.082148003133065,0.1095775873294983,0.1651573351558094,0.1996633035837802,0.0301643051287502,0.1936198660141417,0.1813990583875434
1968,4,16,0.1183967537918719,0.0927773934859052,0.114408443814807,0.2629267787642466,0.1976925933042946,0.3255617110483769,0.2543822513913994,0.2295537573736316,0.4035975986096782
1968,5,16,0.3377079222158664,0.2394350163475506,0.1914174324894116,0.2673565564378908,0.2178173002011848,0.3249130966979637,0.4795521577459594,0.174907537625234,0.4161003498505859
1968,6,16,0.5957086735061897,0.3812285595494908,0.3646230980501257,0.4521019682755287,0.3660903000388864,0.6049944578740688,0.833783733828344,0.2431049545765233,0.7168358202359953
1968,7,16,0.8127493987864092,0.511378030128327,0.6412180062872936,0.6237042113472707,0.4299070310640703,0.5430499095753376,0.716798758487968,0.2792239730534523,0.8794724001266492
1968,8,16,0.5040505104812549,0.3610352877757752,0.3191569553149253,0.3239327318120299,0.3668803392494675,0.4407661216527772,0.5314890989002977,0.1539097852755165,0.7821178444625654
1968,9,16,0.2749401177162076,0.1985412698658614,0.1770367850204323,0.2535151563172941,0.2776454153805615,0.3710594849220341,0.4091795900705404,0.1920923439518427,0.7304845085202285
1968,10,16,0.1186354334365522,0.097948421703786,0.0877360804387594,0.0964677707648261,0.1442496073658187,0.1697139836858284,0.1771449749978068,0.2734452000714659,0.4486020504492444
1968,11,16,0.0700585893048353,0.0625506586527979,0.0993413226947853,0.1116383957704462,0.1042496073658187,0.0596032699791136,0.2196012949540992,0.1848003461475555,0.2107635368012531
1968,12,16,0.08598126196155,0.0642763323401296,0.0855968599139322,0.1572669932795684,0.1776925933042945,0.1108346373216461,0.16,0.1305004426621592,0.0516397154236808
1969,1,16,0.0830651489807956,0.0539550837164305,0.0817202108077786,0.1512354337043109,0.0988025445682754,0.1725725538181107,0.1234097912417125,0.1532701535729774,0.1661164016541531
1969,2,15,0.079602539660889,0.0726899237461073,0.0795772966836791,0.1230330928565225,0.0746766701470951,0.0697550141111324,0.1275052110091933,0.0976293568746557,0.2279673195873025
1969,3,16,0.0787453455203335,0.0790730367828222,0.0736591032554287,0.1561150820009185,0.1449764364842879,0.1394633397289001,0.1876825398045523,0.1543756165470239,0.1703869997403212
1969,4,16,0.1280612856999216,0.0953401684536485,0.0825257688008951,0.1783730189840973,0.1619053760157599,0.2931611341221649,0.3042484301011992,0.1667215366885762,0.3245065124268615
1969,5,16,0.3427835789249833,0.2136798781295917,0.1977278563147504,0.358704043837357,0.2317601604935282,0.403113309627607,0.4459187085183993,0.2630208452164043,0.3434104360295484
1969,6,16,0.6274158167107222,0.3695084176866495,0.352701338480253,0.7276289166332699,0.4503948721954112,0.7479211024936049,0.7455881812287093,0.1501105813210099,0.6521032879287633
1969,7,16,0.5515614651303481,0.4559606197857361,0.725731682301858,0.6596661143836027,0.3976871663970949,0.6158921300693321,0.5489982815169442,0.3611685554370795,0.7098499546477824
1969,8,16,0.3164781218242609,0.3734692051791158,0.3663026830812013,0.680087552385058,0.5104096364421263,0.8383488175236363,0.4648320379061786,0.2259540077484793,0.7096674340368373
1969,9,16,0.2813066684886476,0.1813104425142591,0.1525831724494857,0.2451292582391551,0.2313102028346182,0.3331054497510831,0.2620869437491904,0.2731049545765234,0.5273712235220148
1969,10,16,0.1696363900714474,0.0673068439176373,0.0545321739070681,0.1791438592742395,0.1873362234676885,0.2664829106552638,0.1754158356493743,0.2046651876239957,0.3279578578918684
1969,11,16,0.0701226184221633,0.0558008367835573,0.0506054227818816,0.0334923972367621,0.0828804316511755,0.07402921072298,0.1007322968534435,0.2421227323704232,0.2050054730947476
1969,12,16,0.0781150400667418,0.0736513674836545,0.0652729862872462,0.0864728459693742,0.0684645664563981,0.0925600863206196,0.0890667906796606,0.0506865465106879,0.0681087367861686
1970,1,16,0.0808064184533429,0.0641456708202272,0.0720950583847259,0.0699438875340383,0.0746000111171327,0.0743389440541873,0.1014517046251605,0.1369987595120814,0.0890636336440626
1970,2,15,0.0712693798788945,0.0761794831626979,0.0816475019204178,0.0961614661066595,0.1127825493386905,0.0413709489810693,0.0846937555604823,0.1447827445669269,0.1146119356431354
1970,3,16,0.0572423460794876,0.0759397719286656,0.0459513624837765,0.1241954223157259,0.1128804316511755,0.1668040195434644,0.0999334588139976,0.1011704576420909,0.2938600455527407
1970,4,16,0.1347325803825658,0.0722344589949297,0.0960496557423125,0.1327781090505315,0.1193616676336069,0.1893232631652502,0.247906412522164,0.1004173247894377,0.3624338152184532
1970,5,16,0.2949576109542656,0.197098743169526,0.1662543432671873,0.3979565382386338,0.2869194803007798,0.4666039232156928,0.3822600708456516,0.133259766756791,0.6413471446062327
1970,6,16,0.5466776503682941,0.3390827592817624,0.3736097529133709,0.7400875523850581,0.5052045211276648,0.756186876382326,0.5708561168219609,0.3441981306606092,0.8668358202359954
1970,7,16,0.6691404743822215,0.5323692518679,0.6915860666917732,0.510602969553659,0.3504096364421264,0.4639959156333171,0.6898383367978109,0.306154694621663,0.7311402784314613
1970,8,16,0.4502177041116998,0.3140558395489694,0.3261222341511388,0.4402407870732406,0.3925681705912854,0.5139959156333171,0.5217395113553813,0.3119264374308802,0.739770186391511
1970,9,16,0.2162307293613198,0.2008601392264574,0.2356166040478271,0.1590087007506797,0.2062888355199685,0.3097740643845271,0.2872887855073022,0.2907374942731495,0.6204845085202285
1970,10,16,0.1011675213598619,0.0616798790368156,0.0727808188334594,0.1524419685555257,0.1453498250387415,0.2597018481845897,0.2110667897724366,0.2117555170706673,0.4961003498505859
1970,11,16,0.0862823215085177,0.0736746489160055,0.0674941953339895,0.1112683427980909,0.1260985562340235,0.10338515450353,0.1140122048877572,0.2694590594274375,0.2887204493269425
1970,12,16,0.0869024318029146,0.054901739441296,0.079396924047783,0.139062313990828,0.1668015813129872,0.1800421246661017,0.0917997936970853,0.1275861095695096,0.1753660830829557
1971,1,16,0.0856927818573242,0.0632539474630904,0.0768252534222702,0.088939892631891,0.0806559100928533,0.030834637321646,0.1042105501692572,0.1434451377489725,0.1820494237891783
1971,2,15,0.0744212446045142,0.0758386944169015,0.0795405047142387,0.1178618555351695,0.096080395682395,0.1771921907738138,0.1204477925045189,0.1347827445669269,0.1567692957870713
1971,3,16,0.0942466609891695,0.0724030187817092,0.0698001417354027,0.1049671974789717,0.1204680145324309,0.1785826867348056,0.1664976153368779,0.1465525253115346,0.2991089722508779
1971,4,16,0.1167360284585985,0.0725465471711526,0.089740661245132,0.2142909792957557,0.1719674182581699,0.3053236401306325,0.3310357308845925,0.2763348198443057,0.436100349850586
1971,5,16,0.3177079222158664,0.2364849813974223,0.2262232843793432,0.3642414770000716,0.270569538138087,0.4531054497510831,0.4477276899532523,0.1596259735735691,0.6707964925140361
1971,6,16,0.7715614651303481,0.3834080332536687,0.4639286736856914,0.6102975208751634,0.432303772362465,0.5697590742505798,0.5857589074747585,0.2079291813948938,0.7790397683794181
1971,7,16,0.7127493987864092,0.5482012695858643,0.6292767360015903,0.5839919219892713,0.399042016075788,0.6205297320915878,0.6137837338283441,0.3472567158416063,0.8200888720382926
1971,8,16,0.3711935011839434,0.3110352877757751,0.4594066576104851,0.360498207748347,0.314878853518839,0.4334334943175439,0.5533475314285811,0.3603816412806296,0.7916015486215249
1971,9,16,0.2468307111620628,0.2114508212576017,0.2011062620131499,0.2534091163763138,0.2715382797248865,0.3866039232156928,0.3682029173747704,0.290911394111076,0.6107719284086297
1971,10,16,0.1015180851490324,0.0653207810562606,0.0882513537774296,0.1608859648670841,0.1790415910729461,0.2794872542069812,0.2662528811524369,0.3126517719235104,0.5824338152184532
1971,11,16,0.0792026154574021,0.0692956880022092,0.0628513780949473,0.1006479212454439,0.1067132113827894,0.1934098539594738,0.105453501284481,0.2017399249041526,0.2450054730947477
1971,12,16,0.0902667897043293,0.0655125202848858,0.0667241590882213,0.1479952501270656,0.159374135131098,0.1634182443839356,0.0584662504756949,0.1674521181173512,0.1638000119480742
1972,1,16,0.0808064184533429,0.0716093084130144,0.0654379810407411,0.0758584074591367,0.0945734473285616,0.0905084499939182,0.1376638246001967,0.1605004426621593,0.1772247197237829
1972,2,15,0.0884327533000988,0.0577010951524489,0.0557536866646482,0.0906109179521535,0.0984645664563981,0.1255658381973973,0.086405647352193,0.1432060048047277,0.2430127220369318
1972,3,16,0.1023933276274225,0.0593072648616535,0.0828050190298866,0.1372669932795683,0.1398295590678096,0.2487313564485206,0.1769786101899428,0.2448003461475555,0.2391275773468456
1972,4,16,0.1467360284585985,0.0525721472797099,0.1126242028747898,0.1852111412039235,0.1414898970515101,0.2446383269767115,0.2982162774236079,0.1313498639906756,0.4897584530173374
1972,5,16,0.283878326364942,0.2088659695095919,0.178806480991945,0.2947167044215896,0.2195608446943201,0.4500787579364803,0.610481498003375,0.2149075376252339,0.4473100515965675
1972,6,16,0.6240505104812549,0.3721652461031144,0.573754773847765,0.5703822986980519,0.3652045211276647,0.4830499095753375,0.665494155256933,0.3120923439518427,0.6539558162195404
1972,7,16,0.6883787552513592,0.4611803087101692,0.6283398808315341,0.6685684587746211,0.4407974969463043,0.5077737298761118,0.6286625505110066,0.2319264374308801,0.8472466515442981
1972,8,16,0.5043862414871926,0.2885317968755542,0.3607757347234601,0.3602407870732405,0.3225681705912855,0.3520745282418382,0.6012896903980457,0.2477584551488446,0.8047264740605483
1972,9,16,0.2681577719202657,0.2036488192417475,0.2015191153042369,0.2129834579714267,0.2412296954449645,0.2617539092864683,0.4270824919096243,0.222965218816649,0.5725996817836381
1972,10,16,0.1508470429247687,0.026692091681488,0.0646237260849494,0.1669546856970587,0.1853498250387415,0.2345784355767449,0.2110914892283804,0.2598979638733876,0.4190544044264414
1972,11,16,0.0881150400667418,0.0784539881383728,0.0803059962669675,0.1472234000705483,0.1521837463267596,0.164523707357982,0.1274366493800391,0.1944902361657534,0.2575508375846465
1972,12,16,0.0821910569938667,0.0660928833745857,0.0873771610809237,0.0608526185092107,0.1036056008564516,0.0933540956156858,0.0866056538011282,0.1495152127728221,0.1646119356431355
1973,1,16,0.0912693798788946,0.0746160375326732,0.069696982731006,0.1466006470941738,0.1352500712228647,0.141318548453049,0.1099334588139976,0.1600766864422992,0.1804074057820404
1973,2,15,0.0849298872381646,0.0677010951524489,0.0702008712861954,0.07577867876876,0.0784645664563981,0.1077774476856138,0.1211081303494903,0.1305004426621592,0.1293625789141432
1973,3,16,0.0712693798788945,0.0737096928457859,0.0548352325545909,0.1692992170184986,0.1492068060914351,0.2465045218550418,0.105453501284481,0.2184001529147962,0.1976065959284344
1973,4,16,0.1418855753071262,0.0720657493820396,0.0920444900823709,0.1527666681992562,0.103458777506472,0.1818880157151107,0.2922053426268886,0.1371582462414157,0.3094639491501538
1973,5,16,0.3039134293067292,0.2908293657807629,0.2120094814851464,0.3253243789143465,0.2333061031680291,0.3917539092864683,0.4185254693364809,0.2499306671255222,0.4573656779963229
1973,6,16,0.5965030895566988,0.4468986468417544,0.4260381247910197,0.4937042113472706,0.3532210799701912,0.5395087890315448,0.6174189447652106,0.2774990955296755,0.7447264740605484
1973,7,16,0.6408433251152666,0.5519544089286149,0.6082815020394936,0.8730104981403807,0.5759187045320487,0.5664075472379331,0.557053699133317,0.2846949355994995,0.6699895790663408
1973,8,16,0.449372380671776,0.3774451262633337,0.3850258902925616,0.4097993647726434,0.3899705173403496,0.4726390782670348,0.533347531428581,0.3583437790802349,0.6900888720382926
1973,9,16,0.3338101593888685,0.2804126226138542,0.2562770463314064,0.2342414770000716,0.2815209180091887,0.3955021910494778,0.4685574052719713,0.3274990955296755,0.6439340514652646
1973,10,16,0.1097461951835008,0.0613443665881727,0.0848715712031311,0.1542909792957557,0.1864048512921009,0.2298155002897549,0.2243822513913994,0.2517224316660946,0.4847180240748243
1973,11,16,0.0826727676088174,0.0701394577459915,0.0736591032554287,0.0819672883313003,0.1045734473285616,0.1577774476856138,0.0774366493800391,0.2151755493196744,0.3517969508972699
1973,12,16,0.0821910569938667,0.0559224966590014,0.0835362082957199,0.1129837249979552,0.1218276387431862,0.1611693411139951,0.0708943615382695,0.1732701535729774,0.237268312932803
1974,1,16,0.0854725991522744,0.0458386944169015,0.0723313797084689,0.119062313990828,0.1169496721239453,0.1302247772532573,0.1117997936970853,0.1863564310440837,0.153951756080093
1974,2,15,0.0793002040758998,0.0647573013527829,0.0555968599139322,0.1025718806295805,0.0892068060914351,0.0641775966683714,0.096405647352193,0.1760421669604026,0.1558597271123714
1974,3,16,0.0838595097309264,0.0650827761933015,0.0599222119466657,0.123658762044626,0.1417180395906977,0.1910157188881975,0.1307322968534436,0.1795658928748703,0.2768307381615829
1974,4,16,0.1425242848639852,0.086043188844374,0.0998745615393152,0.2760742730842578,0.2070263585662446,0.3698971015636016,0.2510357308845925,0.2249400858701526,0.4135164759705287
1974,5,16,0.3036042373938561,0.2208293657807628,0.1778000241415423,0.3524324955652185,0.2573669969133831,0.5166039232156927,0.4927372637050987,0.1707857451124712,0.5049373061186742
1974,6,16,0.5362440767922092,0.3683387990924336,0.3916572244193581,0.528191337949043,0.3602101078980932,0.5707661216527772,0.7195559468947781,0.2320923439518427,0.7282546180554352
1974,7,16,0.5800131317016558,0.4119544089286149,0.4663026830812012,0.4095045823279302,0.2408594573994619,0.3483026992470337,0.836798758487968,0.3576644291770684,0.7503836183512864
1974,8,16,0.4186735376960724,0.3246676351641735,0.3523779777952021,0.2876289166332698,0.249042016075788,0.3907661216527771,0.7925246616793643,0.3929018187643794,0.7863534434978648
1974,9,16,0.2783368024203482,0.2008293657807628,0.2039981453622779,0.1882793776497632,0.1818572097491793,0.2784029398146775,0.3570824919096244,0.2909352156913074,0.5799633312472587
1974,10,16,0.1582793319809285,0.0360993013103356,0.0723238783884875,0.1217956312440353,0.1616602488640804,0.1808438340675743,0.1699539837180068,0.2213498639906756,0.5087751775457054
1974,11,16,0.0843166976891751,0.0827062746312665,0.0960176009865425,0.0993612592609085,0.114581554843817,0.1387313564485207,0.1711106132680585,0.1985018357296215,0.2768307381615829
1974,12,16,0.0837366147712175,0.0631997013603532,0.0760176009865424,0.0179952501270656,0.0598731522768296,0.0336723246519694,0.1061073315187784,0.184019505445817,0.1590636336440626
1975,1,16,0.0741783849995355,0.0643427665183311,0.0635362082957198,0.0923702774870266,0.0945734473285616,0.0900955569800298,0.0445169310782702,0.1556948893705876,0.0739020183428989
1975,2,15,0.0902667897043293,0.0660928833745857,0.0699999999999999,0.1691118805934364,0.1907135761301953,0.1536723246519694,0.0587689222903091,0.1608676280772394,0.1120494237891783
1975,3,16,0.1053576834147859,0.0496913153234224,0.0760682593588229,0.1277886508756565,0.1247594210911439,0.1465667948322925,0.1492208903200564,0.150660640314829,0.1944215192222179
1975,4,16,0.1447325803825658,0.0902941369687138,0.1026242028747898,0.1738587258995061,0.1523674195103845,0.2401178989877926,0.2014160119358661,0.1406957432566161,0.3240938435325621
1975,5,16,0.3427835789249833,0.2430539870073944,0.2040252863951973,0.3176032798834751,0.2354515078535668,0.348044075466372,0.4275787368325082,0.2668276172469863,0.5390100204039143
1975,6,16,0.5551441234809933,0.3774451262633337,0.4564772438927965,0.438002885947117,0.3340935390351836,0.5185638246841413,0.7109346806563881,0.2792381818000961,0.8339558162195404
1975,7,16,0.6594771424770879,0.3783719958319135,0.610642918639769,0.5191898801897947,0.3970602534449553,0.6474048066525643,0.7271904243004513,0.333847824822359,0.8426886118601536
1975,8,16,0.4674158167107223,0.2334080332536686,0.3872154102352246,0.4718426086563594,0.4268803392494675,0.6074048066525644,0.733783733828344,0.2448463670631108,0.7726886118601537
1975,9,16,0.2474749037194387,0.2288429673518159,0.2193520994189211,0.2507993455314186,0.2950386545624799,0.3593862726110542,0.3838864836942742,0.4124909874560767,0.6227605666531018
1975,10,16,0.1160975729939773,0.0510664987893074,0.0799421092460223,0.1953515199472659,0.2059418740344763,0.2158084738365463,0.2779064125221639,0.2163348198443058,0.501488699691157
1975,11,16,0.1060203833591324,0.0695205932471303,0.0663728764272078,0.1150864343070332,0.1245790289986011,0.1693232631652502,0.1693446204123175,0.1699698081768345,0.301343592292
1975,12,16,0.0865565011882664,0.0506687353532124,0.0626085064548116,0.0876244003148778,0.1467206166897541,0.1771468503230395,0.0764459600622116,0.1495152127728221,0.1619522312877061
1976,1,16,0.0776714084706384,0.0653547356681252,0.069696982731006,0.0983135807439046,0.1078512242750983,0.1583557538428222,0.0736626032946098,0.1743756165470238,0.0482996118553936
1976,2,15,0.0858309492221159,0.0660072248967567,0.0716475019204179,0.0719672883313003,0.0930222061593042,0.1508910119913073,0.1399590589225549,0.1057892014173296,0.1025524958117827
1976,3,16,0.0836231936227087,0.0716496620978179,0.0731313531865811,0.1279659999340679,0.1320113180547609,0.2108910119913073,0.1624261055850717,0.2124859053816643,0.2342922989489903
1976,4,16,0.1656296815597746,0.0939611568455053,0.1048715712031312,0.1938587258995061,0.1623674195103845,0.2805654156003959,0.2510667897724367,0.2660078775476852,0.3089334403808599
1976,5,16,0.3217195217797345,0.2188659695095919,0.1825324923474374,0.3834841410416251,0.2671113517708883,0.5171504026372721,0.4473834834534963,0.3462714078462459,0.4508006651846532
1976,6,16,0.6007167815797885,0.3037025811938107,0.4369531440976947,0.530483188866994,0.3902094388807363,0.6243462214715674,0.5495559468947782,0.5258972739465566,0.7127605666531018
1976,7,16,0.6686430396617055,0.4483719958319134,0.5819863119827188,0.5626872922069192,0.4233767677526564,0.6684918698911931,0.5393413205714599,0.5255051218678638,0.870267621112027
1976,8,16,0.5352262967680592,0.3710352877757752,0.3326064982599613,0.5049615439685031,0.4633767677526564,0.5660453647575147,0.4642568217085757,0.3754558516459594,0.7047264740605483
1976,9,16,0.3331483531756352,0.2121735743945935,0.2456166040478271,0.2590530847732067,0.3015209180091887,0.3476378751154411,0.3925947319668703,0.2032604357741479,0.629862638128635
1976,10,16,0.128818880187721,0.075077586285025,0.0236409639269031,0.149126257693611,0.1771817189572072,0.3596071502383955,0.321859231937278,0.2191406279149411,0.4414886996911569
1976,11,16,0.0923484096085626,0.0633451471663965,0.072090521615672,0.0872234000705483,0.1098295590678096,0.1565667948322925,0.1434881861065911,0.2185018357296215,0.2948452754420778
1976,12,16,0.069602539660889,0.0741456708202272,0.0781879433510887,0.0441948356583781,0.0711405253671746,0.0699141033187643,0.1136626032946098,0.2040295058574133,0.192645231878838
1977,1,16,0.0454725991522744,0.0555927266392538,0.0780024998710449,0.0747775283585146,0.0683848377660213,0.057072920482365,0.0948788297340809,0.1708676280772395,0.1672474035534975
1977,2,15,0.0714952914890268,0.0755125202848858,0.0676372574794582,0.0836501119405562,0.0918276387431862,0.1126787786274753,0.0930955113841933,0.1463564310440837,0.1712696624513256
1977,3,16,0.0722909280911696,0.0739789005192753,0.0686365003136387,0.1466006470941738,0.1360985562340235,0.1926339961926223,0.1576006706456735,0.2167215366885762,0.2660755927374925
1977,4,16,0.1211230832208056,0.0839611568455052,0.0826242028747898,0.1213876130895397,0.0968015813129872,0.1976002089283093,0.2590001837219556,0.1745712458852433,0.4624338152184531
1977,5,16,0.3299392227386892,0.2830539870073945,0.1811157350034571,0.2835962789564436,0.2386804320815191,0.4027998627344685,0.3927698119500173,0.2207857451124711,0.461172450026905
1977,6,16,0.6108821152271814,0.4200687880105888,0.4339286736856914,0.444822341314566,0.3273429888152326,0.5176471863406336,0.6674189447652107,0.2730263907420962,0.6068358202359952
1977,7,16,0.6287228079179769,0.3613542085480957,0.564185835011695,0.4721165248093307,0.3578848878152526,0.5495087890315448,0.6111151295864505,0.2946949355994995,0.949770186391511
1977,8,16,0.6021867184582164,0.2795084176866496,0.3691569553149253,0.4385416437872932,0.4002101078980933,0.4678125199880264,0.695494155256933,0.2354558516459594,0.8011402784314614
1977,9,16,0.3385717862886327,0.2025347333860205,0.2523564429706385,0.2447368298179712,0.2576454153805615,0.3455021910494777,0.4842855584845993,0.29011058132101,0.7304845085202285
1977,10,16,0.1731651522191846,0.093079312652598,0.07606760745067,0.185004153441513,0.189041591072946,0.2582370732494926,0.2502854192348369,0.2342248207271539,0.3504015903943281
1977,11,16,0.0750356390300885,0.0633451471663965,0.0759513624837765,0.0564677707648261,0.0862649210418874,0.1205299577094929,0.0711106132680584,0.2121227323704231,0.0675508375846464
1977,12,16,0.0860203833591324,0.0350494126838344,0.0852336489129915,0.0919672883313003,0.130601409124327,0.1634098539594738,0.0860243096161033,0.1532060048047278,0.1046119356431355
1978,1,16,0.1065009651680831,0.0625480230491698,0.0857574016060685,0.0773938410027386,0.0788025445682754,0.0851658369451826,0.0546064389236834,0.1895152127728221,0.0923715971402611
1978,2,15,0.0810513130800884,0.0670028315460835,0.0718448891976529,0.1012075426073016,0.1064581613502251,0.1258032580310394,0.0594526610248846,0.1032370636925719,0.083951756080093
1978,3,16,0.1162686658343205,0.0537816295751731,0.066598139597815,0.0934923972367621,0.0885561186342793,0.1436723246519693,0.1337604856070949,0.1371582462414157,0.2250877539602679
1978,4,16,0.1464985732383067,0.096692091681488,0.102870093299303,0.2009994418591902,0.1779709224269824,0.2818880157151107,0.2382162774236078,0.1585018357296215,0.3742427966533062
1978,5,16,0.2927328988229351,0.1706748612702815,0.1877278563147505,0.4147368298179713,0.3315209180091887,0.4707405641497136,0.513490109105453,0.1060567576144095,0.5993342574316378
1978,6,16,0.533696514237995,0.3771432335848006,0.3994689393087328,0.615176337557826,0.4148456567793592,0.5895087890315448,0.669756163510745,0.2164270956287111,0.6991911998430294
1978,7,16,0.7694771424770879,0.3503734815625419,0.690127924172691,0.6003822986980519,0.4174285003118273,0.5791171232190615,0.6237270000264212,0.2559540077484793,0.7894724001266491
1978,8,16,0.5207167815797885,0.3310352877757752,0.347712215174115,0.377803477444865,0.3499705173403497,0.4778125199880264,0.6608561168219609,0.2774990955296755,0.8096674340368373
1978,9,16,0.3766628861215788,0.1852533028066026,0.2072744972439411,0.187603279883475,0.2315382797248865,0.3255021910494778,0.5324949137038605,0.293659372820433,0.736071053594832
1978,10,16,0.1428246093502874,0.0437266470511525,0.0703172148164888,0.195004153441513,0.222738873541275,0.2844053084802838,0.217906412522164,0.2260567576144095,0.5004015903943282
1978,11,16,0.0962680139261676,0.0696317545149257,0.0651210123087482,0.1267679761338366,0.1372167749871622,0.1633540956156859,0.1194361725901987,0.1817399249041526,0.2238600455527407
1978,12,16,0.0894456007488243,0.0730930443526109,0.0816475019204178,0.0846856300898331,0.1157255998452088,0.1334289779991518,0.0927076926991055,0.1974521181173513,0.072645231878838
1979,1,16,0.1050356390300885,0.0633088116831203,0.078248282793529,0.1049800375225142,0.1055898839952165,0.0999116300698022,0.138373501399878,0.2770440999628558,0.0647051919628788
1979,2,15,0.1054733927627439,0.05739536822896,0.0719607936576488,0.0938520023529638,0.0916766754828108,0.1537998278113397,0.1576006706456735,0.2008676280772395,0.0743448327799186
1979,3,16,0.0902667897043293,0.0795205932471303,0.072090521615672,0.1241954223157259,0.1028804316511755,0.1513185484530489,0.1776006706456735,0.1717399249041526,0.1875818964724906
1979,4,16,0.1112444504104556,0.0868236385264122,0.1006676185678027,0.2155139707687749,0.1447594210911439,0.2549484369585136,0.3010667897724366,0.1448003461475555,0.2760672644460132
1979,5,16,0.3753404184205361,0.2111034547518488,0.160603389144125,0.2879565382386338,0.2066170816027422,0.2948132784349538,0.4759187085183992,0.2291406279149411,0.3714886996911569
1979,6,16,0.6447292805417082,0.3452078203240253,0.4855082670306921,0.5137042113472707,0.3165756456975144,0.5383026992470338,0.6384477569216838,0.2954558516459593,0.7202988405283979
1979,7,16,0.80744263169805,0.3734001733771447,0.7425489923109116,0.6506029695536589,0.4424055237699047,0.3695087890315447,0.5784477569216837,0.3546949355994996,0.9206042892068936
1979,8,16,0.6284143431097983,0.3090827592817624,0.3664772438927964,0.4113435311882708,0.3152045211276648,0.3278125199880264,0.5833475314285811,0.239589218685346,0.6521178444625654
1979,9,16,0.3200453032970993,0.2248184309840436,0.232571036948247,0.1750711923187906,0.2413800168897322,0.2835932908824239,0.3725947319668703,0.2930263907420962,0.5073712235220148
1979,10,16,0.1902164455621944,0.0653401684536485,0.061298041028888,0.1701327145440136,0.19350219743548,0.2261559683586432,0.2904408986502395,0.2129652188166489,0.4504015903943281
1979,11,16,0.0918855753071262,0.0815055774632643,0.0785973447364631,0.1026439122256035,0.0979709224269824,0.1196633035837801,0.1483233613297385,0.1799698081768345,0.3127449856947147
1979,12,16,0.0733317596620787,0.0681243865925135,0.0594021331853913,0.0680497510955919,0.0974943463580435,0.0830715709638424,0.0754620497465474,0.2145712458852434,0.1150313792906066
1980,1,16,0.0824661869365157,0.027496180866865,0.0760835111063003,0.0764472458608169,0.0904680145324309,0.0858032580310394,0.0799697234445376,0.2032370636925719,0.1247051919628788
1980,2,15,0.0917936073224413,0.0686796723278114,0.0690997976004021,0.0585039165357783,0.0762562709378175,0.1337998278113397,0.097488491556788,0.1260421669604026,0.1272247197237829
1980,3,16,0.1095070826815506,0.0804431731959576,0.0715773524306375,0.1322933484364329,0.1398522428975242,0.2208910119913073,0.1373382153061444,0.1560421669604026,0.1710007615124249
1980,4,16,0.1314984475043856,0.0920657493820397,0.0710440439349579,0.2335186854809761,0.174535781693455,0.2561559683586433,0.2232474734663039,0.1551755493196744,0.3835164759705287
1980,5,16,0.3242256928706949,0.1937045775855354,0.1495698048861501,0.3669428375998957,0.2621252214436198,0.4692887187258991,0.4738864836942743,0.2380889824385346,0.5177900328513845
1980,6,16,0.7321867184582164,0.4151080020610154,0.5031278608956254,0.6198486349945479,0.3799760628660414,0.5105297320915878,0.513347531428581,0.2279291813948938,0.7435688058333709
1980,7,16,0.6696070640859828,0.4829338018930964,0.5859439288698729,0.8219691521918377,0.57470812727279,0.5952638022750405,0.6807315448442441,0.1807374942731495,0.8694605442440011
1980,8,16,0.4808821152271814,0.3168699100657307,0.3883398808315341,0.4976289166332698,0.419042016075788,0.4260453647575146,0.5639844207015277,0.2758972739465565,0.7316015486215248
1980,9,16,0.2517195217797345,0.1736488192417475,0.1866303046865651,0.2577887131981498,0.21867210379004,0.2665751864396691,0.4464696709246074,0.2617262208149135,0.6048236609678006
1980,10,16,0.1543881436922038,0.0849061050280417,0.0577856470413678,0.079054089866819,0.1174501147861045,0.1441675962567751,0.204485654812371,0.2747650058870056,0.4269441572531303
1980,11,16,0.0830517845704449,0.066374526939123,0.0794021331853913,0.1076244003148777,0.1456175613809585,0.1585826867348055,0.0860373891117287,0.2126111725703747,0.1933370346904496
1980,12,16,0.0772961896426666,0.0515055774632643,0.0790997976004022,0.0688068037177059,0.0788025445682754,0.0922723484491002,0.0645169310782703,0.1720919189490007,0.1199460269175267
1981,1,16,0.0923484096085626,0.0582330792875217,0.062090521615672,0.0790705164855495,0.0832540802427053,0.0753821650137723,0.0582352336524603,0.1166835412910988,0.0479965697803002
1981,2,15,0.08178683443653,0.0609418489420627,0.0742208381290165,0.1073938410027386,0.1004680145324309,0.1257492849485662,0.0655586538600351,0.1434451377489725,0.079113200246671
1981,3,16,0.1078524578981183,0.0677315311293718,0.033401300776867,0.1161963855710141,0.14,0.1866571961934847,0.1369786101899428,0.1154136202374188,0.1601340341972482
1981,4,16,0.1388746261019688,0.0851698177958852,0.0958971665184797,0.2352111412039235,0.1914898970515101,0.2953236401306325,0.3295696509840173,0.1693391633960231,0.4153256985675811
1981,5,16,0.3849401177162077,0.2569852661774198,0.2062232843793432,0.3834091163763138,0.2845029606315329,0.4993862726110541,0.4810894928366558,0.1507276791921066,0.4744554141009286
1981,6,16,0.6074158167107223,0.383463659653424,0.3994443752033265,0.3622726945215778,0.2626100551495336,0.3806269189988401,0.7270536991333171,0.3361396757403099,0.6078047970980996
1981,7,16,0.6184819085149912,0.4409216426249017,0.6481783487758617,0.4596661143836028,0.3000546267004687,0.4113166462480375,0.8298383367978109,0.2224909874560766,0.5503836183512865
1981,8,16,0.4374158167107222,0.2857969146755393,0.4822412526280678,0.3258551076182792,0.3165756456975144,0.4043462214715674,0.4214890989002977,0.2493606982205866,0.6255133882169981
1981,9,16,0.2488780690757013,0.1713104425142592,0.1723104710937341,0.2229834579714267,0.2362024379537049,0.3822404347628008,0.3653195103843476,0.2784157338731832,0.5348236609678007
1981,10,16,0.1277579109776778,0.0334931423130743,0.0625744651375956,0.0679633791408256,0.1053498250387415,0.164508621521631,0.1454616087997364,0.2707857451124712,0.3635975986096782
1981,11,16,0.0938542104459431,0.0650627923418626,0.0585743388634694,0.0743435131266839,0.0993616676336069,0.1406485334731173,0.0899334588139976,0.1744902361657534,0.2513990583875434
1981,12,16,0.0710513130800885,0.0759224966590014,0.0471691811109864,0.0973944929108916,0.1167343761081218,0.0852097367417736,0.0612921342967393,0.1832701535729775,0.1219767154997903
1982,1,16,0.0990059778697723,0.0725947814080813,0.0664164339599184,0.0996092984310127,0.1225500465312996,0.1288159800679712,0.0787689222903092,0.1405004426621592,0.0704173668152775
1982,2,15,0.0755109035261255,0.0509418489420627,0.066702025327417,0.0847038723096442,0.1045570706317328,0.1555658381973972,0.0834862129531806,0.0905004426621592,0.0880510707488266
1982,3,16,0.0914952914890268,0.0816496620978179,0.0820905216156721,0.1492992170184985,0.1242496073658187,0.194958579180541,0.1776825398045523,0.2017307599575738,0.1577899705288911
1982,4,16,0.139522094168873,0.0808768296688502,0.1028691887636572,0.2187191296737078,0.1803948098729179,0.2897139836858284,0.2749879723212804,0.2030130433112068,0.3987751775457054
1982,5,16,0.2780281744196959,0.2288429673518159,0.2220094814851464,0.2800038961522722,0.203306103168029,0.3669757080579444,0.4353195103843477,0.2142248207271538,0.5290100204039143
1982,6,16,0.6608821152271813,0.3653503520622536,0.4451096235264581,0.4673008720668091,0.3712068897932711,0.5606269189988401,0.5985672203530142,0.2559540077484793,0.8439558162195404
1982,7,16,0.7682129282899816,0.4300320331223656,0.5786620258610375,0.5795401701863693,0.4476871663970948,0.6556532126788219,0.6239844207015277,0.3860387855713679,0.8696674340368372
1982,8,16,0.4466776503682941,0.2964995720514293,0.3500172976362021,0.3851763375578259,0.3139519839502592,0.4921567015289043,0.5162454599530479,0.2561546946216629,0.6811402784314614
1982,9,16,0.3300453032970993,0.1808293657807629,0.1827662903272589,0.241043932274465,0.231206889793271,0.333408526585106,0.4564696709246074,0.3008328244311419,0.5564371767317613
1982,10,16,0.0929886306159218,0.0391323941668581,0.0605228868413816,0.1391076525976434,0.1633683761452798,0.2405212821058637,0.2449879723212804,0.2207857451124711,0.2647180240748242
1982,11,16,0.1022909280911697,0.0768128429271436,0.1115773524306374,0.0797612605131232,0.1114898970515101,0.1118788507685318,0.0590525842499759,0.1994590594274374,0.1990554095200537
1982,12,16,0.0917777589061351,0.0733088116831203,0.0859915698926857,0.0804160471620429,0.1217180395906977,0.0700955569800297,0.0487312782310176,0.2271582462414157,0.1966019667474084
1983,1,16,0.0937366147712175,0.0452771366828718,0.0703059962669674,0.0912007950913838,0.0926048393440267,0.0708910119913073,0.0321254691046924,0.1871582462414157,0.0519686079845349
1983,2,15,0.1041903833753808,0.0761794831626979,0.063876862705182,0.0723702774870265,0.1030122451260671,0.1766765999443459,0.0366056538011282,0.1576293568746558,0.1057359970201103
1983,3,16,0.0976946018094871,0.0652753820647014,0.0688501567893605,0.1191871127764925,0.1251573351558094,0.1885712458835303,0.0393446204123174,0.1626111725703747,0.2219741896545744
1983,4,16,0.1329812253089571,0.0747626864460752,0.082044490082371,0.1591076525976433,0.1109791779813586,0.2022708231813812,0.2332474734663039,0.1792931915191187,0.2228466685095401
1983,5,16,0.2832943724924123,0.2068615184583541,0.1838849076518549,0.3390087007506797,0.1976454153805615,0.3531054497510831,0.5188105918675273,0.1647650058870056,0.3050725119720252
1983,6,16,0.6691149599966696,0.4074420187235213,0.4351096235264582,0.4597993647726433,0.335589616968688,0.4576471863406336,0.4977603932053869,0.2896109834396217,0.5323206479137491
1983,7,16,0.6686430396617055,0.3960613129043598,0.5702739954162217,0.5396661143836027,0.3800546267004687,0.5569435364625008,0.562027856740474,0.453929769700886,0.5639932416425059
1983,8,16,0.4865030895566988,0.3274451262633336,0.3591719741962784,0.4260697339415975,0.423948876410447,0.5063027854326211,0.4817395113553813,0.3211685554370794,0.5595414898396038
1983,9,16,0.2429666968027565,0.1553829003071724,0.2238030246870866,0.2106149209729299,0.2117146780109509,0.2810594849220341,0.4041645459241705,0.3261396757403099,0.486071053594832
1983,10,16,0.0928246093502874,0.0860993013103357,0.0689480391018455,0.1191076525976434,0.1733683761452798,0.2397018481845897,0.2082115929783995,0.3207276791921066,0.4500052158055069
1983,11,16,0.0637614613701263,0.0665253324628065,0.0782830648789441,0.1041070523855281,0.1202305593121391,0.2259372922282877,0.0683744003139628,0.1563564310440837,0.2650054730947476
1983,12,16,0.0779904519293464,0.0663555428572217,0.0739899768998831,0.1292214797459249,0.114855069294638,0.1277774476856139,0.06246449792787,0.1743756165470238,0.1636600816978607
1984,1,16,0.0869024318029146,0.0470028315460835,0.0712421893961408,0.0712075426073016,0.0859768826317009,0.0605084499939182,0.0514105861030644,0.1864187040213344,0.1590636336440626
1984,2,15,0.082406626128019,0.0660072248967567,0.0690997976004021,0.0916383957704462,0.0972167749871622,0.1235932285599306,0.085797945357861,0.1365525253115347,0.2041976465046062
1984,3,16,0.0842466609891696,0.0650827761933015,0.084046254513672,0.1379659999340678,0.1538069540886451,0.19402921072298,0.0911106132680585,0.1795152127728221,0.1775508375846464
1984,4,16,0.1255522650989985,0.0522956868813497,0.0660819150330201,0.2033357150372149,0.150211435272461,0.2898971015636016,0.3045132673709635,0.2485018357296215,0.3436380242990373
1984,5,16,0.3399392227386892,0.2352431605845752,0.2101755258160312,0.4282793776497632,0.299548996597157,0.3922404347628008,0.4770013692704747,0.1403731912949056,0.5206162406261645
1984,6,16,0.6635993273307427,0.2812285595494909,0.5484731312205748,0.5220079423037525,0.3439488764104469,0.4197590742505798,0.4734482245472049,0.2782548490037195,0.8281926576022777
1984,7,16,0.5189617253084869,0.4334692051791159,0.8139349678759309,0.4047251544073136,0.269042016075788,0.4149944578740687,0.4874189447652106,0.4358972739465566,0.7095414898396039
1984,8,16,0.382806904735459,0.3130421389102313,0.4236353104164345,0.4021019682755286,0.3499070310640704,0.4295087890315447,0.3899220700317074,0.2346949355994995,0.5894605442440011
1984,9,16,0.3168307111620627,0.2516132720791106,0.2362770463314064,0.2260990301973512,0.2566986828765888,0.2700787579364803,0.3582230427711519,0.1739358645230793,0.4964371767317613
1984,10,16,0.1130695952391549,0.0635074498954245,0.0659198503481942,0.1247300644704271,0.1133683761452798,0.1637611159229078,0.1936189274971943,0.2453541002385197,0.4290544044264414
1984,11,16,0.0971313355467322,0.0648829620906122,0.0818817299992492,0.1057346773668756,0.100601409124327,0.1605346421547012,0.139052584249976,0.1349400858701527,0.1368307381615829
1984,12,16,0.081628391324494,0.0740814272096519,0.0725338800048053,0.0819509116344715,0.1052500712228648,0.1285712458835303,0.1233573855500853,0.2074521181173512,0.2541108452877249
1985,1,16,0.0972423460794875,0.0629375415833399,0.0742247074879443,0.1069800113422623,0.1156392518537838,0.1699116300698022,0.0845169310782703,0.1722571339674898,0.083951756080093
1985,2,15,0.0854733927627438,0.0408045716998912,0.0774574272282078,0.0935191547039936,0.1052272775628591,0.1699116300698022,0.1055567241030144,0.1707429211803492,0.1119767154997903
1985,3,16,0.1062686658343206,0.0680405516206773,0.0703900874212287,0.094343513126684,0.1151573351558094,0.1736723246519694,0.0996213706377747,0.1585832656375626,0.3047313841236617
1985,4,16,0.1295985101395055,0.0687235758912923,0.0726242028747898,0.2013876130895397,0.1742496073658187,0.2805346421547012,0.2626402144494476,0.1994590594274374,0.3806796526242244
1985,5,16,0.3292255635977982,0.2116132720791106,0.2320094814851464,0.3086007307960097,0.2344017902412966,0.468044075466372,0.4722600708456516,0.1716058184755102,0.5549373061186742
1985,6,16,0.6565030895566989,0.4590827592817624,0.5506817087516838,0.5068345005827608,0.3385554905994555,0.5143462214715674,0.6087411201909407,0.2549894246517192,0.7602988405283979
1985,7,16,0.5713722944861888,0.3968699100657308,0.5613610586548505,0.6997688667382765,0.5065388908092913,0.6169435364625009,0.5286625505110065,0.4367954456515427,0.8196090552447968
1985,8,16,0.5447292805417082,0.3351080020610154,0.3855082670306922,0.344961543968503,0.3033767677526564,0.3960453647575146,0.4909346806563881,0.3719264374308803,0.7400888720382925
1985,9,16,0.3079826919371186,0.2021735743945935,0.2386776626002037,0.1811711303736703,0.2316592437704681,0.2892887187258992,0.3777276899532523,0.3415115944915952,0.6260710535948321
1985,10,16,0.1001425157215199,0.040986589757033,0.0730172795746153,0.1740109226054808,0.2117138115949047,0.2449130966979636,0.2054158356493744,0.3226517719235104,0.3890544044264413
1985,11,16,0.1100585893048353,0.0526591837753958,0.0479095747596241,0.0748881873607821,0.1198295590678096,0.13402921072298,0.0957351232505573,0.2084001529147962,0.3047266996784534
1985,12,16,0.0844547506499089,0.0675980862292302,0.0785142370662612,0.1137985946853884,0.1189280451286468,0.1083557538428221,0.09246449792787,0.2299698081768345,0.1299460269175267
1986,1,16,0.0937531732265489,0.0542106362842369,0.0703577854355433,0.0773944929108916,0.0857255998452088,0.0906417260608319,0.0834862129531806,0.1947105767401351,0.0748384680297924
1986,2,15,0.0965009651680832,0.0622442381950793,0.0705653287010593,0.1219938521198714,0.1332170769494149,0.1641028698864331,0.0945169310782703,0.2228798869438643,0.1191884324297271
1986,3,16,0.1000005482109002,0.0745253804490278,0.076598139597815,0.1050864343070332,0.1062649210418874,0.1826037839659303,0.1594361725901986,0.1665424517404001,0.2876065959284344
1986,4,16,0.1400817155307306,0.0499513036632995,0.0928686021063094,0.1783730189840973,0.1419053760157599,0.2149122302819174,0.257906412522164,0.1796674094787968,0.4192849186500713
1986,5,16,0.2880281744196958,0.217098743169526,0.1655031849562796,0.3351292582391552,0.2190724044943685,0.4510594849220342,0.5448289303663664,0.330911394111076,0.4851305778923898
1986,6,16,0.6724416591035653,0.4105533957580296,0.4880067042263346,0.6211389587782268,0.4406090449443783,0.5630499095753376,0.5983085542677468,0.2074990955296755,0.6782546180554352
1986,7,16,0.7083452533968435,0.4686976634407391,0.5203318401278629,0.5298486349945478,0.3724674774726617,0.5005297320915878,0.6537270000264213,0.3470000180615867,0.8003836183512865
1986,8,16,0.4747292805417081,0.2868986468417543,0.3711718880106911,0.324822341314566,0.3599148909405942,0.4156039424569174,0.5039694018201746,0.4119264374308802,0.7247264740605484
1986,9,16,0.3685717862886327,0.1864849813974223,0.1786776626002036,0.2042414770000716,0.2615209180091887,0.3450556284361921,0.4204814980033751,0.403659372820433,0.597449787356442
1986,10,16,0.1442389363531501,0.0773347350146466,0.0713176786735348,0.1883630185725009,0.1995608446943201,0.2505212821058638,0.2177771922489364,0.1942248207271538,0.3835164759705287
1986,11,16,0.0930054255053842,0.0579928747827515,0.061990650518369,0.0775805768192559,0.10350219743548,0.1465045218550418,0.075335333346631,0.1854136202374188,0.2387204493269425
1986,12,16,0.0718339200324599,0.0662670337314099,0.0568252534222701,0.1210307181250896,0.113813701604563,0.1530715709638424,0.0887312782310176,0.1774521181173513,0.1195789069827329
1987,1,16,0.0808058292573793,0.0724109332029238,0.0751251237903935,0.0669800113422623,0.0946785999041158,0.1634319234250908,0.0859097704797195,0.2356011941376081,0.0361991244084344
1987,2,15,0.0828089129303092,0.0678052164762168,0.069396924047783,0.1165137870468193,0.1146000111171327,0.1449164582777105,0.0914774924954284,0.1311704576420909,0.0716397154236808
1987,3,16,0.085038202770468,0.0621493870665488,0.0663728764272078,0.0848371483765578,0.114855069294638,0.1794633397289001,0.1557351232505573,0.1435242338410113,0.0476149863528961
1987,4,16,0.1194669632945813,0.0891323941668582,0.1160496557423125,0.2127666681992562,0.163458777506472,0.3461559683586433,0.3268219279903956,0.1847095716465228,0.3486020504492443
1987,5,16,0.3642256928706949,0.1760440085746278,0.1925324923474375,0.3147167044215896,0.2341079183653611,0.3934078575677491,0.3582029173747704,0.2063348198443058,0.4000052158055068
1987,6,16,0.7151441234809932,0.4212285595494909,0.35110626201315,0.4482532984022006,0.2877354172364165,0.4032530453874815,0.5975137849855021,0.1720923439518427,0.6573712235220148
1987,7,16,0.8035060958818648,0.3868699100657308,0.6082815020394936,0.6072453318910636,0.4478610662350213,0.5821567015289043,0.5525246616793642,0.343847824822359,0.683313865188022
1987,8,16,0.5365030895566989,0.3510352877757752,0.4700172976362022,0.3552787288179913,0.351614859747941,0.4408855850841077,0.4817395113553813,0.2661546946216629,0.6695414898396038
1987,9,16,0.319918105197894,0.1925347333860204,0.2993520994189211,0.1869952850501944,0.216202437953705,0.3271472950974597,0.4027372637050986,0.3381546084360757,0.5478047970980997
1987,10,16,0.1553096049991137,0.0553401684536485,0.0686724467946968,0.1806783329709897,0.1913102028346183,0.249213694060588,0.2048738260427205,0.2778959846554139,0.3436839961759418
1987,11,16,0.0826727676088174,0.0622442381950793,0.0754923753818267,0.1541095256344903,0.1469496721239453,0.2005299577094929,0.1957795613896136,0.2321227323704232,0.2208872845203187
1987,12,16,0.0750356390300885,0.0725017993000734,0.080615016758273,0.1205927903711523,0.1332170769494149,0.1508910119913073,0.0673382153061445,0.2147641394709594,0.13793111863592
1988,1,16,0.0982631089007373,0.0633088116831203,0.0682257513280115,0.0939006986896642,0.0792842511728308,0.0808910119913073,0.0790667906796606,0.1656948893705876,0.0648895070140168
1988,2,15,0.0830054255053842,0.0669073233260445,0.072783507195731,0.0564728459693742,0.044855069294638,0.0946883157385228,0.1055342725400694,0.1564187040213345,0.1141967419689605
1988,3,16,0.0819936137713765,0.0556512861904159,0.0799222119466657,0.0941144576924928,0.0774433073738191,0.13402921072298,0.1114774924954284,0.118992201910531,0.1555152904220095
1988,4,16,0.1323665701601911,0.1022956868813498,0.1136409639269031,0.1942909792957556,0.1672167749871622,0.2549122302819174,0.2886973541571042,0.2042800233210192,0.3514886996911569
1988,5,16,0.3483932353697874,0.2378949325543709,0.2204693976919667,0.4047368298179712,0.3214399082896987,0.490258672131968,0.4622600708456515,0.1896840589056375,0.6073021917200436
1988,6,16,0.6561195048144924,0.3468986468417543,0.3400195914009294,0.5763521238446303,0.3470602534449553,0.4949944578740688,0.7108561168219609,0.2431049545765233,0.6202988405283979
1988,7,16,0.6735060958818647,0.418107243614088,0.6094066576104853,0.6416580736799317,0.386310370344532,0.4560708791430665,0.6470536991333171,0.3658972739465566,0.6696090552447967
1988,8,16,0.4251441234809933,0.3453503520622536,0.4106817087516838,0.3035674861801363,0.2978610662350214,0.4460453647575146,0.557053699133317,0.3629018187643794,0.613313865188022
1988,9,16,0.302389329240723,0.2552431605845752,0.273744958766722,0.243969486700253,0.2261213153145554,0.3484029398146776,0.4484221994186201,0.230478828187882,0.5082546180554353
1988,10,16,0.0968694230504946,0.0566252932449122,0.0606246780824029,0.1779633791408257,0.2153498250387415,0.2147366984118993,0.2390001837219556,0.2599306671255222,0.4142427966533062
1988,11,16,0.0912693798788946,0.0529179102442309,0.0663005586925856,0.1320481041359437,0.1409044511994204,0.2371468503230395,0.1296840177083805,0.1536198660141417,0.2733370346904495
1988,12,16,0.0766800942669877,0.0423966525978014,0.0646754750913363,0.1219938521198714,0.1284645664563981,0.1696032699791136,0.0840122048877572,0.1117399249041526,0.10793111863592
1989,1,16,0.1061919763681833,0.0738315436564605,0.0754923753818267,0.1416434483685574,0.1390739297620874,0.1326339961926223,0.0555586538600351,0.1564187040213345,0.1266794118288041
1989,2,15,0.1151960590548144,0.0636746489160055,0.0592156336963143,0.1125718806295805,0.1017180395906977,0.1105299577094929,0.0808943615382695,0.1674521181173512,0.2068755205964359
1989,3,16,0.0867985460733127,0.0390028872930418,0.039704484573021,0.0942909792957557,0.0905359579799467,0.1493232631652502,0.1402417215895263,0.1945886076009412,0.1919309423494282
1989,4,16,0.1608250845579005,0.0985228588368745,0.0906676185678028,0.1853515199472659,0.1340038977315701,0.2250881766811108,0.3310357308845925,0.1621227323704231,0.5428466685095401
1989,5,16,0.3449576109542656,0.2090260800745823,0.1921924519289075,0.3069952850501944,0.2382995361146209,0.4100787579364803,0.5186154711923359,0.2701105813210099,0.5210452519276996
1989,6,16,0.6202177041116997,0.4100687880105887,0.3847727966452827,0.4837042113472706,0.3432210799701912,0.543433494317544,0.5514890989002977,0.3355178053487164,0.6823206479137491
1989,7,16,0.78744263169805,0.3886976634407392,0.5211718880106911,0.5033125455347874,0.3661878539240414,0.5991171232190615,0.5697561635107449,0.3583437790802349,0.6647264740605483
1989,8,16,0.5903283306481885,0.2537025811938107,0.3564772438927964,0.4249615439685031,0.3906090449443783,0.453433494317544,0.6093413205714598,0.363847824822359,0.5802421067264751
1989,9,16,0.2818576308948557,0.197894932554371,0.214367143565291,0.2713427174131856,0.2740935390351836,0.3180772722058519,0.5353195103843477,0.2531049545765234,0.5273712235220148
1989,10,16,0.1416522819739604,0.095077586285025,0.0448715712031311,0.1308859648670841,0.1553728271965175,0.2600460546843457,0.285281844197216,0.2542248207271539,0.4269441572531303
1989,11,16,0.100765735176557,0.066374526939123,0.0767020253274169,0.0877886508756565,0.1003948098729179,0.1676002089283094,0.1130087938216236,0.1936198660141417,0.2290554095200536
1989,12,16,0.0948758815668339,0.0579104675127331,0.0806060119778452,0.0822489102973767,0.1126066121758011,0.1294633397289001,0.0775932653387088,0.2336198660141417,0.0564690904180607
1990,1,16,0.0998973892065036,0.0635345911030206,0.0642247074879442,0.1347775283585146,0.1299820482916425,0.1177774476856138,0.1017997936970852,0.1285832656375626,0.0825732002828151
1990,2,15,0.0967537721323686,0.0770028315460835,0.0503059962669674,0.1008960384382187,0.104535781693455,0.0993232631652502,0.0882637413116952,0.1960078775476852,0.0516397154236808
1990,3,16,0.0888761460768393,0.0637984112896121,0.0651466124173056,0.1679297989826854,0.149374135131098,0.2173063370523738,0.1337604856070949,0.2554136202374188,0.2142388666350623
1990,4,16,0.1897461951835009,0.0666252932449122,0.0667235175435233,0.2135186854809761,0.164535781693455,0.2594412823300768,0.2810914892283804,0.1975532885075875,0.3545065124268616
1990,5,16,0.3881577719202657,0.2914508212576017,0.2660303228858222,0.3947368298179712,0.3115209180091887,0.4400787579364803,0.4968953293294946,0.3849894246517192,0.5013471446062325
1990,6,16,0.6902177041116998,0.4167142222832656,0.4684731312205747,0.6204982077483471,0.4275421454627008,0.5995087890315448,0.5108561168219609,0.2879758151338305,0.6176302362865045
1990,7,16,0.8359320887773555,0.3337032502111676,0.7859439288698729,0.5095401701863692,0.3576871663970948,0.5191171232190614,0.5616775509022237,0.5329018187643795,0.6803836183512865
1990,8,16,0.5440505104812549,0.4803734815625419,0.4536353104164345,0.4291898801897947,0.3499760628660415,0.4321567015289043,0.368764941771172,0.5067954456515428,0.6398499546477824
1990,9,16,0.332389329240723,0.2425347333860204,0.2386776626002037,0.2990087007506797,0.3112296954449646,0.3697740643845272,0.389585243150532,0.403659372820433,0.5939558162195403
1990,10,16,0.1710274350173116,0.0350391939422267,0.0590898136099742,0.2140109226054808,0.2173362234676884,0.2664829106552638,0.3177995342566992,0.3096259735735691,0.3538985901535503
1990,11,16,0.0871313355467321,0.0404431731959575,0.0802008712861954,0.1202742726539142,0.138340836364137,0.2010157188881975,0.1364976153368778,0.184019505445817,0.2533370346904496
1990,12,16,0.0833200947988222,0.0662670337314099,0.0706150167582729,0.1164677707648261,0.1501867358165172,0.1141775966683714,0.0869604496383144,0.1732701535729774,0.1541967419689605
1991,1,16,0.0811859053281094,0.0489102238428984,0.0790997976004022,0.1425511761585481,0.1445570706317328,0.0985826867348055,0.057284807638569,0.1924859053816642,0.0541976465046062
1991,2,15,0.08598126196155,0.0580168531106093,0.072783507195731,0.0541282171108605,0.0825500465312996,0.1151658369451826,0.0908800539559193,0.1614753618672497,0.1212696624513255
1991,3,16,0.0901226184221633,0.0718982808106677,0.0563728764272077,0.1625718806295805,0.1305721589313292,0.1933540956156859,0.1546870080445645,0.1413498639906756,0.1655152904220095
1991,4,16,0.127936486914257,0.0880931534302071,0.1007218705838751,0.2175495179314118,0.1702114352724611,0.2950881766811107,0.2293050879471145,0.1921227323704232,0.3003527103276038
1991,5,16,0.4192744436645225,0.2125347333860205,0.2311157350034571,0.3138972705003156,0.2461248444782375,0.387637875115441,0.4788105918675273,0.1863348198443057,0.3518346170844015
1991,6,16,0.6779126216496125,0.2379325987415026,0.4794689393087329,0.3997993647726434,0.275589616968688,0.3906269189988401,0.5774189447652106,0.3009352156913073,0.529800684425878
1991,7,16,0.6296070640859828,0.5842906392593787,0.5715860666917731,0.6595045823279303,0.4430893478642551,0.6155734444225505,0.5656027377625115,0.4151610692012463,0.7298499546477824
1991,8,16,0.4293573617904228,0.3368699100657307,0.312377977795202,0.4655120685637635,0.3800546267004687,0.3991171232190615,0.6925246616793642,0.5151275673467305,0.6426886118601537
1991,9,16,0.2992744436645226,0.2113104425142592,0.2138030246870866,0.2435151563172941,0.3029575496716306,0.3531689360273624,0.3525947319668703,0.4232854035065858,0.4750823270530682
1991,10,16,0.1315180851490324,0.0513820106474641,0.0712249426064794,0.1206999441707677,0.1559418740344763,0.1797018481845896,0.1625403028199998,0.2203933166912872,0.3335975986096783
1991,11,16,0.0981099812351218,0.0434431358489467,0.0670419396039899,0.0667681867979782,0.0823674195103845,0.1305346421547012,0.1134866661317205,0.2095121045567397,0.147614986352896
1991,12,16,0.0833200947988222,0.0760928833745857,0.0682257513280115,0.1319753958465557,0.1614898970515101,0.1422400097599588,0.1071363248937369,0.1795152127728221,0.0808539381624453
1992,1,16,0.0969024318029146,0.0650494126838344,0.0667241590882213,0.1316434483685574,0.1647594210911439,0.1406485334731173,0.0376144300640411,0.1884231550725721,0.0479673195873025
1992,2,15,0.0878411649707855,0.0485662274599763,0.0718448891976529,0.1072669932795683,0.1247594210911439,0.1141775966683714,0.093430100487219,0.1224556931549721,0.1291884324297272
1992,3,16,0.0664960903197386,0.0513023975675864,0.0416335135569623,0.1308960384382186,0.1264048512921009,0.1518788507685319,0.1240971309053342,0.1551755493196744,0.2077899705288912
1992,4,16,0.1394850908755825,0.0466252932449123,0.0806676185678028,0.1942909792957556,0.1645815548438171,0.2418880157151107,0.3182162774236078,0.2043605307106729,0.2697584530173375
1992,5,16,0.2823928584044051,0.2069852661774198,0.2287121689452031,0.3796976133652037,0.2866986828765888,0.5165751864396692,0.4827372637050987,0.3092381818000961,0.3291098386669242
1992,6,16,0.6691149599966696,0.3510352877757752,0.3429479467001376,0.6747251544073137,0.4778610662350213,0.7665374688468279,0.7553288216095402,0.2239097852755166,0.5104845085202284
1992,7,16,0.7714184127627913,0.3968699100657308,0.5383398808315341,0.4413435311882708,0.3470602534449553,0.5921567015289043,0.549756163510745,0.3572567158416063,0.6121178444625653
1992,8,16,0.587065510872472,0.3552078203240253,0.4333989208552451,0.3327592469998672,0.3111744928510992,0.4363027854326211,0.433347531428581,0.4562594564269749,0.5572466515442981
1992,9,16,0.2228850955289098,0.1529287198186839,0.2076058871755565,0.1540275720323214,0.1944394564284283,0.2980772722058519,0.3375787368325083,0.2931049545765234,0.4164371767317613
1992,10,16,0.1201425157215199,0.050986589757033,0.0866397663819993,0.1697612605131231,0.2298731522768297,0.2505346421547012,0.2012748638288372,0.2809808657876625,0.4187751775457055
1992,11,16,0.0851960590548144,0.0695085472492422,0.0797995935245023,0.122551176158548,0.1230222061593042,0.1996633035837802,0.0838922990819864,0.1642572176693257,0.2887204493269425
1992,12,16,0.079416040171812,0.0668128429271436,0.0774710019951407,0.1008526185092106,0.1536056008564516,0.094930835377885,0.0713480684883502,0.1948104883695828,0.1338000119480742
1993,1,16,0.0714952914890268,0.0671969782613269,0.0570957831671689,0.0904160471620428,0.1069496721239453,0.10402921072298,0.0412921342967394,0.1326111725703747,0.1304074057820404
1993,2,15,0.0802757119303219,0.0508045716998912,0.0457808554860524,0.1157346773668756,0.1292068060914351,0.1534098539594738,0.1114774924954284,0.1332617631485158,0.1021545817471172
1993,3,16,0.0984834713544417,0.0677315311293718,0.0356353459992695,0.1446106159899008,0.1321837463267596,0.1926339961926223,0.1337604856070949,0.2203865513437431,0.2208973580914533
1993,4,16,0.1546088502903047,0.120986589757033,0.0893216876933754,0.2138587258995061,0.1493743457952395,0.3298971015636016,0.2112748638288372,0.1425993244732116,0.4490544044264414
1993,5,16,0.3245675500407886,0.2111034547518488,0.1362874331475928,0.3534091163763138,0.2654515078535668,0.4640839553340373,0.4822600708456516,0.2470023118263139,0.4234854606948597
1993,6,16,0.6891149599966696,0.4395834423519608,0.5112721285783349,0.3622726945215778,0.3026100551495335,0.4738074636313911,0.4814890989002977,0.3559540077484793,0.539800684425878
1993,7,16,0.7243239533494531,0.3821690352519331,0.5102739954162216,0.5797688667382764,0.3965388908092913,0.5213166462480376,0.4074407095194864,0.3746949355994996,0.617246651544298
1993,8,16,0.4751441234809932,0.4334080332536686,0.4011718880106911,0.3468345005827607,0.3402101078980932,0.4236080551291391,0.4187649417711721,0.5358972739465566,0.6863534434978649
1993,9,16,0.2979826919371187,0.0662320158543493,0.2333904708695211,0.2942414770000716,0.3315209180091887,0.4308757700030647,0.4570013692704748,0.2720923439518427,0.5127605666531018
1993,10,16,0.1498736147826193,0.0660993013103357,0.0869720586500904,0.159126257693611,0.2101867358165172,0.2368696274995343,0.2903156314615289,0.27917164319061,0.4086248561009379
1993,11,16,0.074119238201266,0.0736746489160055,0.0786365003136388,0.1108720222600719,0.1034781812573332,0.2113185484530489,0.1884534104321524,0.2165424517404001,0.1727449856947148
1993,12,16,0.0987747453389671,0.0739550837164306,,0.0706109179521535,0.0830122451260671,0.076676599944346,0.1368569365876203,0.2096674094787968,0.1550313792906066
1994,1,16,0.0988189509981991,0.0631997013603532,0.0759196123039921,0.0863218861313855,0.0987413166818553,0.0730279777548223,0.1021495980889202,0.1747641394709593,0.1090636336440626
1994,2,15,0.0872961896426666,0.0402696939055553,0.0737342774094241,0.0486633851357395,0.0973836873557759,0.1577718660155743,0.1625567294387302,0.1424859053816642,0.1548895070140168
1994,3,16,0.0800585893048353,0.0524030187817092,0.0473130225994431,0.1291871127764925,0.1294803599404626,0.194930835377885,0.1034866661317205,0.2593391633960231,0.2129280984174812
1994,4,16,0.146923924019021,0.0557085997413484,0.1045321739070681,0.2100384024972716,0.1540038977315701,0.2996071502383955,0.3482162774236078,0.1560078775476852,0.4764675651503418
1994,5,16,0.3624704518798726,0.1852533028066026,0.1594359835959498,0.3542414770000716,0.3150481275527871,0.5348132784349537,0.428223042771152,0.2699306671255223,0.4896989330184383
1994,6,16,0.6651441234809933,0.3164995720514292,0.4539524952659228,0.4360697339415973,0.3236500912717263,0.4732530453874815,0.5439694018201745,0.4424909874560767,0.6451776572110605
1994,7,16,0.8318846710638098,0.5121690352519331,0.6141235468739557,0.6909988599456346,0.5024055237699047,0.8012543581102982,0.5611151295864505,0.5419856904363808,0.7194724001266491
1994,8,16,0.5691404743822214,0.3034080332536686,0.4206817087516837,0.4813435311882708,0.4652045211276648,0.5513166462480377,0.4685672203530142,0.4360387855713677,0.6500888720382926
1994,9,16,0.2579272576966357,0.1899549189937594,0.222915243448003,0.2751292582391552,0.291206889793271,0.3231054497510831,0.3325392977263874,0.2830263907420962,0.5644554141009286
1994,10,16,0.1298736147826192,0.0256218821787787,0.0258971665184797,0.1817956312440353,0.2116602488640803,0.2255617110483768,0.1743822513913994,0.3007857451124712,0.2938038922073561
1994,11,16,0.0934204048556983,0.0659901171665253,0.081068973403397,0.1191118805934364,0.1268015813129872,0.2226037839659302,0.1328474722140893,0.1836130251119497,0.0947313841236618
1994,12,16,0.0788369067891364,0.0743427665183311,0.0657536866646482,0.1026439122256035,0.1108307920359673,0.0996633035837802,0.0587312782310176,0.1945712458852433,0.1472683129328029
1995,1,16,0.0921910569938666,0.054901739441296,0.0622062196525213,0.0941144576924928,0.1021837463267596,0.103911994817208,0.0808807058640723,0.1408676280772395,0.0694064787107341
1995,2,15,0.0911859053281094,0.0459901171665253,0.0471691811109864,0.0734923972367621,0.0669496721239453,0.0968040195434644,0.0586634117740181,0.1395121045567396,0.1491884324297271
1995,3,16,0.0830054255053842,0.0586677242585451,0.0370419396039899,0.1545755599599458,0.1319053760157599,0.1626339961926223,0.1225980935466171,0.1848104883695829,0.1575818964724905
1995,4,16,0.0991484455773431,0.0740647929823155,0.1127882241404241,0.1801327145440136,0.1523674195103845,0.2618880157151107,0.2364129917174273,0.1593391633960231,0.2591451789274741
1995,5,16,0.3835908773450187,0.1674970400446445,0.2333991464731502,0.2587738578924708,0.1917138115949047,0.3627998627344685,0.3132433463172835,0.2805924733387555,0.4996989330184384
1995,6,16,0.6996070640859828,0.3337032502111676,0.3894689393087328,0.494961543968503,0.3199705173403496,0.3626390782670348,0.5870679078799608,0.2909352156913074,0.6485429634405279
1995,7,16,0.6886430396617055,0.4311803087101692,0.5382139366343006,0.5572453318910635,0.4678610662350213,0.6321567015289044,0.4748297441414515,0.4676256390651537,0.6907342108157885
1995,8,16,0.4708821152271814,0.3300687880105888,0.3859190983389948,0.4035674861801364,0.4239519839502592,0.5683026992470338,0.3974407095194864,0.3720086107179462,0.6421178444625654
1995,9,16,0.2958694579736234,0.2504126226138542,0.1923564429706385,0.2590087007506798,0.2862888355199684,0.357150402637272,0.4785574052719713,0.2064516597341175,0.5235830145800148
1995,10,16,0.1386354334365521,0.0383482116077124,0.0612456470775118,0.1624419685555257,0.1594053652789175,0.2434078575677492,0.2003156314615289,0.2492381818000961,0.4042427966533062
1995,11,16,0.0783542407206803,0.0509185317306832,0.093422787147211,0.1461978047551997,0.1651573351558094,0.2134098539594738,0.1102417215895263,0.1895121045567396,0.3107635368012531
1995,12,16,0.0871313355467321,0.0687943345833813,0.0931196883233246,0.101235433704311,0.1152304335782179,0.1477554893187456,0.073488186106591,0.2047105767401351,0.1716397154236809
1996,1,16,0.084768567015395,0.0560072248967567,0.0787558062858952,0.0847038723096442,0.1017932717737538,0.0949164582777105,0.104670629334587,0.1684231550725722,0.1100017728317744
1996,2,15,0.0867985460733127,0.0597569145708733,0.0559915698926856,0.0738520023529638,0.0902335047380781,0.1348668916751021,0.0887312782310176,0.1598940338551436,0.1316397154236809
1996,3,16,0.0866800942669877,0.0653656293820885,0.0624231915149238,0.1467679761338367,0.1528804316511755,0.2141775966683714,0.1657795613896136,0.1824859053816642,0.1891275773468455
1996,4,16,0.1427748716130933,0.0766252932449123,0.0910440439349579,0.2513977387343087,0.1814898970515101,0.3261559683586433,0.3164129917174273,0.3044303447657868,0.3489334403808598
1996,5,16,0.3049576109542656,0.2221735743945935,0.1977278563147504,0.3687040438373569,0.2817601604935282,0.3762048484253676,0.4982230427711519,0.2607276791921066,0.4591098386669242
1996,6,16,0.7361195048144925,0.3534636596534239,0.4962777153487634,0.51393273181203,0.3636500912717263,0.5236080551291391,0.4857589074747585,0.4508328244311419,0.5227605666531018
1996,7,16,0.7043239533494531,0.4743525997125363,0.6669470492755016,0.5821165248093308,0.4078848878152527,0.5083026992470339,0.5629454375439471,0.4319264374308802,0.6633138651880219
1996,8,16,0.3762440767922091,0.3146676351641735,0.2905163751042909,0.5396661143836027,0.4247081272727899,0.6160708791430665,0.5895559468947781,0.3432854035065859,0.6672466515442981
1996,9,16,0.2624704518798726,0.1340626804511614,0.237957365444768,0.2890087007506797,0.3012296954449646,0.3835932908824239,0.3782230427711519,0.2634452000714659,0.4904845085202285
1996,10,16,0.1218855753071262,0.0151698177958852,0.0466397663819992,0.1739094060015543,0.1650481275527871,0.2337611159229078,0.2326124706467916,0.2846651876239957,0.3487751775457055
1996,11,16,0.0917936073224413,0.066374526939123,0.0392156336963143,0.0195775873294982,0.0569496721239453,0.0602247772532574,0.1046870080445644,0.2175532885075875,0.2352124608571581
1996,12,16,0.0874512648111251,0.0544778797150439,0.0768252534222702,0.0773758892943812,0.0948995074336942,0.0957492849485661,0.1108621022475618,0.2220919189490007,0.1519767154997904
1997,1,16,0.0924661869365156,0.0385662274599763,0.0730176383335532,0.145949959637018,0.1628804316511755,0.1525727644822522,0.0721495980889202,0.2134451377489725,0.1104173668152775
1997,2,15,0.0701226184221633,0.0590273591491315,0.0725338800048053,0.0948371483765578,0.1045734473285616,0.1268316321020569,0.0969604496383143,0.1756948893705877,0.1519522312877061
1997,3,16,0.0994160401718119,0.0502902773677023,0.064023984400908,0.1481074171329339,0.1369496721239453,0.2205299577094929,0.1402543997511588,0.2054136202374188,0.2301340341972483
1997,4,16,0.1392802590522348,0.0733453852105986,0.0913176786735348,0.1919728700013397,0.1517932717737539,0.2727592633813328,0.3073418306366043,0.2554136202374188,0.4436380242990374
1997,5,16,0.3180180321976685,0.2511034547518488,0.1740252863951974,0.3238972705003156,0.2417138115949047,0.3992136940605879,0.4777603932053869,0.2696259735735691,0.5291098386669243
1997,6,16,0.5951441234809932,0.4005533957580296,0.3436097529133709,0.6613435311882708,0.4699070310640704,0.6239959156333171,0.7193413205714598,0.2761396757403098,0.6773712235220148
1997,7,16,0.5927493987864093,0.4837282179436055,0.4690560651459832,0.7629123002438417,0.5175677029657644,0.6596798035472544,0.5525246616793642,0.2832854035065858,0.8895059019811649
1997,8,16,0.481561465130348,0.375960619785736,0.3249437170054956,0.5011389587782268,0.4344487676536208,0.6160708791430665,0.5774407095194865,0.3751966570596853,0.7455133882169982
1997,9,16,0.3131483531756353,0.1736488192417475,0.2266303046865651,0.254454094447694,0.2544394564284282,0.3865751864396691,0.429585243150532,0.4296109834396218,0.6127605666531019
1997,10,16,0.1380612856999216,0.0334751906047169,0.0303121622183776,0.163335715037215,0.1902198256969228,0.2177013793185456,0.2862298789946609,0.2707857451124712,0.4835975986096782
1997,11,16,0.065070558494443,0.0438419688223228,0.0531196883233245,0.0872234000705483,0.1021837463267596,0.1648586675510931,0.1376810486115587,0.1621227323704231,0.2401340341972483
1997,12,16,0.0775134290749407,0.0638929666999573,0.073492996868279,0.0759499596370179,0.1021837463267596,0.1203801376442199,0.1113480684883502,0.1971582462414157,0.1841108452877249
1998,1,16,0.0869245655637189,0.054901739441296,0.0703577854355433,0.0722933484364329,0.0951573351558094,0.0877774476856138,0.096405647352193,0.2089922019105309,0.093951756080093
1998,2,15,0.0779904519293464,0.0681243865925135,0.0552729862872462,0.1012075426073016,0.0991199460440806,0.171318548453049,0.0975932653387088,0.1547641394709594,0.1316397154236809
1998,3,16,0.0930023900342894,0.0634431358489468,0.0598581828293376,0.1139504364268584,0.1184645664563981,0.2177342003804677,0.2100868600473545,0.1699698081768345,0.2376065959284344
1998,4,16,0.1956423597214072,0.0849061050280417,0.1227808188334595,0.1675805768192559,0.1372167749871622,0.2796601953676977,0.3641861571239484,0.144360530710673,0.3606796526242244
1998,5,16,0.4192744436645225,0.200519500879319,0.1938849076518548,0.3253243789143465,0.2386895970280979,0.4317539092864684,0.4525947319668704,0.2779291813948937,0.4111724500269049
1998,6,16,0.6428660949127003,0.5243525997125363,0.3762777153487634,0.4960697339415974,0.3536500912717263,0.4356039424569174,0.5712896903980458,0.3792239730534523,0.5850823270530682
1998,7,16,0.8784023675293194,0.419666787490472,0.5796726263935659,0.6131793941011695,0.3947081272727899,0.4791171232190614,0.6267987584879681,0.4411685554370795,0.7095414898396039
1998,8,16,0.6192564716214808,0.363463659653424,0.3685224014424793,0.3968345005827606,0.3434013318580627,0.4143462214715674,0.6189982815169442,0.4989690324081034,0.5539932416425059
1998,9,16,0.3238101593888685,0.1452533028066026,0.1890251571223005,0.2334841410416251,0.2520687884941806,0.3857665892782983,0.5212749261513305,0.2030263907420961,0.5727605666531018
1998,10,16,0.1599012273412118,0.0581717422171901,0.0676136590798223,0.1460834380308366,0.1634921238643454,0.1896071502383955,0.3025938655508241,0.2968276172469863,0.3734104360295485
1998,11,16,0.0650093306080229,0.0456134782134931,0.0896969827310059,0.078049751095592,0.0906559100928533,0.17338515450353,0.2228474722140893,0.178992201910531,0.2591553211495014
1998,12,16,0.0900585893048352,0.0544778797150439,0.0825338800048054,0.0658584074591368,0.084654263133205,0.1300955569800297,0.0825567294387302,0.140660640314829,0.2050313792906066
1999,1,16,0.0955271638396933,0.0477010951524489,0.0689489920767187,0.0464472458608169,0.0504680145324309,0.0799999999999999,0.1021495980889202,0.1660421669604026,0.0961991244084344
1999,2,15,0.0860203833591324,0.0763555428572217,0.0414279848489964,0.0561963855710141,0.0636730537944619,0.1266571961934847,0.0808621022475618,0.0940295058574133,0.0999460269175267
1999,3,16,0.0934204048556983,0.0782045620114167,0.0871691811109864,0.1091118805934364,0.108340836364137,0.1710157188881976,0.1876810486115588,0.1696674094787968,0.2029280984174812
1999,4,16,0.1369239240190209,0.0822344589949297,0.0745321739070681,0.2003856800870866,0.154535781693455,0.2694412823300768,0.3514495920940064,0.1344303447657868,0.2860672644460132
1999,5,16,0.3327297906068526,0.2148184309840436,0.154757204478768,0.3690530847732067,0.2717138115949047,0.4608757700030647,0.5875137849855022,0.286427095628711,0.4273656779963229
1999,6,16,0.7252262967680593,0.4613542085480957,0.3164624796460813,0.5139919219892713,0.3319390967756644,0.4783026992470338,0.713783733828344,0.3261396757403099,0.7904995274015816
1999,7,16,0.5704744018917193,0.4779419099666951,0.4806429186397691,0.5194710804734145,0.3453654059971285,0.5956532126788219,0.6944850728988152,0.4257440392583739,0.6894724001266491
1999,8,16,0.5392564716214808,0.3511704936291263,0.3007757347234601,0.3727592469998672,0.3575421454627008,0.5378125199880265,0.567053699133317,0.3620086107179462,0.6898499546477824
1999,9,16,0.3258694579736234,0.1994350163475507,0.2377268512211382,0.2893329377784032,0.295589616968688,0.4961020985594374,0.3859187085183992,0.3381546084360757,0.572009261956987
1999,10,16,0.1382354321843376,0.030986589757033,0.0686742196264711,0.1188337492924374,0.1550481275527871,0.2158084738365463,0.2102854192348369,0.2768276172469863,0.3792523704051526
1999,11,16,0.0909466138302834,0.0558008367835573,0.0541917930696692,0.1790540898668191,0.1840038977315701,0.2396601953676977,0.1194361725901987,0.1617399249041526,0.2060755927374924
1999,12,16,0.0823933276274226,0.0570993797369122,0.0614279848489964,0.0633707236344395,0.0832540802427053,0.0725725538181107,0.0676810486115588,0.1860421669604026,0.1458201946471684
2000,1,16,0.0782631089007372,0.0546160375326732,0.0701503399340369,0.0799986803467654,0.1051780396268418,0.1434098539594738,0.0733573855500853,0.1470542256076247,0.1179965697803002
2000,2,15,0.0750356390300885,0.0515055774632643,0.0709270700151792,0.058049751095592,0.0788039637524611,0.1171468503230395,0.0355567241030145,0.1617399249041526,0.1579965697803002
2000,3,16,0.0726727676088174,0.0574255348624043,0.094023984400908,0.1219753958465557,0.1298295590678096,0.2210157188881976,0.1269786101899428,0.1996674094787968,0.2364367517289194
2000,4,16,0.1344405442202242,0.0502941369687137,0.0809671148843643,0.1650041534415131,0.126843705979089,0.2496071502383955,0.2795696509840173,0.2163348198443058,0.2661003498505859
2000,5,16,0.2680281744196959,0.2264849813974223,0.229059446535018,0.3690087007506797,0.2676454153805615,0.5180772722058519,0.4331838263183843,0.2609352156913074,0.5227605666531018
2000,6,16,0.6561195048144924,0.3568986468417543,0.4361222341511388,0.4039544965663057,0.2576773513160519,0.4185638246841413,0.6639844207015277,0.4670000180615867,0.7278047970980996
2000,7,16,0.6208433251152666,0.375898666082979,0.4990560651459832,0.5402663014587926,0.3544487676536207,0.4030499095753375,0.8529907952811109,0.2659540077484793,0.8011402784314614
2000,8,16,0.412806904735459,0.3838880145084855,0.4241858350116949,0.3776289166332698,0.3190420160757881,0.4320745282418383,0.5025246616793643,0.4263893780358697,0.6803836183512865
2000,9,16,0.2749401177162076,0.2121735743945935,0.252915243448003,0.2422394977820979,0.2479305379116079,0.4140839553340374,0.5131838263183844,0.2734599643181811,0.647449787356442
2000,10,16,0.1315180851490324,0.0724211874417212,0.0616851688316285,0.0935962789564437,0.1236712088125216,0.2017539092864684,0.1743582352132526,0.3364558324047346,0.4004015903943282
2000,11,16,0.0800817155307307,0.0604013086535344,0.0656305427466182,0.0691262576936109,0.084535781693455,0.1803097704579011,0.1221495980889202,0.2343605307106729,0.2650054730947476
2000,12,16,0.0867985460733127,0.0555927266392538,0.0862491140536012,0.0539504364268584,0.0674943463580435,0.044930835377885,0.0825567294387302,0.2295658928748703,0.1064690904180607
2001,1,16,0.0799943988939317,0.0623662797743701,0.0648187033326749,0.0512683427980909,0.0593616676336069,0.0496032699791136,0.0984662504756948,0.1965424517404,0.1261991244084344
2001,2,15,0.0872423460794876,0.0658386944169015,0.0742241272354135,0.0625380966629226,0.0688025445682754,0.0877554893187456,0.0796213706377746,0.1691751723542921,0.1946119356431355
2001,3,16,0.0857662763175923,0.0306243805328332,0.0785743388634694,0.1276244003148778,0.1268009946556394,0.1708910119913073,0.1551296613217381,0.2021227323704232,0.2427449856947147
2001,4,16,0.1418855753071262,0.0499513036632995,0.1060496557423125,0.1647253800252188,0.1139937720868011,0.194167596256775,0.3062298789946609,0.1367215366885762,0.4360672644460133
2001,5,16,0.2697601377905131,0.2621827393411723,0.1734038309183585,0.3347167044215897,0.254107918365361,0.468044075466372,0.4424949137038604,0.3756184984673402,0.5325996817836381
2001,6,16,0.6708821152271813,0.3974420187235213,0.4145288740662106,0.5672453318910635,0.3566337310295828,0.4536080551291391,0.6526760931429754,0.3531049545765233,0.833568805833371
2001,7,16,0.6084819085149912,0.4863400883835762,0.480127924172691,0.4594592245907665,0.3008594573994619,0.4853447478706434,0.8231523273367833,0.3677730116826466,0.8807342108157884
2001,8,16,0.4591149599966696,0.3251080020610154,0.4802739954162216,0.380498207748347,0.334878853518839,0.4739959156333171,0.5982113673604944,0.3763893780358699,0.733313865188022
2001,9,16,0.3411136707055269,0.2037045775855354,0.1977268512211381,0.1976039489008319,0.2044394564284283,0.2710594849220341,0.4224949137038604,0.1730208452164043,0.637449787356442
2001,10,16,0.108818880187721,0.0337212187066453,0.0648715712031312,0.1553515199472659,0.1759418740344763,0.219213694060588,0.2726402144494476,0.2556184984673402,0.4347381494712059
2001,11,16,0.088874172923429,0.042917910244231,0.0212948850135291,0.1266006470941738,0.1342496073658187,0.2185482437257542,0.0625485269440087,0.1517399249041526,0.2217969508972699
2001,12,16,0.0808058292573793,0.0557558038984139,,0.0634742366851337,0.0802305593121391,0.123911994817208,0.0756633531098402,0.1820919189490007,0.1081087367861685
2002,1,16,0.0765009651680831,0.0538929666999573,0.0776572413308971,0.0495225808684429,0.0684645664563981,0.0908346373216461,0.0076144300640411,0.0920919189490007,0.0647051919628788
2002,2,15,0.0928089129303093,0.0590273591491315,0.047849847202297,0.0619672883313003,0.0751573351558094,0.0977342003804677,0.0213480684883502,0.1644902361657534,0.0995789069827329
2002,3,16,0.104316697689175,0.0430560776090226,0.0442543441744112,0.1116383957704462,0.1073100313069055,0.194523707357982,0.0617845051553397,0.1985018357296215,0.2317969508972699
2002,4,16,0.1536517012819436,0.0680931534302071,0.087660383910034,0.2343133213035185,0.1716602488640804,0.3552672071811933,0.2899216450288654,0.2442800233210192,0.3200052158055069
2002,5,16,0.3242256928706949,0.2311034547518487,0.2501755258160312,0.4485683338538378,0.3362428636430641,0.5506269189988401,0.5064696709246075,0.2299306671255222,0.6073021917200436
2002,6,16,0.6040505104812549,0.4205533957580296,0.4169270648501321,0.6621165248093308,0.4461878539240415,0.6265374688468279,0.6459843345159404,0.4911685554370796,0.7435688058333709
2002,7,16,0.5983333975141955,0.4121690352519331,0.4986620258610377,0.5663292035630648,0.3561736451773977,0.5577737298761118,0.8266656070543502,0.3929018187643794,0.7111402784314613
2002,8,16,0.3716334199232962,0.3005533957580296,0.3811718880106911,0.5107328911625538,0.4144487676536208,0.6489839717854438,0.6746251717314075,0.2348463670631108,0.7694724001266491
2002,9,16,0.3139453652422196,0.1985412698658614,0.2523104710937341,0.2750711923187905,0.2762888355199684,0.4484029398146776,0.4769703539948058,0.293659372820433,0.5322740141748123
2002,10,16,0.1298736147826192,0.0490830263082908,0.0427882241404241,0.1213422726387654,0.1639937720868011,0.2653236401306325,0.204828485591946,0.2991406279149411,0.426996604703429
2002,11,16,0.0647325803825657,0.0431792215270526,0.0710689734033969,0.1048371483765578,0.1074433073738191,0.1508910119913073,0.1125485269440087,0.2051191163702352,0.2435200051342107
2002,12,16,0.0980956526693539,0.0646160375326732,0.0830176383335532,0.0873938410027386,0.0975733564762331,0.1449916904607666,0.1094526610248846,0.1896674094787968,0.1593625789141432
2003,1,16,0.0948758815668339,0.0547573013527829,0.0749774839193049,0.1020724409068545,0.0889280451286468,0.1092969749210362,0.0611081303494903,0.1784231550725722,0.0412696624513256
2003,2,15,0.0708058292573792,0.0572956355914833,0.063198845670429,0.039062313990828,0.0717932717737539,0.1416234526782078,0.0796213706377746,0.1338811199120219,0.109113200246671
2003,3,16,0.0901226184221633,0.048440572038497,0.0456537777901936,0.1419728700013398,0.1362649210418874,0.2682465462397998,0.1201643051287502,0.2567215366885763,0.1891275773468455
2003,4,16,0.137172465125588,0.0686373979732583,0.0835109148244891,0.2168294185083482,0.1739937720868011,0.3555617110483769,0.2926124706467917,0.2747095716465227,0.3686248561009378
2003,5,16,0.2995741170941967,0.193967048278031,0.2295597313150154,0.3329834579714267,0.2376454153805615,0.396419498657204,0.4214427511918145,0.3264270956287111,0.4561003498505859
2003,6,16,0.6257086735061897,0.3152078203240253,0.5091569553149253,0.6121019682755288,0.4376773513160519,0.6749944578740688,0.6437270000264212,0.3803816412806297,0.6151776572110604
2003,7,16,0.6520535670245985,0.3937282179436056,0.5884426331862078,0.715115449253484,0.4552934512041803,0.6100347793440402,0.5797561635107449,0.5656447462864221,0.8394724001266491
2003,8,16,0.4524416591035654,0.2867142222832656,0.3859190983389948,0.3991898801897947,0.3425681705912855,0.5674048066525643,0.3942568217085758,0.5811062672993402,0.6626886118601536
2003,9,16,0.2749401177162076,0.1544623198828366,0.1421889227652255,0.2522394977820979,0.2679305379116079,0.4038074636313911,0.4324949137038604,0.4339097852755166,0.6182546180554352
2003,10,16,0.137928262790248,0.0094700249447753,0.0733776387575755,0.1060742730842578,0.1494355775056096,0.1922708231813813,0.2299216450288654,0.2803731912949057,0.4824338152184532
2003,11,16,0.0768396645954088,0.0473705311917182,0.0818448891976529,0.0458188749939337,0.0745790289986011,0.119140292721489,0.1407322968534436,0.1697490107526434,0.2007635368012531
2003,12,16,0.0828931709794417,0.0564450255229377,0.0562392672773713,0.0685343663699133,0.0894803599404626,0.1100421246661018,0.0719901294889591,0.1960421669604026,0.1793005366717332
2004,1,16,0.0784327533000988,0.0544778797150439,0.0760176009865424,0.0579912795422477,0.0632540802427053,0.077072920482365,0.0955586538600351,0.1447105767401351,0.0212696624513255
2004,2,15,0.0717777589061351,0.0669073233260445,0.0703059962669674,0.0755663712967952,0.0874433073738191,0.1177774476856138,0.0946870080445645,0.1624556931549722,0.1150313792906066
2004,3,16,0.0871313355467321,0.0509617431581242,0.0285743388634694,0.1019753958465557,0.1121837463267596,0.2085482437257542,0.1525485269440087,0.1803865513437431,0.3243146409567532
2004,4,16,0.1274085392933422,0.0690830263082909,0.0793216876933753,0.2579633791408257,0.1981201297660362,0.4052672071811933,0.4253830145874522,0.2051191163702352,0.4891098386669242
2004,5,16,0.3089125754207006,0.1569953397485544,0.2154729727295876,0.311833297431167,0.2254515078535668,0.4431054497510831,0.4946573433268511,0.2568276172469863,0.5342754999054409
2004,6,16,0.6604744018917192,0.3430421389102314,0.4960436703167116,0.4518426086563594,0.3096014440474557,0.5316596853025533,0.6503207135359413,0.3841981306606092,0.7521032879287632
2004,7,16,0.6935060958818647,0.381378030128327,0.598144846921346,0.5338752258629803,0.3831043667456083,0.4784918698911931,0.7230263831395499,0.4220086107179462,0.7698499546477824
2004,8,16,0.5361195048144924,0.2934080332536686,0.3445288740662107,0.3502407870732405,0.3025681705912855,0.5356532126788218,0.5495559468947782,0.3177730116826468,0.7216015486215248
2004,9,16,0.2727714434237446,0.1867992454811034,0.1981363959448506,0.2239694867002531,0.220562697235895,0.3110833065022654,0.353490109105453,0.3577584551488446,0.6698006844258779
2004,10,16,0.1169815900563629,0.0716798790368156,0.1232843824378322,0.1469546856970587,0.1694053652789175,0.2352672071811933,0.2262528811524368,0.3496840589056375,0.4187751775457055
2004,11,16,0.0799048910485186,0.0445253804490278,0.037313022599443,0.0741095256344903,0.0842445547677076,0.1422400097599588,0.0957795613896136,0.1785018357296215,0.1769560053502934
2004,12,16,0.08178683443653,0.0624561036316334,0.0825517143473448,0.0602742726539141,0.0952500712228648,0.1222400097599588,0.0721495980889202,0.2003818668985348,0.1438000119480742
2005,1,16,0.0823933276274226,0.0545465741478356,0.0535362082957198,0.0504160471620428,0.0745570706317328,0.0967006161224928,0.0411853229324571,0.1324859053816642,0.0441157773457274
2005,2,15,0.0800005482109003,0.0682330792875217,0.0676572413308971,0.0648371483765578,0.0826048393440267,0.1008346373216461,0.0615144718326663,0.1299474661690717,0.1182996118553937
2005,3,16,0.0599048910485186,0.0580405516206773,0.0548352325545909,0.1279659999340679,0.1256175613809585,0.2168316321020569,0.0464976153368778,0.1363564310440837,0.1608872845203187
2005,4,16,0.1329886306159218,0.0684695787973622,0.1048715712031312,0.2335186854809761,0.1709791779813586,0.3544281141319774,0.3349879723212805,0.1551191163702352,0.4738985901535503
2005,5,16,0.3325568494461361,0.2521827393411723,0.2475075157403688,0.2953243789143465,0.222644561494533,0.363113309627607,0.4434901091054529,0.3064516597341175,0.4161003498505859
2005,6,16,0.6140505104812549,0.3368986468417543,0.3909930947084459,0.5537042113472708,0.3832210799701911,0.4843462214715673,0.5495559468947782,0.423847824822359,0.653568805833371
2005,7,16,0.5828660949127002,0.3288585483102029,0.655002970010996,0.6693387553665527,0.4246141013010137,0.5977737298761119,0.7432550796914571,0.3863893780358697,0.7907342108157884
2005,8,16,0.463835716891932,0.2251080020610154,0.3855082670306922,0.3647251544073136,0.3153654059971285,0.3571481088725448,0.4870536991333171,0.3376644291770684,0.6816015486215248
2005,9,16,0.2440034311625841,0.205014060322263,0.2197176987223964,0.2573643583430883,0.2605626972358951,0.3457665892782983,0.4304814980033751,0.3408328244311419,0.6785429634405279
2005,10,16,0.1099012273412117,0.0447626864460752,0.0578608792244239,0.1256933771173596,0.1617500182715008,0.2062048484253676,0.2443721778202648,0.2096840589056374,0.4947381494712058
2005,11,16,0.0758541842656913,0.0252753820647013,0.0479095747596241,0.0455139707687749,0.0753728271965175,0.1211560976315401,0.103484893299946,0.2045712458852434,0.2708872845203187
2005,12,16,0.0709446840732627,0.0577010951524489,0.072864742505298,0.0658584074591368,0.1009044511994204,0.1377774476856139,0.0880324448854499,0.1757892014173296,0.1726452318788381
2006,1,16,0.0728089129303092,0.0537708062569441,0.0639368894203966,0.0500004531785398,0.0738745017953523,0.0894633397289001,0.1155567241030144,0.1666835412910988,0.0966794118288041
2006,2,15,0.1028764515270363,0.066719385808847,0.0593969240477829,0.0849671974789717,0.094855069294638,0.1508346373216461,0.0984534104321524,0.1435242338410113,0.1150877539602679
2006,3,16,0.0955109035261254,0.0618982808106677,0.073401300776867,0.1158584074591368,0.1268009946556394,0.1557492849485661,0.1678297260798647,0.1584001529147962,0.1768005259348908
2006,4,16,0.1212444504104555,0.0649061050280417,0.1006676185678027,0.2206999441707677,0.152738873541275,0.2761559683586433,0.3102854192348369,0.2193391633960231,0.3387053634905915
2006,5,16,0.4126767454775504,0.2128985075919919,0.1962232843793432,0.3850711923187906,0.2823632923613641,0.463408526585106,0.4871229175989834,0.212957358940125,0.6550823270530681
2006,6,16,0.7321867184582164,0.4213542085480957,0.556927064850132,0.5324981215627598,0.3699070310640704,0.5871481088725449,0.5595559468947781,0.4581546084360757,0.7278047970980996
2006,7,16,0.7108433251152667,0.415960619785736,0.6841235468739555,0.6294710804734146,0.4553654059971285,0.7812543581102982,0.629838336797811,0.6398866885330822,0.8794724001266492
2006,8,16,0.5091149599966696,0.2583719958319135,0.3107757347234601,0.5296661143836027,0.436560655563567,0.6372587354090335,0.6193413205714599,0.1895892186853459,0.7907342108157884
2006,9,16,0.3466628861215788,0.1604126226138542,0.2134105962659026,0.253969486700253,0.2617146780109509,0.4043462214715674,0.4824949137038604,0.3248463670631106,0.6350823270530681
2006,10,16,0.1431117199052566,0.0594700249447752,0.0476136590798224,0.1008859648670841,0.122738873541275,0.1837611159229079,0.2310357308845925,0.273659372820433,0.4359506512554288
2006,11,16,0.0855109035261254,0.0380405516206773,0.0631196883233246,0.0979297989826854,0.113458777506472,0.19115609763154,0.0583744003139628,0.2251191163702351,0.2047313841236618
2006,12,16,0.084840620995133,0.0660928833745857,0.0657808554860525,0.063658762044626,0.116897138293017,0.1373063370523738,0.0382637413116953,0.2210080068205819,0.151644768021792
2007,1,16,0.0736231936227087,0.0561794831626979,0.0426085064548116,0.0410668947972006,0.0502305593121391,0.070834637321646,0.0476144300640412,0.1795121045567396,0.1012696624513256
2007,2,15,0.0855271638396933,0.0656738176559333,0.0791441541170227,0.105245065277837,0.0990534048580782,0.1274480260528315,0.115453501284481,0.1448003461475555,0.0921545817471171
2007,3,16,0.0992828322914401,0.034896536857545,0.0499222119466657,0.1209994418591903,0.1184250339911951,0.2153236401306325,0.1754371245876522,0.2045712458852434,0.1976149863528961
2007,4,16,0.1291484455773431,0.0684695787973622,0.0667811835808653,0.2217956312440352,0.1704739059649566,0.3545784355767449,0.3326300722274202,0.2842248207271538,0.4185696535070724
2007,5,16,0.3177889319353564,0.1830539870073944,0.1904693976919666,0.3247368298179712,0.2414399082896987,0.3500787579364803,0.4569703539948058,0.2592381818000961,0.5482806973029979
2007,6,16,0.6852262967680592,0.3400687880105888,0.3394443752033265,0.5776289166332699,0.4003948721954111,0.6913166462480377,0.7339844207015277,0.2946949355994995,0.732009261956987
2007,7,16,0.7205322466033605,0.3225351583888624,0.5686620258610375,0.5399882594131061,0.3565388908092912,0.5353447478706432,0.7607563753751221,0.403847824822359,0.7603836183512864
2007,8,16,0.517065510872472,0.2637032502111676,0.3623779777952021,0.3281913379490429,0.2949254872577758,0.4005297320915879,0.6848297441414515,0.3119264374308802,0.7803836183512864
2007,9,16,0.280707470354596,0.1876010606784355,0.2201611464858537,0.2129834579714267,0.2362888355199685,0.2964194986572039,0.5112749261513305,0.2892381818000961,0.6218439283095941
2007,10,16,0.1215180851490324,0.0350859187724384,0.0282513537774296,0.1289321207276252,0.1709691775697623,0.1964829106552639,0.2010667897724366,0.2786399448447427,0.5290544044264414
2007,11,16,0.0840513717442664,0.0490730367828221,0.0441162912136774,0.0908720222600719,0.1119053760157599,0.1705299577094929,0.1094361725901987,0.1851755493196744,0.3079646987940603
2007,12,16,0.0772423460794875,0.0501394577459915,0.0618448891976529,0.0508526185092107,0.1170263585662446,0.0659372922282877,0.0242105501692571,0.1984001529147961,0.1346119356431355
2008,1,16,0.0787977512119608,0.0643427665183311,0.0539779785240378,0.0657346773668756,0.0717932717737539,0.1071468503230395,0.0933867853687187,0.1871582462414157,0.1589412122851256
2008,2,15,0.07928283229144,0.0586796723278114,0.0581168002369519,0.0779952501270656,0.0942445547677075,0.1405299577094929,0.0536626032946098,0.1747641394709593,0.123951756080093
2008,3,16,0.0821910569938667,0.0296184560143292,0.0586737664479313,0.1079952501270656,0.1105721589313292,0.154930835377885,0.1432474734663038,0.1771582462414158,0.3038569373366583
2008,4,16,0.1368401728574969,0.0722344589949297,0.071298041028888,0.2168294185083482,0.1576925933042946,0.2944053084802838,0.3941861571239484,0.1749400858701526,0.3890544044264413
2008,5,16,0.3481577719202656,0.2414508212576016,0.2011157350034571,0.3460659447927787,0.2626445614945329,0.5098321497165956,0.5253195103843477,0.3009352156913073,0.6007719284086297
2008,6,16,0.6438357168919321,0.3554322390887389,0.5069270648501321,0.4639544965663058,0.3137772893709316,0.6360453647575147,0.7711151295864506,0.4076644291770683,0.8291911998430294
2008,7,16,0.6694771424770879,0.4212756388681615,0.4133989208552451,0.5103822986980519,0.3374285003118273,0.706407547237933,0.8029572934265952,0.4603816412806297,0.7800888720382926
2008,8,16,0.4047292805417082,0.2696809962371158,0.3163026830812012,0.3618426086563595,0.3168803392494675,0.4671481088725449,0.7848297441414515,0.353847824822359,0.7021178444625653
2008,9,16,0.2779826919371186,0.1885412698658614,0.1986776626002036,0.2551292582391551,0.266242863643064,0.4140839553340374,0.4907949448965136,0.3279291813948938,0.6282546180554353
2008,10,16,0.1334847889133298,0.0367102192624892,0.0640385298776524,0.1143133213035185,0.142991839084348,0.1811289565986207,0.2368219279903956,0.3268276172469864,0.4351305778923898
2008,11,16,0.0718578979213842,0.0411598122718284,0.0763728764272078,0.0808720222600719,0.0934781812573332,0.1508087311257872,0.1202417215895262,0.1913498639906756,0.2717969508972698
2008,12,16,0.0823933276274226,0.0540179018937897,0.0673771610809236,0.0419753958465557,0.0884250339911951,0.0500421246661018,0.0971363248937369,0.2164187040213345,0.1508539381624453
2009,1,16,0.0783172067124496,0.0561794831626979,0.0490997976004021,0.0841963268513716,0.1030222061593042,0.1255658381973973,0.0627270800964935,0.1938811199120219,0.0872247197237829
2009,2,15,0.0838595097309264,0.0746160375326732,0.068002499871045,0.0633707236344395,0.0768009946556394,0.060148090810958,0.1227076926991055,0.1420919189490007,0.1021545817471172
2009,3,16,0.0854725991522744,0.0401162409252629,0.0492156336963144,0.1367679761338366,0.128340836364137,0.2026339961926223,0.1560580935827612,0.2180984554288417,0.1891553211495015
2009,4,16,0.1430704997748005,0.0767102192624892,0.0830172795746153,0.2247253800252188,0.1739937720868011,0.3858084738365464,0.3424009719651081,0.2467004191477809,0.3842427966533062
2009,5,16,0.3427297906068526,0.2052533028066026,0.1994359835959499,0.3913427174131856,0.2762024379537049,0.4851375154626772,0.5624949137038604,0.3356184984673401,0.4839708063534876
2009,6,16,0.6108821152271814,0.3668699100657308,0.4660436703167117,0.5058551076182792,0.3476773513160519,0.5609809152421,0.6658055412136952,0.3877584551488446,0.7118439283095941
2009,7,16,0.7103283306481886,0.4519544089286149,0.6396726263935659,0.5596661143836027,0.3900546267004687,0.5554706920678767,0.7550864419214709,0.4967954456515427,0.9198499546477824
2009,8,16,0.4713722944861886,0.3295834423519608,0.4411718880106912,0.462687292206919,0.3908594573994619,0.5374048066525643,0.5474407095194864,0.5851157114640825,0.7999895790663408
2009,9,16,0.3123583139650541,0.15000870731189,0.2021889227652254,0.241345824952998,0.2518572097491792,0.3406269189988401,0.3710894928366557,0.4177584551488447,0.536071053594832
2009,10,16,0.1177579109776778,0.0034751906047169,0.0012456470775118,0.1276136666996614,0.1636056008564516,0.2468696274995343,0.2284903663946937,0.2546651876239957,0.4847381494712058
2009,11,16,0.0958357524747672,0.0659901171665253,0.0494021331853913,0.0848439557888433,0.1004739059649566,0.1753236401306325,0.0373382153061445,0.2156603830255883,0.2529280984174812
2009,12,16,0.0818339200324599,0.0565354861195106,0.0759196123039921,0.0639006986896642,0.0906559100928533,0.1030715709638424,0.0717997936970852,0.1984001529147961,0.1164690904180607
2010,1,16,0.069416040171812,0.0546862777569388,0.05974172292946,0.0912354337043109,0.096080395682395,0.1134289779991518,0.0714105861030643,0.2038811199120219,0.0793625789141432
2010,2,15,0.0726235979904214,0.058342940416545,0.0720950583847259,0.0663218861313855,0.0750297165238001,0.0597550141111325,0.0948877519600737,0.1520919189490007,0.0348895070140168
2010,3,16,0.0758357524747671,0.066231106256679,0.0612948850135292,0.1220481041359437,0.1174433073738191,0.1568040195434644,0.1040971309053342,0.2136198660141417,0.2600397221505063
2010,4,16,0.1182354321843375,0.076043188844374,0.0928700932993029,0.1924419685555257,0.1417324166908723,0.2655617110483769,0.2193050879471145,0.2956603830255883,0.3834104360295485
2010,5,16,0.3592255635977982,0.2825655468074429,0.2011157350034571,0.3449359864654395,0.2462024379537049,0.2717539092864683,0.4641645459241704,0.2826517719235104,0.3873100515965675
2010,6,16,0.6225783842706997,0.3200687880105888,0.4080067042263346,0.4782532984022006,0.3518572097491793,0.5256039424569174,0.8171904243004514,0.3992239730534523,0.4673712235220147
2010,7,16,0.6808433251152667,0.4842906392593787,0.5684426331862078,0.5025442398393624,0.3029036798724246,0.466407547237933,0.8330939485447428,0.6276256390651537,0.6826886118601536
2010,8,16,0.5328660949127003,0.3167142222832656,0.3472154102352247,0.3651763375578259,0.3170602534449552,0.3913166462480377,0.5095559468947781,0.3406180308418191,0.7595414898396038
2010,9,16,0.3392744436645225,0.1952533028066026,0.2076058871755565,0.2042741802522062,0.219548996597157,0.2802586721319681,0.434973592991103,0.296427095628711,0.5273712235220148
2010,10,16,0.1346930479173628,0.0457085997413483,0.0477360804387593,0.1389147590119273,0.1661248444782374,0.2594872542069812,0.2342484301011992,0.257489784304483,0.4529847776246614
2010,11,16,0.0840513717442664,0.0350827761933015,0.016598139597815,0.0530114023836971,0.0748995074336942,0.066676599944346,0.1075957385876709,0.2213498639906756,0.3015030790213344
2010,12,16,0.0912693798788946,0.0366269362455988,0.0772794309319264,0.0912354337043109,0.1052304335782179,0.0934289779991518,0.1273382153061445,0.2398940338551436,0.2281087367861685
2011,1,16,0.0771313355467322,0.0470028315460835,0.0570998455866234,0.0864728459693742,0.0865068576869256,0.1294633397289001,0.0919816276162358,0.1524859053816643,0.1000017728317744
2011,2,15,0.0930054255053842,0.0653547356681252,0.0670998455866234,0.0874081485850888,0.0778888683343898,0.1174429734547203,0.0787689222903092,0.0965424517404001,0.151644768021792
2011,3,16,0.1050382027704679,0.037491918091236,0.0249956525793168,0.1472669932795683,0.1493616676336069,0.2134182443839355,0.1407322968534436,0.2244902361657534,0.2452124608571581
2011,4,16,0.1344405442202242,0.0516656726071309,0.065441742581768,0.2288337492924373,0.1794053652789175,0.3693197340015681,0.3663315618094862,0.3053541002385197,0.4353256985675812
2011,5,16,0.3586313062875318,0.2508293657807628,0.2437130228312316,0.3569952850501944,0.2829575496716305,0.4398321497165955,0.4929488424500999,0.4856184984673402,0.6299633312472588
2011,6,16,0.5908821152271814,0.3046676351641735,0.4764772438927964,0.6707328911625539,0.4978848878152526,0.6021567015289043,0.555494155256933,0.4241981306606093,0.7972466515442981
2011,7,16,0.6708433251152667,0.5494118468451231,0.518339880831534,0.5954497804260243,0.3777824965550872,0.4055734444225505,0.7789982815169443,0.4224909874560767,0.8996674340368372
2011,8,16,0.4451441234809932,0.3096809962371157,0.3700172976362021,0.4702407870732406,0.3878848878152526,0.4205297320915877,0.7048297441414515,0.4467954456515427,0.7903836183512865
2011,9,16,0.2923583139650541,0.2099580272098418,0.19473971124071,0.268002885947117,0.2537772893709317,0.3208855850841077,0.4495521577459593,0.3732854035065859,0.5950823270530682
2011,10,16,0.1737181287122722,0.0380751381037024,0.0186184737122235,0.144505192773627,0.176461776680685,0.2249130966979637,0.1984903663946937,0.2691406279149411,0.4192523704051526
2011,11,16,0.0836017072523647,0.0573705311917182,0.0680627024252396,0.1368294185083483,0.1455329377615079,0.2214979548016337,0.1415359640487727,0.1349400858701527,0.2050054730947476
2011,12,16,0.0826235979904214,0.0652003888893692,0.0553267573641956,0.0492992170184986,0.1102114352724611,0.0972023164185829,0.0636626032946098,0.1945712458852433,0.1667568282895802
2012,1,16,0.0784261578035092,0.0377010951524489,0.0647238522041444,0.0806109179521536,0.0956175613809585,0.1166765999443459,0.0752025339264781,0.1732060048047278,0.0841083720387627
2012,2,15,0.0709222325103177,0.0775980862292302,0.0435527667510512,0.0719758367933667,0.076080395682395,0.1466571961934847,0.0989287377189268,0.1193152489179421,0.1479673195873025
2012,3,16,0.0860203833591324,0.0599772492097492,0.0541162912136774,0.1627781090505314,0.1552500712228648,0.2898155002897549,0.1041341341986246,0.2694590594274375,0.2355152904220095
2012,4,16,0.137936486914257,0.0534751906047168,0.0907218705838751,0.1501327145440136,0.1253842680477928,0.2296601953676977,0.3395696509840173,0.2442572176693257,0.3142427966533062
2012,5,16,0.3227297906068527,0.2934558577482264,0.208712168945203,0.3279565382386337,0.2765155649988157,0.4007405641497136,0.538223042771152,0.3179291813948938,0.4234854606948597
2012,6,16,0.6652262967680592,0.4509216426249017,0.4445288740662106,0.4118426086563595,0.291614859747941,0.4240578760864747,0.6837270000264213,0.426154694621663,0.6321032879287632
2012,7,16,0.7427493987864092,0.5300537978766414,0.6815860666917732,0.5307328911625538,0.3625681705912855,0.3984918698911932,0.6931523273367833,0.4603816412806297,0.8997701863915111
2012,8,16,0.5843862414871925,0.3411704936291263,0.3226282630142372,0.4035674861801364,0.3539519839502593,0.3807661216527771,0.5193413205714599,0.5451157114640824,0.7198499546477825
2012,9,16,0.3285717862886327,0.2661377038076074,0.2456690514981258,0.1922394977820978,0.213284491968251,0.246419498657204,0.4407949448965136,0.4261396757403098,0.7039340514652646
2012,10,16,0.1053419436882551,0.0095735379954693,0.0447888484488498,0.0547300644704271,0.1113252886709692,0.1355617110483769,0.1662528811524369,0.2591406279149411,0.4824338152184532
2012,11,16,0.0694456007488242,0.0229179102442309,0.074431350165029,0.0745755599599458,0.0971817189572072,0.1573063370523738,0.1041341341986246,0.2645886076009412,0.2429280984174812
2012,12,16,0.0733200947988222,0.0570028315460835,0.0818701531398048,0.1025380966629227,0.1121287398657043,0.1015392550511497,0.1314517046251604,0.1747641394709593,0.2136600816978607
2013,1,16,0.0743921995451669,0.0635926497810081,0.0699449963293138,0.0494051590574995,0.0665565954241197,0.0799141033187643,0.0498080990845661,0.1808676280772395,0.0961991244084344
2013,2,15,0.0733317596620787,0.0653547356681252,0.0665533656568709,0.0400004531785398,0.0573100313069054,0.0579578397781566,0.0764699379511359,0.1302320468332618,0.0841967419689605
2013,3,16,0.085038202770468,0.0683526048775835,0.0792156336963144,0.138939892631891,0.1490790049666355,0.2079578397781566,0.2290001837219556,0.2008676280772395,0.2060755927374924
2013,4,16,0.1475375580591685,0.0616656726071309,0.1255479673911327,0.1629267787642466,0.1239937720868011,0.2596601953676978,0.3374971355586615,0.2693391633960231,0.4106796526242243
2013,5,16,0.3168375520642547,0.3217926784276953,0.1656284521449901,0.5093329377784033,0.3705626972358951,0.4656658961596744,0.5570013692704748,0.2274897843044829,0.5542754999054409
2013,6,16,0.6904744018917193,0.364378678960099,0.4526064982599613,0.530087552385058,0.3374285003118273,0.3983026992470337,0.6458055412136952,0.373459964318181,0.7837055310005053
2013,7,16,0.6514184127627912,0.4065824901773295,0.6706429186397691,0.5395045823279302,0.3865388908092912,0.545892130069332,0.6407315448442441,0.5476256390651536,1.0506042892068936
2013,8,16,0.5128660949127003,0.3067142222832656,0.4268651043969744,0.3939919219892712,0.3508594573994619,0.4413166462480375,0.435494155256933,0.478343779080235,0.8396090552447968
2013,9,16,0.2749732031207803,0.1936488192417475,0.1772744972439411,0.2707706087553951,0.2637772893709317,0.3310833065022655,0.4082230427711519,0.3339097852755166,0.732009261956987
2013,10,16,0.1564878396230904,0.0897494132508919,0.066669016574997,0.1315017593680997,0.1576103124387744,0.2164829106552638,0.2203156314615289,0.2796840589056375,0.634937306118674
2013,11,16,0.0981150400667418,0.0386677242585451,0.054023984400908,0.0892992170184985,0.113458777506472,0.1637679568250998,0.0255343170891243,0.2185018357296215,0.2927449856947147
2013,12,16,0.0865732829027054,0.0340110320950152,0.064729480762667,0.0525718806295805,0.0879709224269824,0.1366905425513582,0.0121495980889202,0.2136198660141417,0.16793111863592
2014,1,16,0.0628764515270363,0.0637708062569441,0.0839368894203966,0.0599438875340383,0.0675733564762331,0.0974480260528314,0.0787689222903092,0.1917399249041526,0.0772247197237829
2014,2,15,0.0878411649707855,0.0616502423503486,0.0707790271490124,0.0608720222600718,0.0884250339911951,0.1126339961926223,0.0890667906796606,0.2010080068205819,0.1990636336440626
2014,3,16,0.1102757119303219,0.0414155117622874,0.0428513780949473,0.1219728700013397,0.1262649210418874,0.2273063370523738,0.1069786101899428,0.290161679646943,0.2413990583875434
2014,4,16,0.1474085392933423,0.0919577087694724,0.0867811835808653,0.223335715037215,0.1770263585662446,0.3597018481845897,0.3977995342566992,0.253259766756791,0.4036839961759417
2014,5,16,0.3545675500407886,0.2761377038076074,0.2587121689452031,0.3547368298179712,0.2566170816027422,0.386419498657204,0.483490109105453,0.2569992042865017,0.4359506512554288
2014,6,16,0.5991716937985924,0.3367142222832656,0.4091569553149253,0.4918426086563595,0.361614859747941,0.5663027854326211,0.6039694018201746,0.4719264374308802,0.7451776572110604
2014,7,16,0.5983787552513592,0.4243525997125362,0.6050029700109962,0.7717838848618072,0.5573313134045751,0.7400347793440403,0.8035737653382387,0.3203816412806296,1.140267621112027
2014,8,16,0.4151441234809933,0.3096809962371157,0.3406817087516838,0.3739919219892711,0.3076871663970948,0.458491869891193,0.5939844207015277,0.2841981306606093,0.9007342108157884
2014,9,16,0.2723893292407231,0.1730539870073944,0.182270045404375,0.2677887131981498,0.2740935390351836,0.3856658961596745,0.5053195103843476,0.3077584551488447,0.7339558162195403
2014,10,16,0.1097461951835008,0.0339611568455053,0.0306410547792316,0.1503856800870866,0.1813252886709692,0.2734078575677491,0.2995696509840173,0.3292381818000961,0.4061003498505859
2014,11,16,0.0784834713544417,0.056966039576643,0.066702025327417,0.0781074171329339,0.0934781812573332,0.1573063370523738,0.1260373891117288,0.2303731912949056,0.2527449856947148
2014,12,16,0.0728764515270363,0.0644778797150439,0.0462392672773713,0.0479659999340679,0.0674943463580435,0.09338515450353,0.0598080990845661,0.2456948893705877,0.1719767154997903
2015,1,16,0.069416040171812,0.0501394577459915,0.0660176009865425,0.0705259919345765,0.064855069294638,0.0796032699791136,0.07,0.210660640314829,0.0819522312877061
2015,2,15,0.0836231936227087,0.0431829364684728,0.052265780461018,0.0757346773668756,0.0774943463580435,0.0806485334731173,0.0754620497465474,0.1484231550725722,0.0646119356431354
2015,3,16,0.0783542407206803,0.0414155117622874,0.0517068593044538,0.1444201995689832,0.1353842680477928,0.1982465462397998,0.150709613023729,0.2495121045567396,0.1791275773468456
2015,4,16,0.0971724651255881,0.0773347350146466,0.0658971665184796,0.2069546856970587,0.1417324166908723,0.260309770457901,0.3626300722274203,0.2817224316660947,0.4142427966533062
2015,5,16,0.3974749037194387,0.2408246813355546,0.2526846890534122,0.3169952850501944,0.2236712088125216,0.3148132784349537,0.4353195103843477,0.3264516597341175,0.4485696535070724
2015,6,16,0.6813722944861887,0.3838880145084855,0.4845288740662106,0.4560697339415974,0.3160152753735752,0.4285638246841413,0.5712896903980458,0.5481546084360758,0.7885429634405279
2015,7,16,0.6591404743822215,0.4982012695858643,0.5750029700109962,0.518191337949043,0.3578610662350213,0.4621567015289043,0.8337525144119732,0.7673145605532475,0.9925455594925968
2015,8,16,0.4209761411989576,0.2983719958319134,0.3500172976362021,0.4233125455347873,0.3708594573994619,0.5756532126788219,0.6825246616793642,0.5556447462864221,0.7839932416425058
2015,9,16,0.2449401177162077,0.1794350163475506,0.1986776626002036,0.220770608755395,0.2276773513160519,0.3081239059447885,0.4170013692704748,0.3509352156913073,0.5580042056003516
2015,10,16,0.1037181287122722,0.056692091681488,0.0377360804387594,0.1495190624463584,0.1873362234676885,0.2993197340015682,0.2202854192348368,0.264907537625234,0.4276045995367097
2015,11,16,0.0830023900342895,0.0506796641268566,0.0480627024252396,0.0708960384382186,0.086843705979089,0.1018880157151107,0.0764976153368778,0.1703731912949057,0.2147313841236618
2015,12,16,0.0765009651680831,0.0575980862292302,0.0769309290712346,0.0579952501270656,0.0819674182581699,0.0905299577094929,0.0040122048877572,0.1997490107526435,0.1599460269175267
2016,1,16,0.0758357524747671,0.0586796723278114,0.0460176009865424,0.0696092984310127,0.0877833578180987,0.0926787786274753,0.0576174655351358,0.1874521181173513,0.0419522312877061
2016,2,15,0.0909222325103177,0.0766269362455988,0.0476407584952878,0.0157346773668756,0.0345570706317328,0.0535932285599306,0.0194526610248846,0.2080984554288417,0.1141967419689605
2016,3,16,0.0951960590548145,0.0350662933576922,0.0507442775977651,0.1088837380542488,0.1052500712228648,0.1733540956156858,0.1025980935466171,0.2091751723542921,0.1068005259348908
2016,4,16,0.2142389363531501,0.0937237016252134,0.1078608792244239,0.1960834380308366,0.1490415910729461,0.2314979548016337,0.2577995342566992,0.2493391633960231,0.4224338152184531
2016,5,16,0.4131156499235006,0.2221735743945935,0.1938849076518548,0.4244540944476939,0.2820687884941805,0.4010594849220341,0.4570824919096243,0.2105924733387555,0.3708006651846532
2016,6,16,0.667065510872472,0.3700687880105887,0.6291719741962785,0.4451763375578259,0.282303772362465,0.5283026992470338,0.5603207135359414,0.2659540077484793,0.7872466515442981
2016,7,16,0.7152033764864937,0.403547769013543,0.710127924172691,0.4854497804260241,0.2877824965550871,0.4853447478706434,0.6749403706779402,0.5053226012569186,0.850267621112027
2016,8,16,0.501561465130348,0.2171432335848007,0.417712215174115,0.2990384487261835,0.2678610662350214,0.3995087890315447,0.577053699133317,0.4467954456515427,0.7055133882169982
2016,9,16,0.2899181051978939,0.1830539870073944,0.2338030246870866,0.25525490723776,0.2477354172364166,0.4056039424569174,0.4779403074008747,0.4348463670631107,0.580298840528398
2016,10,16,0.1286354334365522,0.0794700249447752,0.0198745615393151,0.1339094060015542,0.1650481275527871,0.2697018481845897,0.2180617729131265,0.287489784304483,0.5047381494712059
2016,11,16,0.0909446840732628,0.0575758747964413,0.069572097089613,0.0672669932795683,0.0979709224269824,0.1459372922282877,0.1611106132680584,0.2321227323704232,0.3027449856947147
2016,12,16,0.0823933276274226,0.0559224966590014,0.0809270700151792,0.0634923972367621,0.1072167749871622,0.1548586675510931,0.0599590589225549,0.2174521181173512,0.1021545817471172
2017,1,16,0.0865732829027054,0.0561794831626979,0.0673771610809236,0.0561150820009185,0.0751573351558094,0.0977774476856138,0.0576144300640411,0.1576293568746558,0.0166794118288041
2017,2,15,0.0842466609891696,0.0512207598262539,0.0639899768998832,0.0604060861288057,0.074654263133205,0.10402921072298,0.0869604496383144,0.1771582462414158,0.1191884324297271
2017,3,16,0.1000005482109002,0.0302305538922908,0.023451294806446,0.1181074171329339,0.1169496721239453,0.1785482437257542,0.1754371245876522,0.2542572176693257,0.168374338637332
2017,4,16,0.1614460535530095,0.0746336676802489,0.094408443814807,0.2091262576936109,0.163458777506472,0.2786499265405796,0.384551262768441,0.2742800233210193,0.4053256985675811
2017,5,16,0.3681577719202656,0.2088429673518158,0.1894359835959499,0.3436367046458027,0.2701556769286731,0.4866039232156928,0.5942855584845994,0.2779291813948937,0.5752562268909946
2017,6,16,0.677065510872472,0.4234001733771447,0.4955082670306922,0.5197993647726434,0.3837772893709317,0.583433494317544,0.7746251717314074,0.5563893780358699,0.7476302362865045
2017,7,16,0.78744263169805,0.3709216426249017,0.6281783487758617,0.5394710804734145,0.3653654059971285,0.5679211024936048,0.9066656070543504,0.5151966570596852,0.8595414898396039
2017,8,16,0.5828660949127002,0.3709216426249017,0.4278636466377261,0.3220079423037523,0.2878610662350214,0.4083026992470338,0.5886625505110066,0.5151966570596852,0.7933138651880219
2017,9,16,0.3311136707055269,0.1299549189937593,0.1573778102852883,0.2573643583430883,0.2730064297383548,0.3581239059447886,0.4364696709246074,0.2379291813948938,0.666071053594832
2017,10,16,0.1198736147826193,0.0739611568455052,0.0689480391018455,0.1195190624463584,0.1529918390843479,0.2527474152841698,0.2018592319372781,0.2630208452164043,0.5010452519276996
2017,11,16,0.0681150400667418,0.0647049657943308,0.0569309290712345,0.0508720222600719,0.0762649210418874,0.0787313564485207,0.1014522128872486,0.2185018357296215,0.2460755927374924
2017,12,16,0.0953214187842459,0.0549751673695616,0.0735527667510513,0.0504060861288058,0.0794803599404626,0.0603801376442199,0.0771363248937369,0.1648104883695829,0.1853660830829557
2018,1,16,0.0755109035261255,0.0653547356681252,0.0565533656568709,0.0473758892943812,0.0602305593121391,0.0584484899098775,0.0907638089890258,0.2244902361657534,0.0979965697803002
2018,2,15,0.0822909280911697,0.0520934094330903,0.0635362082957198,0.0633707236344395,0.0852304335782179,0.1049164582777105,0.0787689222903092,0.1738811199120219,0.0946119356431355
2018,3,16,0.0838542104459432,0.0602902773677023,0.062692764503944,0.1261150820009184,0.1332540802427053,0.1466571961934847,0.248330168742024,0.1632060048047278,0.2539107256547889
2018,4,16,0.1374085392933423,0.0683482116077124,0.0769720586500904,0.2033357150372149,0.150211435272461,0.2796071502383955,0.3774971355586616,0.2853541002385197,0.4747381494712058
2018,5,16,0.3028850955289098,0.2721827393411723,0.1914174324894116,0.491345824952998,0.3479305379116079,0.5897373094963041,0.5827372637050987,0.3056184984673402,0.5022408174353326
2018,6,16,0.5908821152271814,0.393463659653424,0.5333989208552452,0.4739327318120299,0.3318572097491793,0.6307661216527771,0.836798758487968,0.4329018187643795,0.7504995274015817
2018,7,16,0.7582129282899815,0.4900537978766414,0.5802739954162217,0.7818368753937833,0.4752934512041803,0.671416548960061,0.6826760931429754,0.6495317127362962,0.8896090552447968
2018,8,16,0.3747292805417082,0.3037032502111676,0.337863646637726,0.3755120685637634,0.3149254872577758,0.4413166462480375,0.6648297441414515,0.6166553468189505,0.8994724001266491
2018,9,16,0.3136110027414002,0.1830539870073944,0.2256166040478271,0.2240275720323215,0.2273429888152325,0.3084029398146776,0.3604290505530764,0.5332854035065858,0.686071053594832
2018,10,16,0.1643881436922039,0.0637237016252134,0.022964745743687,0.1269546856970587,0.1453498250387415,0.2005212821058637,0.2595604860374385,0.3864516597341174,0.4506796526242244
2018,11,16,0.0800817155307307,0.0386677242585451,0.062090521615672,0.0776136666996614,0.1040038977315701,0.1373063370523738,0.1357795613896136,0.2592931915191188,0.2147266996784535
2018,12,16,0.0792026154574021,0.0584539881383728,0.0699999999999999,0.0779952501270656,0.114581554843817,0.0800955569800297,0.0921254691046924,0.1751755493196744,0.0846119356431354
2019,1,16,0.0700005482109002,0.0563555428572217,0.0596969827310059,0.0725380966629227,0.076080395682395,0.1177799735308298,0.0488364309061574,0.1720919189490007,0.0
2019,2,15,0.0836231936227087,0.0695085472492422,0.0453267573641956,0.0406479212454439,0.0492842511728308,0.1006485334731173,0.040466224295443,0.2063564310440837,0.0779965697803002
2019,3,16,0.0627261752763928,0.0648965368575451,0.03606760745067,0.1116383957704462,0.1051573351558094,0.1687313564485207,0.1151246087236269,0.2313498639906756,0.1668307381615828
2019,4,16,0.1246088502903046,0.0722143833112542,0.0748715712031312,0.2447608379161218,0.1878173002011848,0.4272919577221964,0.4153830145874523,0.2603731912949056,0.2791098386669242
2019,5,16,0.3774977093711322,0.2130539870073944,0.1821924519289075,0.3304002707410935,0.2314399082896987,0.3269757080579444,0.5125392977263875,0.213259766756791,0.4990100204039144
2019,6,16,0.6843862414871925,0.3874451262633337,0.4389712873230947,0.4951763375578259,0.3285554905994555,0.5521567015289044,0.653783733828344,0.5263893780358698,0.657449787356442
2019,7,16,0.8231043745831951,0.401378030128327,0.6380125218144841,0.5807328911625539,0.4500546267004687,0.6653447478706433,0.7074781349424519,0.7082007267126783,0.970267621112027
2019,8,16,0.4708821152271814,0.3000687880105888,0.4390560651459831,0.364961543968503,0.3278848878152527,0.5465374688468279,0.6016775509022237,0.5153226012569186,0.7916015486215249
2019,9,16,0.3211136707055269,0.1685412698658614,0.1656166040478271,0.1713427174131856,0.193284491968251,0.3140839553340374,0.5970679078799608,0.4477584551488446,0.7085429634405279
2019,10,16,0.1364547497426849,0.0433453852105986,0.0503172148164887,0.0976136666996615,0.1336056008564516,0.1994412823300768,0.2443721778202648,0.337002311826314,0.3935164759705287
2019,11,16,0.0875375580591685,0.0299594148672096,0.0676407584952878,0.0479952501270656,0.0728804316511755,0.071318548453049,0.1414522128872486,0.2113498639906756,0.2229280984174812
2019,12,16,0.0926235979904215,0.0560072248967567,0.0752729862872463,0.0367555086363455,0.0707135761301952,0.0685712458835303,0.0547216466574916,0.2395121045567396,0.1281087367861685
2020,1,16,0.0737366147712175,0.0486796723278114,0.0567020253274169,0.0639504364268584,0.0509044511994203,0.0972023164185829,0.0308943615382694,0.1726111725703747,0.0420494237891783
2020,2,15,0.081628391324494,0.0525506586527979,0.0303900874212287,0.038298292202159,0.0438745017953523,0.0849308353778851,0.0557351232505573,0.1985018357296215,0.0581087367861686
2020,3,16,0.0857662763175923,0.0441275601898212,0.0497044845730209,0.1181074171329339,0.1145570706317328,0.1849585791805409,0.1430638002826789,0.2396674094787968,0.1787204493269425
2020,4,16,0.1408414612547293,0.07,0.1468983994866373,0.1790540898668191,0.1545790289986011,0.3450881766811107,0.2704408986502394,0.3507276791921065,0.2736839961759417
2020,5,16,0.363379365697056,0.2340626804511614,0.1925831724494857,0.3514873800379223,0.2973669969133831,0.416848509958739,0.5012749261513305,0.3832604357741479,0.4485696535070724
2020,6,16,0.599372380671776,0.4468699100657307,0.3989712873230947,0.6616002289682903,0.4606090449443784,0.786407547237933,0.6974189447652106,0.3959540077484793,0.749800684425878
2020,7,16,0.7314184127627913,0.3739027787552007,0.4881783487758617,0.510602969553659,0.376560655563567,0.4939959156333171,0.6961735051600997,0.6752642224648782,0.8894724001266491
2020,8,16,0.477065510872472,0.3837025811938107,0.5182139366343006,0.3637042113472706,0.3306090449443783,0.5669435364625008,0.4617395113553812,0.5159227883321084,0.7994724001266491
2020,9,16,0.2658694579736234,0.1979961029446072,0.1597176987223963,0.2173008720668091,0.2217146780109509,0.2938074636313911,0.4186154711923359,0.446154694621663,0.6673712235220148
2020,10,16,0.1268039719061143,0.0434751906047168,0.034408443814807,0.0873565564378908,0.113306103168029,0.1649130966979637,0.207906412522164,0.2386399448447427,0.4894639491501539
2020,11,16,0.0728764515270363,0.0396317545149257,0.039793992418434,0.0738587258995061,0.102738873541275,0.1546383269767115,0.1414814630802463,0.1942800233210192,0.2855152904220095
2020,12,16,0.0850356390300885,0.0651244822099098,0.052864742505298,0.0567555086363456,0.0779709224269824,0.1048586675510931,0.0827270800964935,0.1717399249041526,0.1272247197237829
2021,1,16,0.074316697689175,0.0624109332029238,0.0642247074879442,0.0934742366851337,0.0865068576869256,0.034866891675102,0.111990129488959,0.1632701535729774,0.1141976465046062
2021,2,15,0.0840772691806797,0.0498830837684388,0.0723222338946016,0.1019938521198714,0.104855069294638,0.1084484899098775,0.1539022601152236,0.2163564310440837,0.1219741896545743
2021,3,16,0.0861517689592741,0.0572251283869067,0.0663005586925856,0.1381074171329339,0.1293616676336069,0.2076002089283093,0.2272849052480202,0.2356948893705877,0.1933370346904496
2021,4,16,0.1461202568236919,0.0751698177958852,0.0927882241404242,0.2003856800870866,0.1704739059649566,0.2997139836858284,0.375281844197216,0.2867215366885762,0.4189334403808599
2021,5,16,0.3262307293613198,0.2656183637566941,0.188712168945203,0.3114873800379222,0.2421252214436197,0.3871472950974597,0.448223042771152,0.2217555170706673,0.5306162406261645
2021,6,16,0.6843862414871925,0.5559606197857361,0.3785350849233319,0.6298486349945479,0.3878848878152526,0.5079211024936048,0.6785672203530142,0.4477730116826467,0.8637055310005053
2021,7,16,0.7482129282899815,0.4837282179436055,0.5850029700109962,0.6846319229584358,0.4429036798724246,0.6640778605118443,0.8332550796914571,0.3411685554370794,0.9199895790663408
2021,8,16,0.4251441234809933,0.3809216426249017,0.3433989208552452,0.3690384487261836,0.324878853518839,0.4483026992470338,0.5174189447652107,0.310618030841819,0.9303836183512864
2021,9,16,0.2613066684886476,0.2214508212576017,0.185616604047827,0.2911711303736703,0.311659243770468,0.4810833065022655,0.559435544555375,0.3376644291770684,0.8168358202359953
2021,10,16,0.1198736147826193,0.0867472225557796,0.0351415372127575,0.1291438592742395,0.1386804320815191,0.2276378751154411,0.2436189274971943,0.2546651876239957,0.5560672644460133
2021,11,16,0.0662686658343205,0.022344404967547,0.0606054227818816,0.0841954223157259,0.0868015813129872,0.1508087311257872,0.1460373891117287,0.2044902361657534,0.2829280984174812
2021,12,16,0.0861517689592741,0.0642106362842369,0.0770998455866235,0.0834742366851337,0.1002305593121391,0.1451037947027726,0.0754800650730521,0.1717399249041526,0.1521545817471172
2022,1,16,0.080765735176557,0.0565354861195106,0.0525338800048054,0.0758584074591367,0.0768024858486329,0.1208910119913073,0.05246449792787,0.1865424517404,0.0348895070140168
2022,2,15,0.0738595097309263,0.0604013086535344,0.0531196883233245,0.0576244003148778,0.0630122451260671,0.0968316321020569,0.056405647352193,0.1763564310440837,0.1199460269175267
2022,3,16,0.0753576834147859,0.0523024708210138,0.0516335135569623,0.1650864343070332,0.1534781812573332,0.2737679568250998,0.1725980935466171,0.264019505445817,0.2838569373366583
2022,4,16,0.149522094168873,0.0722956868813498,0.0689480391018455,0.1867992062816562,0.1501867358165172,0.3268696274995343,0.3538718930402673,0.2193391633960231,0.4885696535070725
2022,5,16,0.3362307293613198,0.1928985075919919,0.2390251571223006,0.3851292582391551,0.2990724044943685,0.4666039232156928,0.5910901618540126,0.4184157338731832,0.5082806973029979
2022,6,16,0.7028660949127002,0.4659606197857361,0.4289712873230947,0.5726872922069192,0.3719390967756645,0.5305297320915878,0.8307315448442442,0.5863893780358698,0.6721032879287633
2022,7,16,0.6494771424770879,0.559666787490472,0.511853160549101,0.4763292035630647,0.3146141013010136,0.5169435364625008,0.7907315448442441,0.7829266492952575,0.9596090552447968
2022,8,16,0.4213722944861887,0.2743786789600989,0.3255082670306921,0.3907328911625539,0.3086758929388588,0.4374048066525644,0.702027856740474,0.6702884098317518,0.7363534434978649
2022,9,16,0.2840034311625842,0.1911034547518487,0.192270045404375,0.2249359864654395,0.2740935390351836,0.4822404347628009,0.6457589074747585,0.3107374942731495,0.7720092619569869
2022,10,16,0.1166628237990855,0.0718779800790956,0.0366035654306168,0.1328453488563055,0.1541079183653611,0.2134078575677491,0.217906412522164,0.3507374942731496,0.4647381494712058
2022,11,16,0.0812977304499678,0.0497477687570059,0.0541917930696692,0.0567681867979781,0.0914898970515101,0.17115609763154,0.1094361725901987,0.2251191163702351,0.2024432882087603
2022,12,16,0.0801226184221634,0.0558386944169015,0.0597995935245024,0.0612007950913838,0.0909044511994204,0.0757492849485662,0.0990667906796606,0.2317399249041526,0.1772683129328029
2023,1,16,0.0817936073224413,0.0622353717359391,0.055437981040741,0.0361978047551997,0.050601409124327,0.0585826867348056,0.0722930166708867,0.1936198660141417,0.1076257199681124
2023,2,15,0.0733317596620787,0.0662670337314099,0.0467020253274169,0.0647038723096441,0.0874943463580435,0.1306485334731174,0.07,0.1747641394709593,0.0897625801663578
2023,3,16,0.0858541842656912,0.0710846381178331,0.0507442775977651,0.118049751095592,0.1232540802427053,0.1267006161224927,0.1672849052480202,0.2221227323704231,0.2579646987940603
2023,4,16,0.1236517012819436,0.0671661961075363,0.0827808188334595,0.2679633791408257,0.214535781693455,0.340309770457901,0.3310914892283805,0.1694590594274374,0.4186020504492443
2023,5,16,0.3529666968027565,0.2552533028066026,0.2640252863951974,0.3585683338538378,0.2715382797248865,0.4600787579364803,0.5032433463172835,0.30011058132101,0.5929847776246613
2023,6,16,0.6151441234809932,0.4335477690135431,0.463754773847765,0.6363521238446304,0.4370602534449552,0.7174048066525643,0.8659843345159404,0.5363893780358698,0.8151776572110605
2023,7,16,0.7882129282899816,0.4596667874904721,0.6269470492755016,0.5806029695536589,0.4429036798724246,0.5856532126788219,0.8540891825068396,0.6059227883321084,0.8795414898396038
2023,8,16,0.5992564716214809,0.3396809962371158,0.4682815020394937,0.3894710804734145,0.3411478027845546,0.3605297320915879,0.6056027377625114,0.4551610692012463,0.6996674340368373
2023,9,16,0.2592744436645225,0.207894932554371,0.2190740371890249,0.1752787288179914,0.165589616968688,0.2836080551291391,0.3485574052719713,0.4167954456515427,0.7239558162195403
2023,10,16,0.1302617860129687,0.0,0.0637038260853034,0.1190540898668191,0.1674501147861045,0.2598971015636016,0.3008427693910714,0.3756184984673402,0.4210452519276996
2023,11,16,0.0914984475043856,0.0589859371903496,0.0448377962949703,0.0961978047551998,0.1009044511994204,0.1134098539594739,0.0855343170891244,0.1849400858701526,0.2579646987940603
2023,12,16,0.0866800942669877,0.0554331944918543,0.0593969240477829,0.0795225808684429,0.1074433073738191,0.0925725538181107,0.0442105501692572,0.1985018357296215,0.1750877539602678
2024,1,16,0.07928283229144,0.0631997013603532,0.0778498472022971,0.0651771988208374,0.0821287398657043,0.1149916904607666,0.0664699379511358,0.2274521181173512,0.0093625789141431
2024,2,15,0.0800005482109003,0.06739536822896,0.0,0.0530114023836971,0.0665565954241197,0.0871921907738139,0.0798080990845662,0.1554136202374187,0.1166019667474084
2024,3,16,0.0658541842656913,0.0516173279320735,0.0624231915149238,0.1308526185092107,0.1193741351310979,0.1761902577713607,0.1225980935466171,0.2045886076009412,0.2268005259348908
2024,4,16,0.1460975729939773,0.0873000964017195,0.0899421092460223,0.1791262576936109,0.133458777506472,0.2614979548016337,0.3288377329004467,0.1817224316660947,0.3338985901535503
2024,5,16,0.3353404184205362,0.2761377038076074,0.179059446535018,0.4422394977820978,0.3164087315513828,0.5697373094963041,0.6114890989002977,0.1696840589056375,0.5164371767317614
2024,6,16,0.721561465130348,0.393463659653424,0.5489712873230947,0.5994592245907665,0.3749254872577758,0.4849944578740688,0.6537270000264213,0.4346949355994995,0.7504995274015817
2024,7,16,0.7103283306481886,0.3919544089286149,0.6280125218144841,0.6601435629014688,0.4298514908883247,0.4552638022750406,0.7489359933792048,0.5052642224648781,0.9319704718450724
2024,8,16,0.5435993273307427,0.2711704936291262,0.3626656884372028,0.4997688667382765,0.4146141013010137,0.4374048066525644,0.5271904243004514,0.5182007267126784,0.7697701863915111
2024,9,16,0.2540034311625841,0.1730539870073944,0.1556166040478271,0.204822341314566,0.2148456567793592,0.2581239059447886,0.5024949137038605,0.2717262208149134,0.8090397683794182
2024,10,16,0.1468039719061143,0.010986589757033,0.0477360804387593,0.1373565564378908,0.1633061031680291,0.2205414075022453,0.2835246154504524,0.2701105813210099,0.3734854606948596
2024,11,16,0.0819072657799515,0.0596317545149257,0.0424723611333197,0.088224633038706,0.1076925933042946,0.1361902577713607,0.1275957385876709,0.2194590594274375,0.3118981212875061
2024,12,16,0.0762686658343206,0.0452444774028379,0.0641917930696693,0.0719672883313003,0.088340836364137,0.114930835377885,0.0476638246001966,0.1591751723542921,0.1741108452877249
