Year,Month,Day,CAN,YAK,TAY,FIN,SWE,NOR,ALT,LOT,PAK
1901,1,16,84.86326083789612,,85.21073417472132,96.56399112377473,96.05473079691,,75.49284165915786,63.46805543108967,53.7512664788025
1901,2,15,,0.0,51.50961967669063,,,,68.42876880437706,100.0,41.32155142653131
1901,3,16,0.0,0.0,61.08972392200769,72.15653806412757,77.03170639575771,88.30338146934214,51.85488114241742,88.40343667458144,49.93644997134882
1901,4,16,0.0,0.0,82.3688855914103,65.73834138373229,75.15166775583549,72.05901577846217,37.20348281856618,63.13287342011099,42.88464513543588
1901,5,16,63.21467803594086,72.78999568351257,76.26698949027575,63.33002963210882,65.93581158982157,64.49800242917716,40.75098294088309,65.96740544173501,39.24695279859148
1901,6,16,57.871528834444,45.54145963162076,63.98852355438704,56.76412880531198,60.12259918987202,57.153214918015856,44.34760224353736,70.64754784919553,49.66601419219636
1901,7,16,59.83999809509688,60.79176637492937,66.0462092297449,59.83525675071075,64.7736435737513,55.92875067265029,60.62656131433629,87.40187014504743,48.68216846205629
1901,8,16,71.82632351987556,88.44060272897929,82.48285576812289,79.01375221321936,79.38974218499973,75.03037068883339,66.54873451582162,88.41483571928946,59.836432216027966
1901,9,16,68.13685724927291,72.07209073216937,96.94890732765788,87.38439038791745,87.2516764776766,83.69643132388646,54.86028294120028,95.27067864727736,49.45329377557044
1901,10,16,73.62947184472883,,,93.4944665488167,91.51630597486786,85.41983844399323,77.49173591256952,79.1050717158733,63.74622719237503
1901,11,16,88.67210687139846,,,,,98.73177198891509,,94.2262730602352,66.22840769983131
1901,12,16,,92.3074067768338,,,,,,100.0,78.80024336960197
1902,1,16,79.67464066740506,,,88.05458581632239,,,,71.10076726511399,79.74704516859033
1902,2,15,69.15335056250404,,,,,,77.20501407508642,83.91573714502363,92.35298980529927
1902,3,16,80.54691987242562,0.0,,96.79846720390002,100.0,100.0,33.701371548144,75.33520194038678,50.09180913907278
1902,4,16,25.58017262664004,0.0,94.16524157319736,82.78442012750826,95.10349407451714,89.28431555530494,32.813253900338175,64.23084650584563,41.6890562199698
1902,5,16,59.63309038569043,52.506674061345706,82.99979212205717,64.69256112016522,67.35801005035955,69.58341704799945,45.33065044791113,76.34673064757608,53.42188364086358
1902,6,16,58.25986343451292,60.12024431545124,79.66457417526993,64.49800242917716,65.12891992992509,67.11518440970272,45.37461558037983,84.69074123518003,42.82763664883304
1902,7,16,58.446827031795,64.88708300534354,68.56643445360041,73.63375466851485,77.45979167110012,80.79972279028634,53.57247513524206,82.17269842696767,50.308493239836565
1902,8,16,69.4623571963898,70.07625563677328,82.48285576812289,85.38193470144981,86.74563739356336,88.01196027415146,61.49440024879719,87.74788844174934,50.38302059248395
1902,9,16,74.14267902856604,80.39504425365494,83.38549813920905,80.07817369791273,74.15976518653086,84.26551630285817,57.315012686365804,75.1749276132497,50.33638830727704
1902,10,16,70.52029194358049,,,100.0,100.0,94.81728524526046,60.25608295093977,99.65122431393245,47.15952058496732
1902,11,16,,,,97.7543950507414,,90.67019146110916,,64.05193125868381,79.55594783392817
1902,12,16,,,,,,,,100.0,92.39184445077429
1903,1,16,88.49606119837554,,,94.68140871049758,98.04945984865252,,79.10944429966297,68.51948800774764,56.43196265697225
1903,2,15,76.50241543649327,0.0,43.671928153890285,94.19481648585617,94.5093850105689,89.08640038918521,89.62894442809635,82.58559870745856,38.891160856813066
1903,3,16,44.64208227456799,0.0,,77.12551424821352,87.87766611575034,77.0608575774532,42.34932940170626,66.42643233755877,67.41682417292512
1903,4,16,14.169062785220447,34.569913825533355,,56.76652806869246,61.77255771923024,71.65755015150134,51.60054947189876,92.7202485420145,57.68611229314314
1903,5,16,67.03165096742168,32.869170691866145,77.56447338012434,61.00960938171992,64.05193125868381,65.339114462457,39.35833449345066,61.47039056788797,48.49049842833654
1903,6,16,54.50396524572602,62.2359796981706,66.01091686891479,61.62264723846585,62.84201691045357,66.21456160520597,41.89951658106947,76.64770155095431,44.64661935871577
1903,7,16,59.34644400272988,57.73555763781279,58.58020866151589,69.32908546913679,73.78974336351091,72.1913766922882,52.48471832029867,89.60587236754219,57.1222708645045
1903,8,16,66.92742214180886,100.0,85.38193470144981,83.64751982297601,87.63633102252531,88.69520448707472,68.98293139585887,91.81805836304396,51.354263701555446
1903,9,16,74.66924092619824,77.7278716826507,81.0496624419984,84.26551630285817,80.74522111034169,76.80340512565637,50.72920144059782,81.48910553211073,46.10524547927529
1903,10,16,100.0,,,97.58889988144892,91.93361726453564,98.81771427713876,54.16292419334022,80.80254987945305,56.42956620530525
1903,11,16,,73.68907698498391,,,,,69.69674934657795,80.14399273062254,57.63874452920637
1903,12,16,51.29415968149366,,,84.48360551660288,79.60018767504639,87.22598027964919,,100.0,88.35089505160765
1904,1,16,,,,88.35089505160765,87.87766611575034,95.97715874813554,93.22419500969306,65.83847432296612,28.88849669899572
1904,2,15,82.92147985198285,0.0,,,,,86.28052242613852,86.87038517166677,95.71346963924162
1904,3,16,41.07348782283077,0.0,87.21617555333206,83.38483383678636,92.87191989994972,99.9775184699064,35.42265696305112,97.8754419438437,44.95248133565858
1904,4,16,17.917088826267502,7.855301133143095,69.25970299018859,65.91611396218045,76.62088787797424,75.7886116026856,66.77718166951604,74.65084880196387,37.23600873214676
1904,5,16,41.56245693548121,44.77630689615631,61.92119796447254,61.22407587870103,65.00038881689375,64.83487983960033,48.14461065654728,62.6609820202064,44.90422705571021
1904,6,16,58.651116458754885,60.14691669057702,49.413594754772745,61.76365236727972,66.08170445190034,68.82829430014831,44.20741785964473,68.23351260482977,46.79315856076202
1904,7,16,61.41691368374048,64.33920882881625,55.43073507756343,69.64395559176103,76.45295364667072,73.96601740147378,57.12949480012551,68.325576143963,52.79615452927231
1904,8,16,74.28067327216576,100.0,72.46872824946321,83.67248253646257,85.55332563885322,86.34747700872246,59.80962215978905,85.34060743169285,60.04551769241238
1904,9,16,87.37776784086375,84.58432240399134,92.17205594034571,82.98130626422747,79.72097945114596,80.03271359205762,51.81863664324487,77.52968961822148,51.628480555428695
1904,10,16,78.23533494593588,,87.57330987802354,84.55779837870314,79.78598411325123,91.96706159296842,72.78999568351257,92.26502131020048,63.58757726978424
1904,11,16,82.86595111972717,76.91127804840151,94.78328195968756,,,,96.55269201897472,70.2876526711975,63.02259866160868
1904,12,16,95.0418896454127,,,,,,,99.9907800085096,87.11236836855738
1905,1,16,86.45361346581242,,,92.91748568968764,97.32277453457358,,91.44999191731,59.14478780693874,45.753618591116144
1905,2,15,79.77906679105516,0.0,,92.96375631625584,93.99531120097022,92.64865697438348,69.81627253864805,73.41373715115817,23.977483962834743
1905,3,16,,85.65061150311784,,82.43461451412568,84.89004478132655,84.68941653641683,18.28636546452106,73.49492323230906,31.70116469150572
1905,4,16,77.53073464008081,64.61659018786342,95.7709082013362,79.296345708772,83.53493380123074,79.89831995415813,39.08885726763527,78.89336721971368,47.74535737143472
1905,5,16,62.20898141639942,58.4512971434276,75.269865455194,67.63893525413043,71.09188610257218,64.43522392138053,42.19508565653016,75.5230093998609,54.91882553105871
1905,6,16,60.911474084118176,61.52616689012367,70.80649525900354,63.39026135356392,69.87899474882313,64.4798997862694,43.62281883253101,74.63046032226677,48.38434970152534
1905,7,16,64.1218645014907,61.14412040522025,65.194018834201,69.24890469944809,75.30920312118116,72.0285821954214,58.425476781997865,72.04744615009388,54.770759261689975
1905,8,16,67.7534244357473,65.9232886894171,78.12787644499271,77.90700375669334,77.9805927307228,78.727077480448,61.082546486381645,75.84970038686242,54.52409077816756
1905,9,16,79.03419355645724,75.79069789627614,81.79646926054987,84.28001430791532,78.15470391591012,80.71584124636756,56.42956620530525,78.1779853025313,49.78888350017967
1905,10,16,85.2847794930224,99.66742291106024,,86.05015314743846,72.21723225778696,88.39193411533671,57.24778187322604,72.03951794767183,49.70276088904495
1905,11,16,88.25867024792636,,,89.1359918065613,88.35089505160765,89.15644793934221,73.5370948864894,69.82017707069362,56.48893597926788
1905,12,16,88.1997081672487,,,95.039568281022,94.26963695793322,96.01463624236854,95.15698695971945,72.31217552210552,61.48555463204751
1906,1,16,98.64691223783498,,,90.74604199923048,92.35298980529927,96.5854380510406,58.934445925035696,70.95309031399242,36.90603594098085
1906,2,15,82.14697564566154,,,82.8333128627898,85.10762202907763,89.32125382556742,46.455312519706816,71.98286906110165,49.71728257651517
1906,3,16,86.96954439963132,,,78.69080447074938,76.74051787992012,83.36108586158102,74.42345982983964,67.35801005035955,47.296531083872914
1906,4,16,60.15301879287144,93.29694693332232,90.39505923002758,73.12543741900548,80.54434030674652,72.56983860513262,57.44279205791119,73.62551612147222,39.73315874084339
1906,5,16,56.84922624197923,65.10609493249082,75.79069789627614,65.6148182079022,69.12477180744779,65.05922804517252,39.57034354403663,82.53361826836677,59.06550318711
1906,6,16,56.02683983656886,73.27176488886363,66.23927935041593,64.02156738230941,67.18968324157397,66.96559391905258,45.7959642886637,75.00701759205646,45.206949795990425
1906,7,16,59.690376543109785,66.23927935041593,67.02205127573019,68.11758545099784,73.68034289011001,70.62996894890836,47.44164602124384,74.94295221287328,47.50254341437429
1906,8,16,63.9983668751536,72.148260991783,61.33035950063729,76.33850329541292,75.5564395866266,75.05128248805335,59.76196249234012,75.4494776465794,57.35605348578287
1906,9,16,67.01940367125883,75.89666049087873,81.36975714465326,83.69241245880266,79.60201324768623,82.08483445339243,54.86028294120028,75.86687726701487,47.121621884098616
1906,10,16,81.93955723239772,,,84.51916171715543,81.24250875691403,87.20317702349567,60.77397629812258,76.43015050652531,48.96980630030251
1906,11,16,75.3651129717766,,98.83445332674538,91.81532044670551,89.43026660401966,91.10748103262044,48.48569483575431,76.20600223508929,62.442769754419885
1906,12,16,,,,87.21303319713894,79.92709263956246,95.11489544095262,92.96425716313831,62.923153584861325,80.71845795997143
1907,1,16,70.39476654078456,,,81.13953204296813,96.79846720390002,,68.05996870706514,66.08028809064332,81.5296937660575
1907,2,15,83.8206229057901,,,89.9363769177545,86.17453243455117,93.81432704753782,78.34477319028089,68.60953088252528,39.59537497832587
1907,3,16,37.86543413130594,47.21760378135775,,82.83851530363673,90.2177285053292,80.50404446195773,58.5266661230388,71.92397013705373,33.40074122481577
1907,4,16,65.02419949594754,87.90115971321548,95.7709082013362,76.54275002154696,88.33895388481876,80.50782281543307,51.154788875528496,80.41094440862378,49.56234713990083
1907,5,16,65.6360052412121,62.54907501451605,76.26698949027575,66.39368212810005,71.70368811812469,71.03708957072905,48.626159879700246,74.30194042437354,40.85671000320344
1907,6,16,54.65644389919712,62.03939560029458,66.88264180118416,68.41120192822946,75.92857650448224,72.44545782735013,44.614246533270354,76.73541962047878,35.91440717892845
1907,7,16,59.72261994867047,66.21456160520597,66.36591587402052,70.03366540915114,74.35707755545059,74.13530946033315,55.18446021355151,71.82702645531202,49.4016682204316
1907,8,16,63.53870949698446,69.09896026037956,76.18520214734644,78.56245342096636,73.99213679467996,76.33850329541292,59.85980168720078,73.64388555795203,53.14730336749539
1907,9,16,72.04926756036674,74.52846712624309,82.20832604561409,80.3607077748554,73.58127818178002,76.99799307496791,61.043896346571024,76.0856587133156,55.76184272517838
1907,10,16,82.43290938215894,,,86.49997952199202,83.37308028306593,84.26551630285817,61.82433847855618,74.17659066558635,49.208517280387845
1907,11,16,73.92146972420989,90.3750889088746,,89.77432800966551,91.32006689311396,90.35619931789977,35.20430108046738,76.89664763338295,60.32792374009672
1907,12,16,86.36642015282362,0.0,,87.46588774998968,89.85982030582286,,,74.01998507628205,62.58188399488875
1908,1,16,70.55976653379896,,,78.36677522228767,86.65199753891383,96.74602476777338,81.45231796175607,56.15070119659605,75.75969291016081
1908,2,15,79.67464066740506,,,76.50439931883999,74.48848415659484,90.64509437323912,76.09835134967742,74.57774328653836,64.2402692269675
1908,3,16,77.28246903263292,95.46967081268852,,81.18105181998733,83.58472790995475,95.91105570117156,54.95396568435287,69.6763460702708,55.18961341833885
1908,4,16,69.3323920775897,85.59769280405266,95.7709082013362,74.77628892214629,82.78442012750826,77.37091361824923,45.32254718661956,77.70372383589965,54.997754607492304
1908,5,16,60.67754385438345,65.18109793670493,75.269865455194,61.22407587870103,62.969126666365824,68.61602710083343,54.62664205764132,80.4097243006549,47.810303775023975
1908,6,16,58.28450661306271,65.96740544173501,65.32743544746555,66.61069535351238,67.28419245625876,67.90615000460235,48.41639571292114,78.51733385619391,43.46390735899733
1908,7,16,59.73376738532215,68.30406737670414,65.48243326369256,65.5669446066572,68.957824544696,71.32927557216487,55.09083501782639,75.63172960269468,47.56547594655821
1908,8,16,62.30568728413188,68.61602710083343,74.93383673837283,75.12919864126094,73.27176488886363,72.1913766922882,59.85980168720078,75.79824815332789,48.36401942985205
1908,9,16,71.84926686950658,79.01365890492754,82.37834543285082,80.71888694279214,75.26008525235788,81.77789178908293,55.37433766032172,77.92766914157679,44.4596500353961
1908,10,16,73.71768246719178,,,81.45801783652246,79.3176571290736,83.95292403813431,59.248324375283005,69.58569361660693,41.70432978000437
1908,11,16,76.83932317217418,,,93.99531120097022,93.99531120097022,99.49548957672572,54.44913780219376,70.71354729226937,56.72033879544781
1908,12,16,84.12835557750392,0.0,,81.18105181998733,76.18133821823898,90.38412442640966,,69.16649343504764,60.6751417556326
1909,1,16,53.25616873912099,,,80.98832046397368,80.30432503499932,92.51240332690064,64.15725918878195,62.843011609655456,27.342281269487017
1909,2,15,77.74032768787718,0.0,,83.54241945043904,81.33976638420648,,75.99788620474561,66.00190879700767,62.70981089193626
1909,3,16,,49.32345611891749,,71.17229558618068,70.61944552508307,88.0025450626769,19.18241229687222,68.0069744316718,62.24984409154288
1909,4,16,40.024811734692,86.27713406667247,,63.38927690846721,71.82713260803236,82.4991385076476,54.78195115311024,74.87542969574717,54.86384805707648
1909,5,16,57.43478863944542,65.73834138373229,82.43245130474156,64.34217171767142,64.55539387271115,71.73164561610128,42.6789330129429,74.11377455184072,46.30410780069656
1909,6,16,54.65644389919712,60.24099168775248,67.71998842404875,60.79176637492937,60.66602394415056,64.78582417661868,51.2280505325281,74.86862888192258,41.00368618773334
1909,7,16,61.49793031897526,66.10302975923493,65.61617301237428,64.28984220467126,68.02953014367041,72.1913766922882,60.33846231916836,74.17994066335565,48.63079581683645
1909,8,16,65.26628254709271,72.3687518705894,75.6797950740901,77.90700375669334,74.3889786586552,71.68469789403375,59.85980168720078,77.6798179126839,51.74316587143105
1909,9,16,74.01465009685023,75.33520194038678,83.68776244061223,76.39081725261879,71.93627248189246,79.10558462559375,50.99698175390002,76.86512565210717,43.180183737267626
1909,10,16,86.8031359511259,,,76.73361006123436,70.99300888332476,80.00932240675529,44.00127253133845,77.94841725345749,42.37623675927017
1909,11,16,87.31591729809341,90.21707300541804,,76.55838755456365,75.17162488835305,,77.53073464008081,71.09417526847754,65.0542804207532
1909,12,16,71.27453838879471,,,73.5370948864894,69.00389404698923,95.21696073826904,63.36125976360847,74.64207769739545,58.17517144556542
1910,1,16,71.86228448539813,,,85.12969617896552,82.09136608949733,97.65352794501663,69.41732509380307,72.53615316888734,78.51094771040948
1910,2,15,69.86453516271902,,,88.65027379080222,86.43992305700074,86.91808539263833,56.50674592833068,76.69473161435432,71.19353071674492
1910,3,16,75.89823371515563,85.65061150311784,,91.93361726453564,96.56399112377473,82.58559870745856,42.50718835566134,68.74928208970633,47.72809601710664
1910,4,16,51.6369094784561,87.08675529715995,,79.33641752847052,87.78898566102283,76.28766478241931,47.98857937406777,77.40113525380657,41.62283259198816
1910,5,16,51.02018937826745,62.23227774193804,75.79069789627614,67.16233923050746,73.41868837309127,69.51207708156825,52.12728581046178,79.23725576378848,52.69054913486766
1910,6,16,56.64153389466534,65.99173861518442,67.9712347337832,65.34415395378869,70.07625563677328,66.96559391905258,47.50287881267734,81.5746653426218,42.643833635242665
1910,7,16,62.87777118553647,74.84389908599994,66.58886430973968,69.47328139734539,74.35707755545059,74.93383673837283,55.28973584932984,77.18893064678193,48.81469162671488
1910,8,16,64.90336599130563,67.11518440970272,75.19935072113354,76.15395575984888,74.85915993399658,79.82477355633975,59.48282867893478,78.65423794136815,50.43321230506571
1910,9,16,70.81295482246217,80.80962089017142,81.21917434077704,80.71888694279214,74.19065772226207,77.33136065766861,52.77191565196765,79.6537907036522,51.56705791090037
1910,10,16,83.53493380123074,,,74.99308500638219,73.31819332445883,83.94394124301455,54.5622950465057,77.25660584187628,47.84413827659536
1910,11,16,86.13155768203039,,92.29721229804784,86.18164244658595,83.92442196643921,91.94506545356909,19.742776770571737,69.54018640651087,52.0322662302611
1910,12,16,83.84117792152038,,,79.80909016778018,80.62689971820376,,,75.89666049087873,34.56992076161161
1911,1,16,92.40237253773915,,,75.65121958140234,82.64310285306262,96.5854380510406,71.88895160800125,63.94070380078104,66.58776935426906
1911,2,15,67.10021637052296,,,94.16524157319736,,93.01683573414284,83.07847309868153,73.9450515862503,63.232291346845045
1911,3,16,83.8752704631537,99.3797712502491,,78.90330815091079,81.5296937660575,78.7157000756858,52.60454216565264,70.12419638805669,52.41205886006371
1911,4,16,35.42265696305112,77.08664795602095,94.9012352768079,73.9450515862503,81.24438629001033,73.79883758081365,58.66665391482928,73.64039612428675,45.98353079648421
1911,5,16,62.72395384211308,59.46995802843482,75.79069789627614,63.58805522730032,67.6417702672956,66.50005786267077,42.2737666781507,82.49737780133587,48.57828725708683
1911,6,16,53.76352342052531,60.18949745687144,67.61887351445992,67.58637454528846,70.53695775663157,70.01166906112174,50.67797070554001,76.85904271778625,43.14897248619977
1911,7,16,58.32793391078066,66.19557033186538,65.67359410570151,71.29627184816056,74.78826505948389,72.27247033192421,55.29098633122656,76.78493319035843,47.99650411752028
1911,8,16,62.33678929330127,75.41912984592504,76.45203788096856,72.4613795219624,70.34080131877221,70.39819315662142,56.90158114306248,77.79326794623422,53.462079307042416
1911,9,16,65.4069971925129,66.63896773281289,82.20832604561409,82.40835552388518,79.15787347795148,79.31421605914728,56.42956620530525,76.98074351708371,54.23431952698142
1911,10,16,77.94613578072243,,,74.40696563713236,68.13567651808283,83.17305723268463,65.67435206107078,70.07625563677328,46.80915233677608
1911,11,16,78.51669093627288,,,83.92442196643921,80.98832046397368,89.77432800966551,92.54715989844075,75.19201646448226,34.25974400387382
1911,12,16,,0.0,96.51631160649988,86.87633115327996,83.50185306203943,96.01463624236854,71.88895160800125,76.53028406740117,38.40614839026909
1912,1,16,77.28246903263292,0.0,,67.78542175387258,88.01075270116846,,93.22419500969306,71.92397013705373,75.46613860150492
1912,2,15,50.32856110610525,0.0,,86.13155768203039,97.77022151012773,97.7543950507414,88.05458581632239,76.59772011095566,75.51689989586856
1912,3,16,98.79341550708106,0.0,,87.2867008869752,90.89641881108976,82.58559870745856,34.540968927267016,79.19036519098022,55.33187405130266
1912,4,16,62.12498464709234,60.44669562271728,92.38920828276038,61.318740311308815,68.01134847904112,73.41868837309127,52.0322662302611,76.34038952494355,49.08017097614006
1912,5,16,54.825804138112986,68.00264359583188,75.62711839393042,66.57939284536947,73.40353009576148,70.72598235955155,50.55917786377201,78.07107365420701,45.6681733367606
1912,6,16,58.06974698500716,61.98888133513842,68.16631895645952,64.78582417661868,71.34908350385805,69.18860195014116,44.614246533270354,77.87590950657008,43.330678418210496
1912,7,16,61.53898284657361,67.8071926296837,67.637479699499,65.5669446066572,69.39313043627018,68.1286817358212,56.31041114939159,78.24495408328966,50.985529963906274
1912,8,16,62.33607163164312,72.91839109132715,76.18520214734644,75.34491632665072,75.75954122908757,75.95134422834488,58.25626025861164,78.13754573533946,51.76993629110923
1912,9,16,68.28392072165994,79.82862497137099,82.20832604561409,82.3703355730493,75.96145781357939,80.82218019111195,49.93601962075332,73.59663221254579,45.91942571424584
1912,10,16,82.12518013450521,94.12830288241392,,86.03305401793429,82.64699781089449,91.25005606705096,49.74945470426307,70.21372850516413,47.11832402539607
1912,11,16,69.09971869700108,,,88.0587908097381,88.83831197189834,94.60412041865656,45.389939599720535,73.52636510521012,41.63428287636378
1912,12,16,88.1997081672487,0.0,,85.12969617896552,83.59023606535462,92.20066119911591,67.39207732994615,78.57060810252152,56.30794563956794
1913,1,16,85.65061150311784,,,96.97138967150862,92.09890810393291,,91.44406643675072,79.55594783392817,92.52966318485078
1913,2,15,87.31591729809341,0.0,,88.81567858525936,97.16522384831184,90.38412442640966,84.68286537229092,72.1720096321339,62.53862537758977
1913,3,16,75.89823371515563,85.65061150311784,,77.12199922898796,82.09136608949733,79.82862497137099,72.97010319066429,75.47608388946851,50.28716860724394
1913,4,16,58.31059183332645,79.2096774310516,98.60243893333995,75.62711839393042,87.22598027964919,75.65791684364889,33.41397352049229,80.29003420142331,55.62642223718076
1913,5,16,47.98702311923622,62.76675307389559,76.04936618588981,66.43414954262164,72.28253380083689,68.9177418428972,47.83258767068758,80.20606663811131,53.13170290355755
1913,6,16,53.2165157042265,65.61835242938734,65.26323835536023,64.03172655926228,66.67443533896275,65.54234636382704,49.99737553257464,80.01746730964969,39.8950858442516
1913,7,16,65.03129727744118,72.09675889482615,68.9842978871782,65.05982219817159,70.64754784919553,70.39819315662142,53.29343418082716,74.49902128829453,47.84054329049258
1913,8,16,64.90393956805303,70.85525078503771,79.7901716885032,76.13802070903652,74.78826505948389,75.34491632665072,55.007586613803625,77.01934162075626,55.24522323726495
1913,9,16,72.24572415135836,80.45504477301563,81.62670076784549,79.13097674555503,73.81667048388998,80.50314128813372,50.63410278783619,77.78806416572888,49.146030876428405
1913,10,16,80.09496017004501,,95.6964542023084,87.50881138725731,81.23869123309875,85.18667275297857,67.35801005035955,76.26881792682396,51.45261776066847
1913,11,16,82.86595111972717,89.19104941699807,,91.85203836824336,96.28469395079924,90.14949372651256,86.65199753891383,80.47117889384737,54.39736924072752
1913,12,16,87.5285787227817,,,82.3688855914103,80.54102666609253,,,72.02993451859376,67.41682417292512
1914,1,16,78.07128314508785,0.0,,93.29694693332232,94.85203254503524,94.38355384209515,,58.07491224570492,89.62533355667895
1914,2,15,,,,85.12969617896552,93.99531120097022,86.13088483753185,,79.21922387058926,61.56865987019952
1914,3,16,,0.0,,79.74704516859033,82.83439142996635,86.09646642234031,59.73266937194205,79.00704247473224,53.37933016790922
1914,4,16,53.45450041678548,67.78542175387258,92.34321162050004,73.74230065583625,86.47989711910512,74.72323754428683,59.164507245359054,80.47717136925067,50.99698175390002
1914,5,16,51.580609078832815,65.51507357507964,73.90594595759626,67.51213705044826,70.12419638805669,64.10029257221728,45.17522168898271,79.79677518720041,51.31738676866699
1914,6,16,53.2165157042265,71.96236407855392,67.03922652971116,64.82951449690884,68.30043396431996,65.20552367110335,50.46773122637832,76.73081739869126,44.08620690247376
1914,7,16,57.14715436362221,71.85761089281704,67.93612211200875,66.46970356634418,73.14318227686672,67.46871848986397,53.707523797634536,78.34218113887862,46.03289306474405
1914,8,16,66.07900186249437,76.18526131491288,74.89163456476835,80.02695922788676,80.65656941855873,75.93123723307966,61.505529281600005,78.25958191798014,52.76695099601839
1914,9,16,68.91863990566593,81.52034516566447,81.62670076784549,82.53361826836677,77.64859375855264,80.85811919247638,58.985707507734006,76.27947813659294,44.71140233330839
1914,10,16,82.14660661935822,,,89.88560994842788,83.16209047096838,89.15002131935078,47.7283693095828,74.66924092619824,42.80230253207427
1914,11,16,,84.24579929539858,,93.55912585737843,89.43026660401966,93.80272335403006,63.55469273779057,72.88598482609635,64.09396193326825
1914,12,16,74.02836013099167,,,81.10921433372029,81.18105181998733,88.2569970545568,84.68286537229092,74.70813444674876,49.14488020549583
1915,1,16,98.1497481737546,,,83.21488926615432,86.28052242613852,,83.8752704631537,75.86086172286345,82.83439142996635
1915,2,15,68.9595510367931,0.0,,84.69222024083736,89.9155648606303,93.00466007386332,88.8424954675728,77.64266206241342,69.02865952497196
1915,3,16,92.3294874266886,72.13283221863337,,80.14816726376648,73.00659589904028,90.3541194671025,61.82848922701737,74.50345356822993,67.35801005035955
1915,4,16,77.64732739624525,66.49815042915242,92.30696265589626,75.68329633492525,81.24438629001033,73.19229036476247,56.762472251193934,74.71612591802985,52.31611143522033
1915,5,16,49.627223475062806,69.08873454286636,72.28253380083689,67.84829580895378,69.08873454286636,65.87075578376692,53.102527135768135,81.29707146062597,58.97708678164789
1915,6,16,56.39951304085016,69.92278823885714,65.30165278198342,67.88089018627646,67.03213593677002,66.19557033186538,58.2385217612941,77.72422947380811,45.089201270878505
1915,7,16,60.22567632363323,64.19870760952436,65.02596097142458,67.90149781586099,73.26823805261046,72.98245132111539,60.33846231916836,73.14318227686672,50.7631427303468
1915,8,16,66.41288139154845,77.49500680443168,75.16336914520117,81.41504762429102,80.65656941855873,78.24495408328966,62.75743254372433,77.36143671410395,54.24137355088215
1915,9,16,72.8268914209627,71.10076726511399,82.98366845784265,83.36185916692821,75.19201646448226,78.54549905896796,56.90326726804995,75.94136124056999,51.651324065866895
1915,10,16,83.38483383678636,86.96954439963132,,89.57507375762317,80.41350235585807,87.6870354340158,50.56261812969384,73.41031793036161,46.94780801635972
1915,11,16,99.66742291106024,87.17645965624585,,91.47515134496228,91.47515134496228,94.63543347031136,74.48848415659484,68.36689272881947,51.29098978709008
1915,12,16,92.91062503941365,0.0,,67.39207732994615,81.45231796175607,,,77.40113525380657,62.31318583938104
1916,1,16,76.46655292007195,0.0,,79.80909016778018,88.22832390495223,,76.09835134967742,81.68565040166197,80.46057668247893
1916,2,15,72.60839981573847,0.0,,89.85982030582286,91.21262898833037,96.28964301038262,77.46905343299723,77.06966274194279,50.62101698497944
1916,3,16,45.03725173756829,,,74.48848415659484,73.27195424580383,87.26248897815924,34.87092535328835,72.79265955653796,66.47133554502763
1916,4,16,87.20345989616553,68.42876880437706,95.55311971448138,73.41373715115817,83.39295292096084,76.8421524775166,46.90716352376891,78.57290014586849,56.42956620530525
1916,5,16,59.68169671429339,71.57518756487309,80.755110866274,72.05901577846217,80.39504425365494,73.08351510486993,50.48995365239245,80.2062427864249,47.60587162119721
1916,6,16,55.97280157764229,67.97197747457223,68.16631895645952,66.99779960748948,73.7449419399728,72.57307158774815,54.01714236214171,75.41912984592504,45.31322711573228
1916,7,16,61.713373946959486,69.39313043627018,68.38621993599074,65.34250078586865,74.20922385364595,71.93744029200087,60.96342924588358,75.44678258542933,46.54755563399279
1916,8,16,65.98250601609925,81.61869375793225,76.69439027962055,81.79602289315231,80.81927042668364,79.49098515351037,61.02957785223756,79.54715120420266,50.3292964174535
1916,9,16,72.31582751340036,73.77759299738416,80.20606663811131,82.19360827607215,74.6507776996793,79.70500302388562,61.17907348015731,77.52968961822148,47.59622234990556
1916,10,16,90.62088842428165,,,89.10050006210831,81.24438629001033,90.37514073878712,63.85778128259317,77.84943565689117,44.88715493603826
1916,11,16,86.32085533592499,,87.57239607066703,87.54525716154619,86.79420546902215,88.93128563527033,67.44926097492804,74.85575150941617,33.98283315910561
1916,12,16,94.8325859040216,,,80.54102666609253,81.35555330702482,95.91105570117156,52.91982490034922,71.90848795874231,57.21068583574644
1917,1,16,64.18339495178002,,,86.40831246457404,96.44367427650783,,72.59456813959032,66.84709942808927,78.34048403141016
1917,2,15,94.66358532826486,,,69.7418507065767,88.05458581632239,96.79536024121326,69.09971869700108,59.19752654741199,81.24438629001033
1917,3,16,91.60280609231836,76.91127804840151,,78.90681324847897,73.54889187327197,92.62562261193877,47.079630350055375,67.36054232332499,58.62670209626879
1917,4,16,59.06341955513453,87.43520953270354,96.64923199931104,71.5925539643742,76.28091444766191,79.82862497137099,53.93656592856728,77.2506513882254,42.91181144011087
1917,5,16,55.462006124879785,68.74366125585034,72.86124595920172,63.80785654684969,67.4313126086512,65.61835242938734,55.6096616652546,76.97337100991186,28.532758937566385
1917,6,16,55.634955497516735,69.11942464436248,66.10864258769809,61.36990463162669,65.99173861518442,62.23828946983013,46.862893281637,79.01375221321936,41.26740326611332
1917,7,16,62.0530686393795,72.20400759983035,65.29587665323987,67.53039370681782,69.87738695646107,72.1913766922882,55.46021513300883,77.22428068784703,51.75960395551441
1917,8,16,62.5516673571561,80.03271359205762,78.54967748320976,70.73749258372852,71.85761089281704,72.40730876398878,56.5276798938288,78.95902406674796,52.78534412594061
1917,9,16,67.88669779967115,79.23143732125683,83.24792031277592,82.4338473281721,76.34673064757608,79.48411418322064,60.53916520709411,76.77986307297041,47.18166942531831
1917,10,16,79.49357031468415,,,82.6817886363477,76.43052110038398,82.75111822867692,68.58798730352599,69.41255849836392,39.92545346372077
1917,11,16,76.65776187559283,,,94.84843702026755,94.0085808376922,92.64645431514852,79.65675398676265,80.41094440862378,40.20675117792904
1917,12,16,,,,83.90997790249116,92.96375631625584,,56.64320093813353,58.63395440471114,58.382206585349024
1918,1,16,84.70238452655816,,,69.81627253864805,91.44406643675072,,86.35242231816753,69.16649343504764,59.36545970587593
1918,2,15,76.46655292007195,0.0,,83.34204087135465,86.65199753891383,96.28469395079924,78.45958204489878,76.4192182706196,63.232291346845045
1918,3,16,23.954094828466044,,,75.22628360186141,80.30376481601718,80.91446640418545,65.59967975380454,65.67684271726027,52.275113303227954
1918,4,16,65.7556777070658,90.77987919944108,96.43354080624536,75.62711839393042,87.22598027964919,80.47123456410796,47.17085297405734,81.91921921072287,43.8551173866697
1918,5,16,56.72033879544781,71.4720432162159,82.14660661935822,64.24784282857091,69.12477180744779,66.76406241030666,42.82056433723042,82.08483445339243,58.597190660356944
1918,6,16,55.87498814349027,64.88541226610396,66.57858315269901,68.76572152364795,75.30915801235427,71.1269764288281,49.188257939675815,72.85029057738578,42.95893324213869
1918,7,16,58.32793391078066,66.57858315269901,65.79212909873495,68.57122728556486,77.90700375669334,74.49694303325819,56.77386436772312,75.12919864126094,45.19339803960434
1918,8,16,67.45026653449534,74.76305950063302,76.20428655735448,77.50401581193812,78.03806008234474,77.20739063608414,60.66294978549468,77.6798179126839,51.383885922857765
1918,9,16,65.79636204469747,73.28907952216257,81.14092757942171,82.51364608614348,78.15470391591012,80.2677189418403,57.37767719264081,75.70159683956747,43.84881121170216
1918,10,16,80.30376481601718,,,82.52897452613252,79.86366810862012,84.43506504314824,59.742986632260525,72.96720805438625,45.49684960830733
1918,11,16,90.4107934853291,,,82.62257194779873,83.32215051324872,90.3531672510461,58.31059183332645,74.08959714585781,46.36825385891713
1918,12,16,86.44168820313006,,,82.59044027106508,79.92709263956246,,0.0,81.75566901795801,49.27199427223562
1919,1,16,91.00509111513485,,,89.04818955881389,90.74604199923048,,22.28854558963016,72.53615316888734,53.94933891637818
1919,2,15,85.57316129135677,,,82.35277862515125,89.93092067637564,92.849991465168,89.55484039961442,68.3707233353879,60.9139883428185
1919,3,16,43.671928153890285,47.21760378135775,,79.19074995665174,82.08285477377783,86.28524816410741,45.1822957936491,71.90848795874231,59.159480288863946
1919,4,16,75.56622182231644,98.63351656059872,94.68140871049758,73.23261086448744,78.90330815091079,74.70813444674876,47.5778074252632,77.81487493086154,51.38722255125313
1919,5,16,54.66448861957226,70.95309031399242,77.06966274194279,66.72161413616587,73.09555316426932,67.47799989006299,49.428452685710695,78.4271604758441,48.041808889815904
1919,6,16,57.26067843420272,67.88669779967115,67.03922652971116,67.53039370681782,73.36995155374213,71.12351303208821,45.91942571424584,74.42318403803414,42.82763664883304
1919,7,16,61.0183645333936,69.46543944009149,67.23535813798958,63.39968804059913,67.86552139877165,67.88185196623948,60.10947132145323,72.7218941674014,52.39814265461372
1919,8,16,64.01160070817775,71.38279445323256,73.20840405311664,80.48088506438576,76.45561985696408,75.94612972676887,59.3651388927122,74.93383673837283,50.755138582635205
1919,9,16,68.36489197421034,74.85575150941617,79.9091876578613,79.68383962503995,73.48884766434445,74.89152618800885,57.23294521503344,75.95427314745461,46.91767409933814
1919,10,16,77.30703317015669,,,82.29825963631589,70.90297234780968,81.05564383132052,63.55582457522979,66.39368212810005,41.77800176088585
1919,11,16,85.81025521227632,,,90.67946618677972,86.4235017832194,95.11489544095262,52.964584143812296,68.74366125585034,41.98786135679542
1919,12,16,71.27453838879471,,,84.0010744586891,84.69222024083736,,88.85282705974028,75.79069789627614,51.00851135928084
1920,1,16,92.29721229804784,,,87.46588774998968,92.34321162050004,99.36696289335518,85.30230195746937,75.33520194038678,73.0629466379886
1920,2,15,,,,82.99238239273413,80.2755340548549,87.50881138725731,82.86595111972717,76.54275002154696,39.937697913699054
1920,3,16,56.79815119695891,,,77.72613410096501,83.1425448327706,79.7476290657611,79.21559214494704,71.98835097593299,55.18961341833885
1920,4,16,37.12105849032319,70.28537116479058,93.8183152438156,78.57060810252152,86.38384706105374,81.24599465904876,53.836740577516,84.17786164641274,42.98384089902735
1920,5,16,51.2751695466146,74.17159420383666,78.00340996775235,68.30043396431996,73.50909384727457,69.77210928538356,47.16871166551629,81.27997414178544,36.387291856255416
1920,6,16,54.488935084043526,65.61835242938734,67.34314410179847,68.15410498392981,71.5679727503727,70.76067973834198,57.871528834444,80.38948722145396,41.175768244853145
1920,7,16,58.18444454249098,72.41375159994242,67.46154494427667,72.1091201323492,76.84207579879215,73.15890661374382,64.02114206773601,73.36306665345468,50.40756954660636
1920,8,16,65.26628254709271,70.31287023900288,74.94295221287328,79.29814745253148,76.38923808562215,76.06148837283632,61.91929369852386,75.94612972676887,54.19292364068376
1920,9,16,69.22169616182104,71.90848795874231,84.01039296831381,81.16918827355403,78.34480203271002,81.0315289107224,50.278549469131725,80.18054997944257,53.70872864616388
1920,10,16,83.73439742701984,,,88.39193411533671,83.26856575272755,84.78213490601776,67.4313126086512,72.53507162402849,52.39946731663035
1920,11,16,94.0920726358788,,,91.06286214025909,90.2810464478445,90.7885766973892,71.27266722238063,70.99300888332476,57.15156919188603
1920,12,16,88.1997081672487,,,98.3995196307068,94.0085808376922,,50.32516227789222,70.82680250602762,49.27199427223562
1921,1,16,92.29721229804784,,,75.77717264582759,83.92119386992162,96.90052320942765,90.56327516932171,80.64508351128823,72.31604738402207
1921,2,15,74.89736738940861,,,93.8183152438156,96.5909725812452,97.1210179421948,92.50397754722516,75.68329633492525,79.90532322512286
1921,3,16,76.65776187559283,88.4767599157393,,80.30432503499932,83.7952328514962,77.16966939392452,74.97106257577661,70.50458411473208,47.30206020932828
1921,4,16,60.70596868717479,79.96754435376624,93.29694693332232,72.59116809173186,80.56190061932365,73.29356064192815,47.31771673515568,77.40113525380657,57.63941404829339
1921,5,16,57.43478863944542,62.76675307389559,81.93955723239772,62.86591787799431,64.50798031495523,59.71081142016922,42.30848469392919,80.03271359205762,50.57501083866352
1921,6,16,55.60148209524986,66.42679761097286,67.61887351445992,64.45357936923038,68.84846239238152,66.6729045262724,50.67797070554001,78.0660775859499,45.06047430926635
1921,7,16,60.07871951082837,64.19870760952436,66.31896543895819,71.24085489950012,73.87038049683026,71.04633823281927,60.51693887036724,76.13421341755878,52.42318862161075
1921,8,16,63.74680179675927,70.66765559886375,77.44653618448058,76.4195601193894,74.83408704551132,74.62670886167467,61.082546486381645,75.6797950740901,53.12990180881187
1921,9,16,66.57939284536947,76.28034084551062,81.9471715578888,80.80254987945305,74.54465132653662,77.53245957325935,58.18985970153216,78.75011334257101,50.24342951340873
1921,10,16,84.85959702472415,,,85.1437083767909,77.31493343599807,78.47088797546951,71.10076726511399,75.928471869388,41.89508496048126
1921,11,16,72.59456813959032,,,,99.29222570059058,95.75262502044114,72.4034301903805,67.9296194298567,49.97529777929902
1921,12,16,88.94295151473419,,,89.04818955881389,89.13454702039289,98.48841430673946,,71.10076726511399,71.03844137711478
1922,1,16,92.91062503941365,,,89.09054037677565,96.8192052721052,,57.96185177447468,67.55331767662611,77.088323072361
1922,2,15,74.89736738940861,,,,,98.6164552946096,81.45231796175607,71.57518756487309,77.49173591256952
1922,3,16,41.07348782283077,74.48074201913646,,82.83439142996635,78.36677522228767,86.83700626170415,79.74704516859033,71.58745258323485,72.02993451859376
1922,4,16,69.3323920775897,83.07847309868153,95.909935851339,75.04217868322405,82.80270292971424,80.33419426270959,48.11273123601371,76.73361006123436,56.84986328751175
1922,5,16,53.70793374621577,64.40035258182935,73.49492323230906,70.07625563677328,72.59116809173186,66.69610897125352,47.4521352180976,80.30564375988664,49.39464976128123
1922,6,16,56.13740410675049,63.98852355438704,65.74266485007773,66.48518327272838,71.28721353540918,66.54873451582162,54.124865767808,80.25727916762736,41.55559722489854
1922,7,16,61.02758991552715,65.97215568485868,65.28427689002311,73.06778714769723,80.86934827239084,74.82580868844747,58.44917023725071,74.13023591635826,53.75035795380342
1922,8,16,64.90393956805303,67.88669779967115,75.66134971641529,80.91647699237906,81.41484585441309,77.96580967973705,62.69415623731433,75.44678258542933,55.80251543741934
1922,9,16,69.50270073674092,75.40990467512088,81.8083398527608,83.79903316213894,77.68156123105838,79.6537907036522,52.69011719330357,79.70572838537639,46.5465206246166
1922,10,16,89.06864326617539,,,90.12947857935542,80.69424234088892,83.24566518397633,63.0846629257109,73.2862522068967,39.64228600060758
1922,11,16,96.83631679124656,,,87.57330987802354,86.8031359511259,89.90496267131716,71.93245188850423,72.51418423093922,51.2751695466146
1922,12,16,83.03819412390321,,,87.90115971321548,89.93234796657072,98.48841430673946,96.97138967150862,77.7278716826507,67.94981349115326
1923,1,16,83.98042415514018,,,80.09496017004501,78.90330815091079,92.21884331083604,76.98871102653834,78.7157000756858,69.02865952497196
1923,2,15,,,,,,,70.10696298125328,83.98428685803573,59.810283876442746
1923,3,16,55.09965242548554,,,85.60340589685737,94.87108570119216,87.59508130879993,75.65121958140234,78.35243368805358,64.00975749491236
1923,4,16,71.74341753938839,89.73489619452728,92.4397865000062,75.34793125469834,83.53493380123074,77.81487493086154,59.66696087544612,78.74599508216518,55.64299329169656
1923,5,16,53.76338900752549,66.08028809064332,78.22220521977238,70.98148160348008,77.83909513671604,71.57125536198059,51.29960564118659,75.2145803183146,46.17288564540174
1923,6,16,57.1459677090068,63.037647956837496,66.50005786267077,74.34353799007539,72.98257711500764,72.21943690464467,53.9991115234063,76.39081725261879,49.03004526251505
1923,7,16,56.4670154927527,65.66786756271395,65.48243326369256,71.08837152090202,74.5865581204117,69.23135570239532,62.35418880430448,78.66137718286822,45.105804638632186
1923,8,16,63.4795759644227,71.21787907099953,73.36608486535243,79.66616029982455,79.15288951209251,78.65423794136815,57.47352526535392,72.98245132111539,52.44091812191215
1923,9,16,72.31582751340036,72.31217552210552,80.80254987945305,83.67991852209407,79.03517578995535,82.2698080106175,60.44515166930128,73.2185724240625,48.24583458039294
1923,10,16,76.4192182706196,,,90.7885766973892,84.74072232142008,86.83855990656679,70.99300888332476,76.99799307496791,39.94881569660266
1923,11,16,97.4251640660736,,93.85968872104608,93.21034689894611,84.53643917734857,92.73650771783426,77.97292482040977,69.31458895000787,37.521089341612026
1923,12,16,98.83445332674538,,,86.69893266126338,82.83439142996635,,98.34486913272784,66.86006568664486,39.17024201570508
1924,1,16,,,,88.29959081770879,,,84.48167968481128,67.55331767662611,56.22829693183246
1924,2,15,92.89756817915834,,,86.40831246457404,92.09890810393291,,60.11746744819863,70.36074528565337,63.6994748518244
1924,3,16,,,,75.56622182231644,74.42329817349744,87.87766611575034,42.11182585913805,70.23345182197447,68.58188303026324
1924,4,16,18.81841452717576,81.50694765238954,93.29694693332232,74.06685828204176,78.11348099177809,81.8115624527328,55.33319474803812,79.14068708807325,54.21624987396075
1924,5,16,62.93030431979252,64.40035258182935,72.28253380083689,71.73164561610128,74.70825586065737,70.80649525900354,52.22986802180668,83.11089488405983,27.93005664032084
1924,6,16,56.8209186544531,64.38050486823023,67.22786898001159,71.88010992529378,76.55062124255258,71.6798439346182,45.85621972108883,81.10885375667942,44.947890875910666
1924,7,16,61.24116241004595,62.317536333007546,63.29960802528058,64.1184862312727,70.2740954259408,73.08739955899469,62.581999490446215,76.45203788096856,54.17094564398244
1924,8,16,66.99779960748948,74.3716419313983,75.44224369178093,74.33564503430715,75.64229367601274,77.03139555233317,63.9983668751536,77.07809033763576,54.81554966924602
1924,9,16,72.96720805438625,75.79242792333699,81.0496624419984,79.48411418322064,75.5230093998609,77.78505528065114,63.14218818676895,79.63708040638093,41.8695799364935
1924,10,16,88.50663435072683,,,86.46619067845589,84.94856139613684,86.63888806976598,65.27742319685142,77.04255674479543,45.49684960830733
1924,11,16,90.56327516932171,,,89.57020869288385,84.2534376340848,90.35619931789977,89.29442650568203,77.37091361824923,46.1109956233651
1924,12,16,69.67317613436876,,,86.52194312505041,85.01923388683115,94.67129607928176,,78.38551697611675,60.14515233688613
1925,1,16,50.41414616556236,,82.24433889135628,87.03358685472388,82.14660661935822,95.41296978871006,,77.7278716826507,44.12225693189364
1925,2,15,40.14293206663057,,,85.880344588645,85.65369230262334,88.62871543476209,82.86595111972717,79.89831995415813,40.66988319210324
1925,3,16,51.865012921878034,93.27477711813246,,81.28024936993442,80.11448163333871,88.02446674618022,65.33327828718225,71.57518756487309,64.09396193326825
1925,4,16,50.58694573119603,79.2096774310516,90.76097958234858,72.51418423093922,81.7289470698392,74.6507776996793,48.5605089710974,82.18455966838377,58.36339088153539
1925,5,16,52.79357679398681,65.66190634782106,78.04839934539166,68.60349034755795,74.64648040770079,69.99458155919247,46.17265082786198,84.19542572945664,49.13366818276626
1925,6,16,54.3603056519368,62.34123061500032,68.30043396431996,69.07590164933383,74.91549657394063,68.42630253521403,48.23305292304904,76.50186519505834,38.54346501646933
1925,7,16,58.49179328982509,70.37695477773198,68.27248594535428,62.35666495332545,70.14846240484253,67.46871848986397,56.25008095897929,80.1035426209655,48.153263187173934
1925,8,16,62.65524620847797,71.5679727503727,78.43104292400204,79.04217773715995,80.06686785226142,78.57140162858511,61.505529281600005,80.10731222245526,50.71497278041516
1925,9,16,67.88669779967115,75.79069789627614,82.37834543285082,84.72703666083143,80.86064856945649,82.08483445339243,61.295851378278016,73.22510070807827,47.76410276782233
1925,10,16,79.296345708772,,,84.92166163076467,73.8663107300546,85.9676817980547,67.0458706441797,74.11377455184072,48.73462535912726
1925,11,16,,,,93.14698685621993,88.24451386378728,97.58889988144892,86.17453243455117,72.07209073216937,38.165187915484026
1925,12,16,,,,80.38777412045533,79.41585713455501,,97.4251640660736,66.29662319494014,60.76784507335498
1926,1,16,34.21438440218853,0.0,,98.34486913272784,,,87.99319935911494,71.55972734153255,79.74704516859033
1926,2,15,96.60308629079114,,,99.76362754615636,,,81.50694765238954,77.15333019812337,78.21305075089728
1926,3,16,,,,80.65960034125685,80.98832046397368,84.58432240399134,77.49173591256952,77.23909357664813,55.716721405537385
1926,4,16,73.63057015997008,94.26361359771714,92.38920828276038,75.216328872963,83.39295292096084,80.47123456410796,58.82109208416811,79.85090692744154,41.9311577163714
1926,5,16,57.97650537959929,76.69473161435432,87.19186881924688,68.48368405131883,74.64207769739545,74.9938876112837,41.925614929145226,77.84943565689117,43.86424136313165
1926,6,16,52.8632014899955,68.8468476431457,68.30043396431996,65.70634547131755,72.72229489150774,73.94695351067844,48.13600506655357,77.9805927307228,45.7959642886637
1926,7,16,58.49179328982509,72.08624008400767,66.58886430973968,64.36771261134484,68.45971481274704,68.56355818990136,56.77386436772312,78.51733385619391,55.53881190741632
1926,8,16,63.53870949698446,80.03271359205762,65.88730738394091,72.67195366096803,72.27987277760016,74.20632376033038,59.711624402608784,77.72422947380811,51.98794109439146
1926,9,16,65.29307506707002,82.1590084175069,84.17786164641274,84.27993364568322,78.47088797546951,80.102357855591,57.75925871317732,77.38688977196826,48.57019924386382
1926,10,16,77.93506285790347,,,89.50652438992908,76.54627821784923,88.85690485276389,61.20237923624869,70.23327803806934,41.89508496048126
1926,11,16,93.37930124078471,,,89.57020869288385,86.48158080692235,91.88306794728184,76.95267635041671,73.13814847131894,37.45729999136699
1926,12,16,,,,87.08675529715995,89.93234796657072,,65.4305757802274,69.76627597772944,60.76784507335498
1927,1,16,88.24401558918404,,,80.38777412045533,95.909935851339,99.70109734300966,72.2206771554317,75.13617295426549,49.92212239212381
1927,2,15,92.76606474320126,0.0,,87.43630206496447,89.13454702039289,93.82234281117604,83.87651609953221,75.86086172286345,66.70786706942908
1927,3,16,91.9893142507114,,,80.80886607963687,91.5636328909738,84.59988160276242,32.63087134346446,74.64648040770079,42.29138437801173
1927,4,16,38.54332397801048,,93.18747697063851,74.67873329032565,79.26241286746053,79.00704247473224,48.52666378900839,80.17438507925135,54.21624987396075
1927,5,16,57.347614941360526,68.16776206250464,71.61803605715207,67.02481571786416,72.2991415814443,73.81667048388998,53.88507246685225,74.34353799007539,48.94864434109597
1927,6,16,53.64060151190719,68.78713545587277,66.22135225626181,65.7693254289604,71.22254730246365,72.58718373125895,48.4812627782676,74.05575969003299,44.0508239530278
1927,7,16,55.337953253508026,75.70159683956747,68.88695607445928,66.19803502907945,74.61566914327437,68.34049883324614,59.76196249234012,76.96632942292803,48.80294554558219
1927,8,16,63.81427185227363,82.53088016385367,76.69439027962055,78.14282666705284,81.30300412169775,78.68033352798862,58.91225811240732,79.83068629108304,53.43488708457559
1927,9,16,71.94211157175438,79.48433047598095,80.65392659220772,84.23531332536629,80.42977886143699,82.7515452476122,57.315012686365804,79.63708040638093,52.07046331389631
1927,10,16,75.0883459743785,,,89.39103585763662,79.29327737124643,85.46375350941142,62.78087725633043,74.08252747994483,52.59687226259664
1927,11,16,77.28246903263292,,74.12583999505904,,,99.67772248800894,61.82848922701737,73.19229036476247,52.59067310698583
1927,12,16,55.98694943676012,,,89.11191408046831,84.34244539774869,,81.50694765238954,65.66190634782106,70.78766538157137
1928,1,16,97.1842551313243,0.0,,91.27983022157154,,,90.56782867280602,73.12543741900548,57.468968496344296
1928,2,15,87.21617555333206,0.0,,97.16522384831184,96.78869439146324,,88.01075270116846,75.1566995695334,69.88259465662071
1928,3,16,47.41629295201081,,,82.43290938215894,86.8031359511259,92.89479454936549,41.72044517656078,70.99300888332476,53.34316613676625
1928,4,16,40.94946137923141,88.72383298833472,98.43221257015324,74.50345356822993,84.22605179489408,81.21318034568462,54.5622950465057,76.89660507043676,53.61985257429133
1928,5,16,55.58205352204396,69.17440309681479,76.04936618588981,68.83698873055306,72.18731895960826,70.31122272108797,51.48107841826674,76.20342335769115,54.65057316422268
1928,6,16,54.72420238462,70.57711509646396,66.79514497849438,72.77393033624975,78.59920097494553,74.78826505948389,53.19344779233546,73.55779817712677,46.308238130926526
1928,7,16,56.10663143880437,76.12650897544273,65.43551014172104,74.55181194426493,77.53245957325935,74.80328595797174,61.25601155464862,70.12858633146402,53.462079307042416
1928,8,16,64.88886400786893,79.68613900584988,74.33564503430715,76.6481182856715,75.30153610920073,79.7901716885032,61.49440024879719,77.03139555233317,56.3137125609618
1928,9,16,68.42863876878606,79.0492197176975,81.21917434077704,83.69328692672484,78.47088797546951,79.13682621593924,57.75925871317732,74.08100502919156,47.26363392348084
1928,10,16,76.62664614327059,,,82.46074768019534,77.83077381163054,84.29050940413259,61.43729708938879,69.58569361660693,45.52620642104933
1928,11,16,91.20700641320948,,94.66358532826486,94.19481648585617,98.29024328958904,91.25923942306778,64.1416510166591,77.06188283537102,53.70793374621577
1928,12,16,93.08836338486408,,,95.03022296317418,93.99531120097022,96.28469395079924,48.83460561573147,71.4720432162159,59.42399453770753
1929,1,16,99.64583294868386,0.0,,79.41585713455501,80.6039699438042,97.92560503926268,64.46454211659481,53.46235763278767,40.443895378594
1929,2,15,,,,,,,50.83288412205856,31.336193612564063,64.89875910976096
1929,3,16,56.22577900988074,88.4767599157393,,72.28780487291317,75.28528018761031,77.91577376450743,69.76276791693242,69.0629131179496,60.83949294871186
1929,4,16,60.70596868717479,78.55301133143094,99.26458194823104,65.0945674931484,70.8771087612684,79.82862497137099,60.67754385438345,71.68451867670066,55.53808820984271
1929,5,16,56.40366729178567,67.3467217230683,73.9450515862503,66.22034727893501,71.61803605715207,70.85525078503771,44.68321047857611,76.45561985696408,42.95681594758702
1929,6,16,54.57812226023024,73.78974336351091,60.20078920638023,65.34331737355852,68.61602710083343,70.23788922346775,53.304792044053336,75.98827495658335,39.62831642475893
1929,7,16,62.98096531214599,77.54073661662278,57.91597419390259,70.90474650252625,73.28148744736002,73.07560205969965,57.153214918015856,72.9827437141291,49.07932080640496
1929,8,16,66.49180974041933,80.4097243006549,69.24090137491896,79.08057975219515,76.45561985696408,76.32660714777283,57.02394222066989,74.90755226721161,52.79615452927231
1929,9,16,68.47894625995806,85.87167280983905,69.54843777206106,82.98130626422747,78.39229646029352,78.86162242229177,61.04008211983065,76.96260216925815,50.54334267024427
1929,10,16,84.20067790415622,,94.09511962522714,84.77461490119916,78.38551697611675,82.98366845784265,73.77759299738416,72.21691598482091,41.97197062150728
1929,11,16,96.97138967150862,0.0,,89.86919180327492,90.64509437323912,88.54610390602518,85.880344588645,69.93035938388438,46.80204598065141
1929,12,16,90.90958020474572,0.0,96.51631160649988,76.51140739693331,76.04936618588981,92.7202485420145,0.0,72.81305262526014,34.00782834690915
1930,1,16,56.79815119695891,,,82.43461451412568,82.0835868433354,92.9369462476369,72.2206771554317,79.89831995415813,31.97521578330005
1930,2,15,71.36803197047745,0.0,,87.20345989616553,89.29915700198606,91.06286214025909,94.98766454998427,75.34793125469834,59.36545970587593
1930,3,16,79.77906679105516,54.54574812284744,,75.75969291016081,82.09136608949733,82.46074768019534,82.64310285306262,68.10029274286562,58.2417272857008
1930,4,16,57.55538840994009,84.0010744586891,87.08675529715995,80.50404446195773,96.80642229086828,81.63210117160138,43.059017253787246,83.08981726395139,50.352171814324464
1930,5,16,56.03073618152253,66.40476949424435,66.47133554502763,65.55105950219806,71.54032862885933,68.819240280873,52.55942157014672,78.24634669393286,50.22552747571663
1930,6,16,55.51730676700579,66.79514497849438,59.78316523134747,64.8683957777915,72.21943690464467,67.82207597517795,50.20483272853286,73.95542858427089,47.375414440048765
1930,7,16,60.371565624477725,69.69953853179575,60.77041985549058,64.86589109717092,72.10963794216136,71.04226250306267,59.87511926879995,74.94309325285346,51.35394181275254
1930,8,16,69.50185261906233,73.84942800543881,75.82190272023499,77.80927330693834,80.56697421153798,79.69845455341816,62.37765457392836,77.16203844592533,53.14373404960636
1930,9,16,76.40809301415578,79.00704247473224,74.3439478289973,83.24792031277592,79.46631748168679,85.07033758732622,54.605442820825,78.77103490319732,49.19771398151003
1930,10,16,76.13930995004436,,,85.2258154004674,81.92937826009128,86.25135847408691,62.01843036266154,74.4689001861934,49.21111365592665
1930,11,16,76.23681558405787,,,94.38712286506517,88.65027379080222,89.90496267131716,79.08436273067325,73.2862522068967,59.92373996561859
1930,12,16,93.08836338486408,,93.4128318732026,93.22287709597668,99.1651887819605,96.64783487166596,86.13155768203039,74.77628892214629,39.78477064426603
1931,1,16,,0.0,,91.20700641320948,98.2208887765854,,63.1888546397917,70.35204251552254,63.232291346845045
1931,2,15,,0.0,,98.60243893333995,,,22.518625868784145,69.31683687365344,35.58614779309034
1931,3,16,55.659638845920746,,,76.4010403031939,72.87391788623388,90.33875238220767,73.14232354080184,62.54907501451605,51.69535353600737
1931,4,16,58.31059183332645,26.69250991234438,99.51806468693826,79.05740098945313,91.67442110075504,82.8428863348102,54.5622950465057,77.54056591616812,52.02995019548494
1931,5,16,57.35512273231709,62.40272797420188,77.06966274194279,66.85643455069653,70.94136881691978,71.56515084968977,42.92241227270502,79.75738224587391,46.82218535871289
1931,6,16,52.48471832029867,63.17968050461128,66.79514497849438,73.28148744736002,78.37538593717592,71.88010992529378,54.3603056519368,74.13530946033315,43.85734695839882
1931,7,16,57.90058664137217,65.91031253596674,65.5669446066572,69.67670061386961,76.8706531427601,75.476778006963,54.124865767808,75.34491632665072,54.89552602642749
1931,8,16,66.23927935041593,69.39650991485068,77.69055124004215,75.75769209255839,73.87947853681955,75.95427314745461,58.30140940004535,79.61549920347838,52.741198607616425
1931,9,16,69.92278823885714,72.81305262526014,79.35210675577984,80.86064856945649,73.62444986174964,80.65392659220772,55.76407319258702,72.7357476425048,50.88440476518189
1931,10,16,81.36820936643551,,,83.98428685803573,76.73218331329275,83.0245181795325,68.176302043944,63.77678356091677,42.72805748388145
1931,11,16,94.0920726358788,86.58168515993721,,91.45765527017932,95.41296978871006,95.49071474286944,57.0246131017456,79.31645130590925,41.98786135679542
1931,12,16,70.55976653379896,,,90.72900961014616,83.15599852143313,98.48841430673946,82.07065549038987,74.0432974809032,54.73331867376471
1932,1,16,57.7727493966609,,,76.13930995004436,74.1270692630763,91.45765527017932,,82.46074768019534,73.0629466379886
1932,2,15,0.0,,,82.25750823298067,78.87029352987747,87.50881138725731,88.85282705974028,70.78766538157137,67.79629442252069
1932,3,16,68.05996870706514,,,78.87029352987747,81.90853607465753,85.74074935879467,62.12498464709234,63.31683826397029,65.73834138373229
1932,4,16,69.65393992496229,83.92802325240112,94.06471633790436,74.50345356822993,81.41851673506427,77.37091361824923,55.92882396791069,75.2605487475663,55.53808820984271
1932,5,16,59.88460120753293,67.80797302267355,75.33520194038678,68.02353859347733,73.28907952216257,70.08743654606303,45.65578936754589,78.9773469681659,46.61995496002884
1932,6,16,56.44006598177277,66.60341686997205,65.65911399131934,68.06083426338019,70.81295482246217,70.71490633355214,49.75108126250401,75.51889009691683,42.03453226644724
1932,7,16,59.72261994867047,66.59646569228653,64.77490758977244,66.15675312567937,71.71927074553935,70.27773546236196,60.90616629916224,79.84178988090783,52.22907947522106
1932,8,16,70.52634024290134,69.13420235876463,72.39407222948675,75.84970038686242,73.36564985471124,72.67195366096803,57.30529400661753,73.76413474009651,51.31345393566618
1932,9,16,71.74888150603137,66.50246205306978,79.04365987524012,81.79371004057307,74.47201746429351,77.53245957325935,61.82538549612909,77.4795045974287,47.59622234990556
1932,10,16,80.65960034125685,,,94.60412041865656,86.05015314743846,88.16344066664571,69.54018640651087,68.36489197421034,39.92545346372077
1932,11,16,39.83732033370253,,,86.28524816410741,87.03358685472388,91.40679677375684,86.65199753891383,76.34038952494355,38.78223669006217
1932,12,16,60.9853323903448,0.0,,84.95708289776402,80.06899525186384,90.64273028867404,,73.12543741900548,35.88617032586565
1933,1,16,76.09171962771833,0.0,70.61196852122993,89.1359918065613,94.38355384209515,,41.07348782283077,64.49734984518226,34.66619603879485
1933,2,15,57.7727493966609,0.0,,86.62006698898018,92.91748568968764,91.01271263344891,60.718586972124506,70.96661257945289,72.46686872527883
1933,3,16,48.83460561573147,49.86558322531212,,82.10356180882758,88.24451386378728,83.16209047096838,60.29083059034151,74.08959714585781,44.93459590163746
1933,4,16,55.18724426106799,67.13844303905277,87.21303319713894,72.12839489164888,75.51689989586856,74.54669673538538,56.87534021478204,75.41782420369759,58.473489848892925
1933,5,16,54.66448861957226,72.80943356571888,83.50185306203943,67.03213593677002,72.79265955653796,71.71545566253596,47.16871166551629,80.00932240675529,51.6883063821729
1933,6,16,52.69529481628109,61.17498544379249,64.10029257221728,62.35418880430448,70.4202572676516,66.99678292907846,47.2557989196427,79.48411418322064,42.07656803603711
1933,7,16,58.201038243396376,71.1269764288281,61.339814976857895,66.64727884804921,72.49929673373867,70.54820828053528,56.39951304085016,76.60881855183966,49.715524509923576
1933,8,16,65.3899328856631,74.37899497810578,71.32536625216034,77.20739063608414,77.25742016398516,75.19935072113354,61.04247389602452,76.10499448289268,58.35695498020375
1933,9,16,72.24572415135836,79.7476290657611,89.64917789043605,84.78318937023754,84.75247351854034,83.17020609857114,54.605442820825,75.43463676844597,49.07866583183941
1933,10,16,80.46057668247893,,86.17453243455117,88.85690485276389,84.74072232142008,85.96808594696897,53.80615250191722,70.72598235955155,43.84653869813028
1933,11,16,,,88.24401558918404,,,96.25628672517416,74.97106257577661,68.55119934385421,54.16167250460936
1933,12,16,46.20118626886958,,,81.18105181998733,78.90330815091079,,88.01075270116846,53.89844074987315,62.64348471882743
1934,1,16,81.15424534972207,,,82.83851530363673,81.7289470698392,98.300699010044,93.9998538049835,74.57774328653836,5.939388935198386
1934,2,15,,,44.33605343569923,80.37942080523999,82.10356180882758,85.30534190322543,,78.61808829009557,69.55687402534863
1934,3,16,48.83460561573147,,,90.4199332824228,100.0,89.14675424885982,44.12933512396318,70.12419638805669,64.01808734756357
1934,4,16,68.53978103325015,62.149463339795375,90.76097958234858,72.80943356571888,83.15599852143313,75.89076664135604,40.49416023198684,79.34567404811455,44.68321047857611
1934,5,16,56.01896369564859,72.2991415814443,77.07622625655948,65.55105950219806,69.42616315334804,63.02202935739073,49.77949395079884,73.87947853681955,42.62225374243742
1934,6,16,52.62881635007858,71.46468922854626,63.66762985842474,64.90393956805303,68.13685724927291,67.24604534788267,51.574291142735966,73.78238690951373,43.17373850436123
1934,7,16,59.12939818900988,66.61595752255403,62.63017334654451,67.99087213069663,76.9435267088879,76.28627173348818,55.72453091487149,71.77854988518261,48.048197858228
1934,8,16,69.62529304269356,80.79758767832675,73.3138955734436,75.3195905502864,78.75011334257101,76.4710754645037,57.89169798508644,77.60545299848623,54.16748321834432
1934,9,16,66.5762292617012,74.64207769739545,76.16022288167697,83.01088598042179,81.83981843844042,78.34218113887862,53.21328048699202,76.57229093226331,51.15694641365253
1934,10,16,82.78442012750826,,,87.40320044415627,85.17379512035109,85.75436293444744,63.625238864337085,75.838766795658,39.94881569660266
1934,11,16,86.96954439963132,,,91.05979318570368,91.05979318570368,89.57507375762317,64.73449173132614,74.70813444674876,40.45723320209272
1934,12,16,91.60280609231836,,81.15424534972207,90.09155663612168,91.81532044670551,95.02172893561251,92.32082557764124,83.62696925289652,67.36072483170733
1935,1,16,83.10748977873362,0.0,,80.6039699438042,85.10617192477063,99.1475366986318,67.39207732994615,75.15166775583549,34.03536734338072
1935,2,15,,0.0,,97.5362992439213,98.94243284312655,90.2810464478445,97.34770541197516,78.88600966047873,87.72174968544935
1935,3,16,19.7171188250254,0.0,,86.18164244658595,85.65369230262334,85.74074935879467,73.46108161842469,69.91140703275276,50.09180913907278
1935,4,16,64.54613684807013,93.83840590472852,96.51475207484027,80.01219686864044,87.19186881924688,78.18267379872356,47.72809601710664,82.04910190850224,56.40366729178567
1935,5,16,54.32097584706416,71.70368811812469,66.59480788346139,69.42616315334804,71.31740339908785,69.42929419453522,50.13331986936928,72.8268914209627,44.59317718991128
1935,6,16,52.62881635007858,66.95068418583251,63.46212924558424,65.7693254289604,68.84846239238152,66.26868560115349,52.59571004504639,76.45203788096856,41.81972311907745
1935,7,16,57.6379569200751,71.04633823281927,63.11981796156583,66.55962684704234,71.6798439346182,70.62996894890836,59.36737908291676,72.72788881867791,48.09139837611802
1935,8,16,64.26788653071407,79.60908150403199,74.55181194426493,75.95427314745461,77.48610166892303,76.45695124747678,58.84623854170141,75.84970038686242,56.22447625195233
1935,9,16,67.51213705044826,81.99673292935839,77.06361346944108,84.72264237687438,80.29003420142331,82.83994233179828,59.400860574712254,75.06303519506226,47.54893080176245
1935,10,16,74.27999317213441,,99.12800611665496,89.67537964209443,86.13088483753185,85.60460506414854,64.55539387271115,70.80649525900354,47.143789067692666
1935,11,16,64.46454211659481,,93.85968872104608,89.77432800966551,94.59306216774584,91.8831378366378,34.87092535328835,76.75851680749231,50.722095185701605
1935,12,16,88.24401558918404,,,87.57330987802354,83.39295292096084,96.22546247202742,22.28854558963016,67.42872200348788,56.32240367773526
1936,1,16,83.98042415514018,,,,86.66549009698713,96.90457630005648,81.67196244847817,77.0608575774532,36.23957437747054
1936,2,15,0.0,,,60.37855244853734,91.43182732260532,99.3947569330586,,72.08174796097198,70.56599351352769
1936,3,16,61.94041669294243,44.23837995786965,,99.29222570059058,94.9012352768079,86.60641155856068,70.18637643189675,73.32322739184616,48.98961805942351
1936,4,16,49.30121946666998,96.44367427650783,98.04945984865252,92.20066119911591,89.57020869288385,80.64508351128823,51.913165875030245,73.62551612147222,47.67979048901208
1936,5,16,56.48663824022467,65.93581158982157,80.5713158121547,63.30478139644404,73.05294192745224,70.73974459974269,51.32240966852952,79.70572838537639,51.03626283321411
1936,6,16,53.34300059014813,71.0706157310936,71.84676328913633,62.11805623581911,64.38187024914343,64.18658787809599,47.5790681096517,79.66616029982455,39.92089494045391
1936,7,16,60.90616629916224,68.7790054435222,77.94903225629993,73.38538774531114,81.96488085204497,74.81191523339258,58.67530006825572,78.48898268260768,43.415845756217664
1936,8,16,68.72625686619114,75.1749276132497,81.93437373625257,75.4494776465794,77.78505528065114,76.89536462529452,72.85029057738578,78.76958091354878,50.02024712588893
1936,9,16,71.49313676572177,83.55437540001074,86.03089824870044,75.2145803183146,73.81667048388998,80.65656941855873,65.96489456495956,78.56245342096636,39.85945039939248
1936,10,16,94.03673061371973,,,92.0336779372252,86.38384706105374,86.78270394168507,65.75999464487927,71.01781359338113,36.88223980882805
1936,11,16,96.83631679124656,,,96.25628672517416,88.85195697708384,91.55103417329624,79.90532322512286,78.01398495563586,33.43003284332243
1936,12,16,56.57550722526408,,,90.2810464478445,72.6971105993733,87.88815194957394,92.32082557764124,73.74230065583625,49.31292285345334
1937,1,16,80.66313225957784,,,94.0085808376922,93.21034689894611,,96.69681317489224,74.77628892214629,44.12225693189364
1937,2,15,49.93157825960574,0.0,,,87.43520953270354,95.3511430595774,93.19612899948024,78.53944846889621,77.30703317015669
1937,3,16,91.60280609231836,,,100.0,94.85203254503524,90.62088842428165,53.45522920098398,67.59710893451656,37.00496133076027
1937,4,16,73.74329591065822,78.45958204489878,85.48394662010448,74.02981332046869,86.18561015342218,72.10226563294172,61.21021363113701,81.91921921072287,33.86299667354037
1937,5,16,55.462006124879785,70.50335812659507,72.81305262526014,55.30034383839664,66.5762292617012,64.77027560590145,56.201990692614935,79.85987080738407,55.6096616652546
1937,6,16,54.14353251921615,63.89676278613094,63.08466403297289,66.05339143798233,67.9414737650037,68.41120192822946,58.73691451982421,75.95427314745461,39.89043801055735
1937,7,16,58.35695498020375,68.92465554029765,72.2298947807609,53.78125068548333,71.29627184816056,68.19875353689913,60.68735774428429,74.20922385364595,45.93951108391227
1937,8,16,72.1678351192598,73.06947737207014,89.22849306654071,70.37392026192015,72.87676175005669,72.2759181068369,52.33697492061688,79.01375221321936,49.7516402695064
1937,9,16,71.90474873221075,75.96213981346007,85.03571141455569,81.96052075718396,80.42175782135807,80.74204128594643,57.23294521503344,74.5865581204117,45.06047430926635
1937,10,16,84.28297666577167,,,84.84654336059126,82.43719647820575,85.46908638875743,60.685849803139085,72.574387306005,39.94881569660266
1937,11,16,,,,,91.67442110075504,88.9781544053217,68.24910229871901,69.31458895000787,24.89291109677522
1937,12,16,78.07112176889865,,,84.3566535793848,88.78369247235874,96.05620122719576,90.70674819075296,65.66190634782106,38.4804124188747
1938,1,16,74.12583999505904,,,96.28963299469714,,97.58889988144892,66.43055529912257,75.77474111153084,
1938,2,15,54.2605751188569,,,86.50766937361882,81.36956762720826,82.56788328753751,,77.16802440000318,94.56402447675292
1938,3,16,86.36642015282362,,,86.48158080692235,83.7952328514962,76.4237775602651,79.15394627450124,76.28766478241931,47.98857937406777
1938,4,16,73.14232354080184,,,74.14846200443475,81.36956762720826,71.46759870420247,53.283819343424064,74.1094046960586,48.53037109909539
1938,5,16,55.80814692994408,68.00264359583188,75.96787942039474,67.76283253347407,71.06383520544394,66.95068418583251,59.412838550064286,74.08252747994483,42.07089364148039
1938,6,16,55.01257721891836,71.56515084968977,67.56227671570542,74.12849441314853,76.87009169568204,70.48486456173914,64.00283760471363,74.44315883298873,31.80414620468718
1938,7,16,63.42102507705415,74.92700392168044,69.47256545262351,73.80741653011117,75.16336914520117,74.0235215517921,68.27401890268469,72.48040753591573,38.48791063358763
1938,8,16,66.96559391905258,80.26034328744427,78.4375757711964,76.60881855183966,74.29540792006111,69.48070396964661,62.54238824202504,82.23704357733506,39.55589895571232
1938,9,16,68.18776946865226,81.17548644355502,89.02176038711299,91.71243944217764,81.71342000640688,77.25824429897212,55.79184162707483,79.47597032121016,37.80463913571416
1938,10,16,84.03013154881157,,,81.24599465904876,89.40638906997688,89.14191273426204,64.72156885161556,70.31122272108797,32.51871887217809
1938,11,16,88.89044053221623,,,,96.22934617617854,88.89405435870735,87.72174968544935,82.16180393683892,33.680271161662496
1938,12,16,72.94048226898475,0.0,,87.11236836855738,93.45279118754044,,67.77717882941141,63.30622531054435,66.82794704098458
1939,1,16,80.48969778572771,0.0,,85.08841835845179,89.85982030582286,90.33875238220767,90.70674819075296,80.5713158121547,93.22287709597668
1939,2,15,55.98694943676012,,,79.74704516859033,87.57330987802354,84.69328013826333,,80.01219686864044,78.48311390654898
1939,3,16,54.54574812284744,,,86.18164244658595,90.74604199923048,86.7675191024778,71.93245188850423,73.31819332445883,52.05146918813748
1939,4,16,52.48243280417195,81.66632867871101,82.10356180882758,73.3768824040892,83.53493380123074,72.7197066056847,59.82103113771704,81.4372896021424,31.72706285162944
1939,5,16,54.5661227102111,64.84572910905128,76.73218331329275,64.20345379811141,73.28907952216257,66.48541471618432,59.79073458835947,85.64112867446084,42.48202170861451
1939,6,16,55.02320435481776,66.48541471618432,67.90615000460235,68.36548301168253,72.91839109132715,68.06611907163733,61.02957785223756,78.75011334257101,33.310384060203475
1939,7,16,61.56781761917112,71.85538323444092,68.2073063761774,65.51445455164365,77.69587664100095,73.47296974129144,56.719760039137,74.75072474449017,44.31860160846482
1939,8,16,67.77652418351936,76.27947813659294,79.54100910848244,69.70372365348568,72.44545782735013,71.93744029200087,54.21403958489397,81.38996519469936,37.40442095920291
1939,9,16,75.95115418175429,75.65155998228813,78.59920097494553,71.52348518179639,73.93904333695842,77.25742016398516,46.61995496002884,79.5219903591151,35.61908333562732
1939,10,16,74.42345982983964,,,79.88749237715594,80.69424234088892,87.0762771605324,57.94909408925578,68.45392267724799,41.03968451294927
1939,11,16,95.0418896454127,,,,95.75262502044114,90.35619931789977,75.07401252859091,79.28314336479055,50.41807892928694
1939,12,16,91.44406643675072,,,,,,,67.21085996129308,68.01650597797955
1940,1,16,83.0558818568305,,,68.42876880437706,,,80.58067764574352,34.63237117698723,82.99238239273413
1940,2,15,92.91062503941365,,,69.37798316041886,63.76078253349202,,91.43182732260532,62.76675307389559,83.53493380123074
1940,3,16,71.19075587728328,,97.74355827521232,76.03281746899412,66.19400268594477,94.26963695793322,84.34450784874079,70.12419638805669,42.681392090249005
1940,4,16,68.01134847904112,97.4251640660736,94.91481219152897,69.70015107097062,73.56107561511392,75.96213981346007,54.61958550672752,80.17438507925135,41.70432978000437
1940,5,16,52.00932330375724,64.72156885161556,75.79069789627614,53.102527135768135,67.03213593677002,65.5969519753467,44.47335671320106,75.80840122284917,39.29587008046842
1940,6,16,55.7596308254366,69.92431547736628,72.09675889482615,60.96342924588358,66.57858315269901,63.81993251413552,50.53216543555192,78.0660775859499,37.81586480134734
1940,7,16,58.446827031795,63.570424264717445,73.20782632925034,75.10845469609403,74.66416229303546,70.62996894890836,53.34300059014813,73.47750337090717,44.89966432317569
1940,8,16,64.24145497324956,72.02729690140016,80.1035426209655,88.41483571928946,74.86862888192258,74.30309329642299,64.44902855716144,72.57307158774815,38.97136800269031
1940,9,16,71.96236407855392,66.86006568664486,87.82813524282781,92.80803990078071,82.96484340338395,81.88944697127711,69.00569885453993,73.0813520195036,43.47533500607128
1940,10,16,83.1425448327706,87.99319935911494,,77.37091361824923,79.86366810862012,86.4115524163306,62.01843036266154,69.82217828880037,59.01489477215944
1940,11,16,82.07065549038987,0.0,,,98.28976041099166,92.0336779372252,73.27195424580383,72.56983860513262,43.57729052669126
1940,12,16,,0.0,56.89635085071888,95.55311971448138,,,98.63351656059872,67.16446034423446,61.3012962593552
1941,1,16,88.24401558918404,,,80.04962346938399,70.84531392610224,,,54.63587591142221,79.65675398676265
1941,2,15,95.2839561898912,0.0,,89.55484039961442,76.74051787992012,,92.18643686808896,71.4720432162159,100.0
1941,3,16,96.2290333287963,0.0,,48.58261192415593,72.4034301903805,84.95708289776402,84.34244539774869,72.25666957865714,69.91102995988835
1941,4,16,92.0382126999626,,92.05794878989214,69.58487755169952,81.73124701414646,75.98665153642975,55.80522422784927,77.15333019812337,62.448100570064334
1941,5,16,56.09317534361098,64.03638254356495,76.59772011095566,55.246730233391695,61.81349902800967,65.00465725342114,49.21111365592665,71.73164561610128,52.44891315859909
1941,6,16,55.60148209524986,60.47012165492377,66.17776340235784,61.76365236727972,67.32852906420034,66.10302975923493,50.6375877301385,78.87082738603192,40.120974416992766
1941,7,16,58.94791048644044,60.67976030948994,72.62508027261654,58.93771838901517,71.55674241620221,68.6122560913871,55.60148209524986,78.05426795847814,32.728868339302544
1941,8,16,63.74680179675927,74.30194042437354,80.22244206843588,82.00737237546667,81.52216839304681,79.82477355633975,63.60550595647736,76.32660714777283,38.53791444214332
1941,9,16,67.94251953873355,73.12543741900548,81.61634383383752,73.94801010321322,75.41782420369759,79.48411418322064,62.87936077995642,74.78826505948389,39.92295105219242
1941,10,16,81.18105181998733,87.43520953270354,,85.64936000968453,82.78442012750826,87.7102347733394,62.78087725633043,72.32867301746957,36.10971845232233
1941,11,16,78.51669093627288,,,76.18133821823898,87.64187142480264,97.65914239873622,68.6984290832284,72.88598482609635,47.5388623927541
1941,12,16,61.61023173424616,0.0,,41.17638931257562,83.44089035312156,,98.67399583900472,76.4192182706196,72.92141983806368
1942,1,16,74.02836013099167,,,88.67210687139846,84.68286537229092,,90.70674819075296,32.83999120425882,80.37942080523999
1942,2,15,,0.0,,,98.34486913272784,,96.69681317489224,48.88055249670612,81.37100768749217
1942,3,16,70.10696298125328,0.0,,51.5238218124213,59.18010993635922,91.22219778960785,64.36846134598315,69.24168558479153,58.41420396381215
1942,4,16,72.47914875494108,73.14546185808425,,66.86006568664486,73.62947184472883,67.84829580895378,58.73098972092654,80.7513497233978,46.503904679835145
1942,5,16,56.04242815821512,60.45565958017004,73.40353009576148,71.4280885251512,70.49990133563536,68.36489197421034,50.58712874997376,75.28370395910257,60.12024431545124
1942,6,16,55.62912918686877,67.6174396495181,71.8288143578569,66.63471128986778,71.7230076308136,71.19554940864083,51.38573171474834,73.55779817712677,58.616884711622575
1942,7,16,61.77588043744581,64.86395642681347,68.34049883324614,60.78218405870472,68.92465554029765,71.50805836513327,68.66393929758073,74.41100936584736,49.45470273277323
1942,8,16,71.69257701922099,81.85771654134516,82.83797400207922,75.34491632665072,75.81874608558384,74.70245311542514,65.32743544746555,76.9435267088879,42.100880221116725
1942,9,16,73.43118689738316,74.52846712624309,79.79677518720041,83.69328692672484,79.3286382838445,78.39948119313853,62.91325011717623,74.84389908599994,33.119639675207964
1942,10,16,84.63589772903573,,,96.6346512811333,85.87167280983905,83.57838676333616,70.29876344276308,76.86512565210717,42.62225374243742
1942,11,16,83.30079011256367,,,71.5925539643742,81.24438629001033,92.95603917614268,89.5854441313375,79.19854562963738,69.24168558479153
1942,12,16,64.86546681001052,,,,97.16522384831184,99.49548957672572,,73.90594595759626,59.879977750621904
1943,1,16,66.2531808334994,,,89.73489619452728,92.09890810393291,,91.9893142507114,72.92628551443416,68.40947174124777
1943,2,15,86.66481258651804,,,,81.61361817484935,86.13668188805372,,77.18796172006134,60.41005214089087
1943,3,16,78.20158305326837,,,71.7464974438405,77.89148229922631,77.16966939392452,65.93808089779554,68.21907149037509,53.93656592856728
1943,4,16,58.75678849951793,90.74856300365626,85.69501583134836,83.97572271359084,84.95708289776402,71.01781359338113,77.3872467670748,75.979227609114,45.10151152688957
1943,5,16,60.65375688098944,71.30829358913114,72.7197066056847,68.76728371274021,67.61212029488442,64.16499422913992,50.761366973677,79.10558462559375,60.11708500561882
1943,6,16,54.19292364068376,72.02729690140016,68.99256626138082,62.415461098540845,66.12147342414765,66.41288139154845,60.19081658621815,73.49452352789969,41.277063180699486
1943,7,16,62.30296168146504,71.87443655067283,71.30909183174442,75.63977790523828,76.50186519505834,73.64091937978093,49.79890280495264,72.5013437895634,42.391705886357656
1943,8,16,69.12432610780812,73.7449419399728,75.4494776465794,81.4598839704929,75.90357383919816,74.44315883298873,59.46269612964221,74.53926334230502,41.80583396406933
1943,9,16,75.5230093998609,79.3176571290736,81.9568720205881,80.81927042668364,76.81761614098365,79.85987080738407,59.85300619442203,72.57307158774815,34.77100992287429
1943,10,16,82.85211405754218,,,88.93128563527033,87.4919325074459,85.42766637033446,56.76652806869246,74.34353799007539,33.21707477131082
1943,11,16,95.55311971448138,,,99.49548957672572,85.3130299983427,91.86801210435117,52.11828937897683,69.82017707069362,47.51086446780626
1943,12,16,,,,84.1228008831644,77.31493343599807,93.80272335403006,,68.74366125585034,73.93098475867342
1944,1,16,84.12835557750392,0.0,,,89.13454702039289,,,83.32565000709133,89.02813680873473
1944,2,15,,,,91.5636328909738,92.52966318485078,92.21884331083604,,73.29244300588893,76.4010403031939
1944,3,16,91.60280609231836,,,78.87029352987747,78.51094771040948,81.44762722899353,96.55269201897472,64.95480866892052,55.081714631865815
1944,4,16,62.70981089193626,71.7629060647307,86.65199753891383,72.3682726537675,74.6241820563946,74.72948303507869,61.49267827212676,80.28855813230705,57.06973670943236
1944,5,16,59.39277389323516,72.79265955653796,80.50404446195773,76.89660507043676,73.74230065583625,67.49381549583761,52.31611143522033,71.84676328913633,45.2943158433358
1944,6,16,57.153214918015856,68.36844961423316,70.66765559886375,64.44902855716144,71.8087630359333,74.40186332454041,47.74072142550365,74.49902128829453,38.80272649924312
1944,7,16,60.912840835988455,80.72816959576122,72.99431327059725,59.836432216027966,70.71490633355214,70.33997460621188,53.74696572842427,76.96632942292803,38.96955526823327
1944,8,16,67.77652418351936,78.0508434972525,80.0145008852222,76.6481182856715,72.3742221539719,67.75909793955232,51.38573171474834,72.74725393883017,36.9188390253315
1944,9,16,73.5978449546148,86.71324094828292,88.51619352807771,86.85708383161777,79.72097945114596,80.4097243006549,64.12450705148323,74.15727207052484,34.491465697929435
1944,10,16,85.00846540801474,,,91.75824758918914,84.94856139613684,87.8276743783559,72.12839489164888,73.10193803869088,46.14779744121402
1944,11,16,96.83631679124656,,,,94.63166049110198,90.49188561014506,76.2550751556177,73.32322739184616,52.96318714602482
1944,12,16,83.87044354266814,0.0,,81.36820936643551,82.78442012750826,92.0336779372252,93.70963168313456,68.58188303026324,7.560750800845512
1945,1,16,,0.0,,,85.48394662010448,90.90741313836888,,47.43554285059608,73.8120718819617
1945,2,15,,,,87.43630206496447,92.54715989844075,94.93116223174296,89.15418235852061,82.37064107713506,52.01021346221411
1945,3,16,82.48202856753969,,,64.83877728051263,86.42480190402904,79.89831995415813,85.01437671132268,74.85575150941617,43.39710273451107
1945,4,16,42.50718835566134,98.60243893333995,86.9486342097234,62.85648648201722,82.85211405754218,75.96145781357939,58.88965494073305,74.60650597366549,48.37570953362911
1945,5,16,50.64525294692983,69.32485852776955,61.27589874259687,61.51389206990832,72.86124595920172,67.82655149619004,46.17271938003324,75.09597171698718,55.79552461781656
1945,6,16,57.28245502627684,64.8321504962556,66.48518327272838,66.63471128986778,72.40958975750472,70.17514366884393,44.88197157478304,75.6797950740901,48.70980560543285
1945,7,16,62.52571006843372,71.82702645531202,68.57122728556486,58.4543329023499,68.54125495244205,69.4660194343953,51.3084014461721,70.33997460621188,42.85222386868835
1945,8,16,69.58817021344599,71.07142127548774,77.72837228850156,79.69845455341816,71.60306878284605,72.8866208309038,45.18434945567957,77.47698609880035,53.81348640786355
1945,9,16,76.26201172714991,65.36593579003689,80.24101776091213,84.87117883146186,82.49663191123844,81.1426482173519,58.57378956516444,77.88472748166363,45.48900840321984
1945,10,16,82.12518013450521,,,90.38412442640966,81.41851673506427,79.50983620215413,66.10207230303479,72.06921929801305,31.83670542256491
1945,11,16,67.10021637052296,,84.70238452655816,71.6601637152882,79.6081293465632,93.43207845695034,68.63462189405678,77.16966939392452,59.90500302462527
1945,12,16,84.72147353676426,0.0,,53.59184941363689,96.43354080624536,92.65883657884535,94.997357755932,68.48561844033149,54.73331867376471
1946,1,16,99.59330083425633,0.0,,81.18105181998733,89.62533355667895,,,59.67101625995272,88.34047081214798
1946,2,15,,0.0,,86.35242231816753,80.04962346938399,90.72900961014616,,80.45504477301563,93.56513639585792
1946,3,16,58.3523858151878,0.0,,77.53073464008081,84.3566535793848,85.00846540801474,100.0,71.68451867670066,57.15156919188603
1946,4,16,62.39817346286465,77.8160843673206,81.37100768749217,78.88600966047873,86.28524816410741,71.49313676572177,67.59710893451656,75.5230093998609,48.329421279026896
1946,5,16,60.21752565106749,73.62947184472883,73.25533597011743,64.18934746287218,71.09188610257218,66.14354851259206,48.85750147126447,78.02177713206915,41.58510304928557
1946,6,16,56.719760039137,74.4689001861934,68.65916387622084,72.01566452321737,76.92323065259696,75.81501400536641,53.142922660793324,75.57241245562986,32.95462058628061
1946,7,16,58.70831019624892,69.15786821891294,73.36942116757244,66.82013948966555,73.14318227686672,70.83285251938729,62.5661161116511,75.52511531170398,42.85222386868835
1946,8,16,62.19200175293587,75.13047736075195,76.6481182856715,80.67864936465917,79.63708040638093,77.84388865054265,69.42728441852842,75.12919864126094,44.17075383387876
1946,9,16,73.48884766434445,76.26698949027575,83.90707242639003,81.29707146062597,82.4338473281721,84.2671432207054,71.4280885251512,77.36143671410395,37.08997033167783
1946,10,16,82.80270292971424,91.44999191731,,72.07209073216937,79.55594783392817,83.68776244061223,69.91140703275276,72.84193027367893,38.35942317474888
1946,11,16,76.23681558405787,,,97.76110499341225,87.2867008869752,77.18796172006134,75.56622182231644,77.37091361824923,20.92695908544348
1946,12,16,36.4532464700816,,67.22263548838785,86.28524816410741,79.3892105953473,94.60412041865656,89.28416454913598,61.2967103023794,19.76009104588908
1947,1,16,63.5090596135859,,,77.78232171362613,92.35298980529927,91.9443989262542,83.8752704631537,56.08186725544294,99.84424478424762
1947,2,15,78.88724650756754,,,58.74990862811469,71.81182355409113,,,60.18102688148913,89.29442650568203
1947,3,16,,71.36803197047745,,85.48238101918554,59.95394711758376,100.0,95.7709082013362,66.3081797759481,68.176302043944
1947,4,16,66.83393556035124,92.05794878989214,98.8004552294454,82.99979212205717,82.80270292971424,76.73361006123436,61.65182350393992,76.2232956049113,42.62225374243742
1947,5,16,58.94389974425821,63.98477249875703,70.95104064932269,60.27053083114155,63.73535972888452,55.95034139073689,58.04910721716442,81.43818289788895,50.25607768790931
1947,6,16,53.87161076839267,61.315618636128015,67.08580583685341,69.89885892711713,68.49093515072964,67.65870695794828,61.53391044933964,77.72837228850156,38.09260107367322
1947,7,16,60.257864052805786,65.3489953462895,68.2991449489041,60.22567632363323,69.32908546913679,66.13894526300182,61.45078030218942,77.28726041555524,38.89663397311711
1947,8,16,66.04677953305071,72.9693689655291,76.77986307297041,72.72503937657304,69.90031627049858,65.03129727744118,71.25431821901601,76.13421341755878,44.37994971472441
1947,9,16,72.44969510455869,85.31026332308662,83.79016992096253,80.85811919247638,74.9938876112837,72.50515712680662,60.27703662839424,77.45533124276756,40.72623346600684
1947,10,16,84.95708289776402,,92.2219912467302,84.07066841446353,76.91275431992189,87.24807113761094,73.3768824040892,70.0355048474226,42.6789330129429
1947,11,16,,,,,89.29442650568203,,99.51806468693826,74.47201746429351,61.404363923974046
1947,12,16,96.8980023922842,0.0,,97.32277453457358,87.44870146348066,,89.99643441403241,76.26698949027575,46.195922225387136
1948,1,16,,,,,92.32082557764124,,,78.35243368805358,96.28963299469714
1948,2,15,58.553341326674,,,85.10762202907763,89.13454702039289,85.01923388683115,99.75612023032326,73.77759299738416,78.51094771040948
1948,3,16,61.94041669294243,,,54.745284602767136,68.95021294840173,65.59738634348672,75.28528018761031,73.50909384727457,52.41205886006371
1948,4,16,48.84796949720256,98.63351656059872,89.9363769177545,75.3322963131168,82.99979212205717,68.91863990566593,59.38348542770202,77.36542512203528,62.7767103803756
1948,5,16,57.347614941360526,68.94619856011053,83.98428685803573,73.59663221254579,70.43863977105688,71.1573863619293,57.00705237135579,78.39948119313853,52.4014119537976
1948,6,16,56.2073199396401,62.16065339969819,69.87738695646107,79.94015127124074,74.26228147752913,75.81501400536641,57.65207468196409,77.64893652072257,45.92091564874397
1948,7,16,59.4528995159239,58.84623854170141,70.8884693201978,50.985529963906274,68.15410498392981,64.87215597760792,60.90616629916224,78.22100823314955,48.44168062503272
1948,8,16,66.93977697137714,71.38976799963186,82.7222042529473,79.66616029982455,73.06947737207014,80.64528513078797,53.29343418082716,80.8966470033513,49.32552147136269
1948,9,16,74.19065772226207,70.71354729226937,80.24101776091213,84.07316555717783,76.27413022569169,80.85811919247638,66.8093208287037,76.33850329541292,39.471612262558935
1948,10,16,84.27103021615639,,,99.03929665157104,84.68941653641683,95.55652092361288,68.51948800774764,71.40383267203717,33.58116961525373
1948,11,16,94.34890826192462,,,91.85203836824336,82.07367858894955,88.824659657203,68.88833876893418,75.89076664135604,36.88879649869208
1948,12,16,69.86453516271902,,,75.8831609880864,69.5523807883757,75.269865455194,99.27399708754166,75.40990467512088,47.01836530685986
1949,1,16,81.31377652045973,,,97.05915924530656,72.04215092039681,89.10050006210831,,72.92628551443416,60.49736133282033
1949,2,15,30.765737432682617,,,83.7952328514962,83.88598435490711,75.13617295426549,,73.77759299738416,87.98972217405749
1949,3,16,83.92802325240112,43.76184756252816,,78.34048403141016,89.5854441313375,86.38384706105374,66.54894620268126,64.08673575510879,64.40375460737928
1949,4,16,69.69674934657795,88.72383298833472,86.9486342097234,81.87361079013125,82.07367858894955,74.11387772439075,68.48561844033149,75.838766795658,53.69285120983139
1949,5,16,58.17335503509326,71.42561181648983,75.96213981346007,73.86115658035058,73.32322739184616,69.29384313408978,59.19981030827563,79.53184448775109,54.52852354066377
1949,6,16,58.84432456611984,64.77027560590145,68.08671444423788,66.23208987799612,71.52348518179639,74.13023591635826,53.50587984835336,72.41375159994242,63.75595126693328
1949,7,16,62.52530890736116,64.46786392841996,70.39819315662142,64.24410967926562,67.34314410179847,72.51513625256756,57.871528834444,72.20543745865236,46.88779590460771
1949,8,16,66.93119397990583,66.76406241030666,81.85773752911786,76.65740304987048,72.27666610234483,78.48898268260768,59.46571529845981,76.60881855183966,61.339814976857895
1949,9,16,72.148260991783,72.81305262526014,87.8945241287481,78.44462620660688,72.21691598482091,70.64754784919553,58.49648012716818,76.89536462529452,36.467156748380354
1949,10,16,79.33788930265122,,,83.75945679684548,74.50345356822993,85.50915408224952,67.42872200348788,71.28721353540918,29.64890447546738
1949,11,16,,,,77.06966274194279,82.29825963631589,79.51078718092057,55.46387190000373,70.49349907440485,31.812619432168542
1949,12,16,77.28246903263292,0.0,,,92.39184445077429,97.8885359243806,17.63994163344974,74.1094046960586,44.56799590328065
1950,1,16,93.70963168313456,,75.21793199152295,,,,75.27365810870305,67.21085996129308,65.01034392996482
1950,2,15,39.28951825468746,,,,,93.81432704753782,89.53688364603528,72.79265955653796,40.3019849719021
1950,3,16,81.28361461044508,76.91127804840151,,89.19504399668176,85.41206013586977,76.26698949027575,77.73217907864948,67.61212029488442,66.97636668510252
1950,4,16,56.94790259316798,92.32082557764124,,82.6817886363477,89.91644146556195,77.06188283537102,67.41682417292512,74.15976518653086,32.39863535918784
1950,5,16,57.26346100358305,58.73098972092654,77.70372383589965,65.49933414578794,67.53729179744357,69.87899474882313,63.037647956837496,74.32359408180851,54.972837868112514
1950,6,16,58.62528684438031,60.75391344754775,68.02953014367041,61.779424550277625,70.09533581921394,69.4623571963898,57.98085268079404,74.44064444188193,43.11456653569022
1950,7,16,62.46909818876618,67.34314410179847,75.61135431990955,54.102823173132776,65.79245319666599,69.68821929419022,51.9959132228182,73.38538774531114,45.603198756536266
1950,8,16,65.98250601609925,67.80434718503425,81.18089461498394,61.30650350262936,71.60306878284605,64.1218645014907,62.72958467861618,75.43069101338415,47.93607016231022
1950,9,16,69.7444057722707,64.63139683042336,83.19492188416352,82.83994233179828,81.36975714465326,79.64464590750232,64.83487983960033,77.38355404992713,37.11167312552833
1950,10,16,82.0835868433354,,,93.52637176501626,91.86865404038632,83.70702842370326,67.96566631821122,72.53507162402849,33.51606796838501
1950,11,16,76.23681558405787,,87.57239607066703,,,95.20370103416462,26.65584811792208,71.00403049774232,25.795748922358268
1950,12,16,94.78328195968756,0.0,,,,,,63.30622531054435,24.13817300474368
1951,1,16,76.09171962771833,0.0,,,,,90.70674819075296,75.79069789627614,70.28537116479058
1951,2,15,45.50254555756742,0.0,,,,87.78898566102283,85.52561349081078,79.0492197176975,41.04568304474866
1951,3,16,41.92058896076019,88.4767599157393,,89.5854441313375,94.85203254503524,100.0,97.72179258558155,69.32485852776955,47.296531083872914
1951,4,16,73.14232354080184,87.99319935911494,,85.4087912572686,86.47989711910512,82.52897452613252,47.70273233616065,71.53100563729699,38.25960632703493
1951,5,16,57.49930289751814,72.80943356571888,79.86366810862012,60.65375688098944,71.70368811812469,72.07747187286326,51.58351141772923,78.9773469681659,57.315012686365804
1951,6,16,54.38311022841454,68.36844961423316,69.87899474882313,71.38976799963186,72.77458371251083,74.6833252502695,45.31322711573228,76.98078410994283,35.14716996122775
1951,7,16,60.46989281188738,78.40522529812344,71.32536625216034,71.04633823281927,74.38665760216611,76.71238078953336,50.64101003903384,73.20840405311664,44.05631726516065
1951,8,16,66.32004774797667,82.85461596266097,79.47850785359533,74.66735328282455,72.01566452321737,69.93776314267241,49.146030876428405,78.25958191798014,40.03034512827492
1951,9,16,76.61981422284751,82.37064107713506,79.59771510981192,80.65656941855873,73.86115658035058,74.90838581999118,57.353932165800295,79.40347832541856,42.40367063765157
1951,10,16,69.21755450004034,,,77.5972082190671,82.04910190850224,78.40005712486882,73.77759299738416,66.8093208287037,64.88541226610396
1951,11,16,90.77987919944108,,,,85.65369230262334,84.69328013826333,69.80222311061354,78.15470391591012,53.636696515343765
1951,12,16,77.28246903263292,,,,83.16825880930064,84.68941653641683,,75.62711839393042,62.30186079169362
1952,1,16,67.672969210045,0.0,,,87.98972217405749,,,66.07236343604235,95.06728209443192
1952,2,15,,0.0,,,,95.4567386191656,,72.6048167181512,96.05473079691
1952,3,16,72.2206771554317,,,54.4183380637196,78.69080447074938,82.78442012750826,63.55469273779057,77.16966939392452,63.30622531054435
1952,4,16,59.06341955513453,84.0010744586891,,67.03165096742168,80.54434030674652,67.03213593677002,59.75870409855386,80.07817369791273,61.554561234768734
1952,5,16,53.636696515343765,70.52029194358049,87.65733860453423,61.00960938171992,72.79265955653796,67.16209339824796,49.428452685710695,78.59174016093684,51.31738676866699
1952,6,16,56.35085558578091,66.38803165589049,73.34565205441629,66.35151113375083,78.03806008234474,72.69241231621939,52.9839802141401,73.94695351067844,46.23303582888542
1952,7,16,63.11981796156583,67.63380190631776,72.46872824946321,71.77854988518261,74.49902128829453,72.75129780424547,65.64063858466997,71.80799771411624,54.770759261689975
1952,8,16,71.23816667125465,84.10301435573069,79.84178988090783,77.64893652072257,73.99213679467996,80.90781270054947,59.06902820443671,76.8229661289577,59.83331959602191
1952,9,16,80.7513497233978,89.37553462322892,83.06150649048259,81.71342000640688,78.57290014586849,89.653759538517,64.70248704702048,72.56414598590852,41.7870986519365
1952,10,16,86.79420546902215,,,81.10102432040355,88.30338146934214,94.20728920099415,54.71578572596637,64.94687906203242,26.93229296162296
1952,11,16,,0.0,78.57903650937492,90.72900961014616,99.1651887819605,,9.14318273226053,62.68898751755454,36.93826357600362
1952,12,16,91.60280609231836,,,,,,70.49989035373763,65.18109793670493,47.97461453159603
1953,1,16,68.39513879085223,,,86.69893266126338,79.65675398676265,,,65.69951213736707,89.02813680873473
1953,2,15,83.8752704631537,0.0,,64.03969877550719,88.25867024792636,,,72.74972672867428,91.13239449040778
1953,3,16,72.2206771554317,,,62.843011609655456,62.38352600093489,64.51606680903059,94.91481219152897,65.0542804207532,53.035160469202026
1953,4,16,80.80886607963687,81.60987603010437,97.42272624396672,77.91577376450743,76.51140739693331,71.53100563729699,59.159480288863946,75.18364586322129,50.27410195257751
1953,5,16,65.87847618475918,70.71354729226937,87.15458105338251,65.03743774435618,68.74196951186379,69.26577571382177,53.23753121629539,75.38411653186397,56.823141223876895
1953,6,16,61.45078030218942,63.545277495623566,73.99486891974739,56.58642443268974,64.78582417661868,59.73376738532215,48.54988619542743,82.6055688886859,53.85267266538539
1953,7,16,61.66066310742932,67.4170836502752,72.7184765085474,65.69488194353752,75.19053331668835,70.33997460621188,64.1928296269443,76.9435267088879,49.12020569693409
1953,8,16,70.43362372618213,71.21787907099953,77.69587664100095,84.22327280766959,84.8422098619683,73.47881078228792,63.03266611682185,75.6797950740901,48.25215700469976
1953,9,16,74.9938876112837,84.28623738125448,84.75247351854034,68.61602710083343,72.46026247021925,77.39435963938034,52.7370564170625,73.18451545838555,41.81972311907745
1953,10,16,86.48158080692235,,,74.15976518653086,81.75566901795801,76.61981422284751,69.76627597772944,77.497930546135,38.00406848099979
1953,11,16,93.22419500969306,58.81616192056534,,80.34144393458635,90.38412442640966,74.02981332046869,40.19388706022767,82.8428863348102,47.00223875106338
1953,12,16,,,,92.65883657884535,96.96230889111789,76.69473161435432,,78.35243368805358,65.62650780067635
1954,1,16,60.88712724710616,,,95.71721430826749,95.06728209443192,,69.81627253864805,56.1875484165918,87.21303319713894
1954,2,15,46.92984436052304,91.25580273910424,,89.93092067637564,,,67.13844303905277,70.97374536832649,71.51371446697694
1954,3,16,73.84753164327248,,,80.65960034125685,80.2755340548549,86.13668188805372,59.94370990708686,74.64648040770079,56.762472251193934
1954,4,16,37.47121694848985,86.28052242613852,,72.53615316888734,87.19186881924688,78.66288039974064,43.04823321117016,75.47608388946851,68.91863990566593
1954,5,16,56.9636908743281,72.21723225778696,84.42245101862706,61.56957841228602,70.47390521314715,63.2343537795373,40.90247214541647,78.89530839389495,38.75705283748926
1954,6,16,59.07827617739799,68.55817334218125,64.39601419023326,78.41198084827023,79.4501366430703,74.47050188065707,64.44902855716144,76.50186519505834,39.8950858442516
1954,7,16,63.17524684161568,71.53563980924328,70.73749258372852,77.55319720500272,85.19975078404255,73.36608486535243,59.045308110336,72.20400759983035,54.545916614008426
1954,8,16,59.5959324740585,73.36995155374213,74.62746040425961,78.25958191798014,78.13754573533946,76.45695124747678,67.63380190631776,78.34218113887862,52.79615452927231
1954,9,16,71.06900290110036,76.60634289995849,85.51057855703368,87.34874343602893,83.70702842370326,83.11089488405983,71.06900290110036,73.79423804490915,41.83624126823128
1954,10,16,82.78442012750826,,,99.11016043015888,91.4178788673696,91.0287942336484,60.65832973626048,73.36321623854823,38.17336532378804
1954,11,16,,,,90.4199332824228,98.51997361277648,90.60538503308486,86.66549009698713,73.10901208315185,41.63428287636378
1954,12,16,76.46655292007195,0.0,,98.28539195565104,89.50652438992908,88.35827169409468,39.83732033370253,75.26874461053569,33.13158564435287
1955,1,16,,,,99.55444895323676,90.76097958234858,,,63.31683826397029,58.29913430898712
1955,2,15,65.55537726546838,,,97.7381097657143,,,94.98766454998427,64.72156885161556,63.96615270879472
1955,3,16,74.212851794561,55.65403151398908,,52.48243280417195,82.78086639160199,94.2645174144832,66.54894620268126,60.97177018011954,69.91102995988835
1955,4,16,63.2674901845386,94.0920726358788,,86.50766937361882,90.72900961014616,84.46340371021064,53.80615250191722,72.46026247021925,20.29387161088876
1955,5,16,56.87350888205774,66.47133554502763,81.24250875691403,74.15976518653086,81.07728770660314,81.4372896021424,48.05164791524218,69.54721598689235,50.93872867610386
1955,6,16,57.91209061930531,63.76849192701051,68.98293139585887,65.3329009942821,71.22164443281814,73.0813520195036,47.121621884098616,75.06303519506226,47.88421567991703
1955,7,16,62.20100700703766,67.03922652971116,64.8646744593181,60.912840835988455,64.90887349843025,64.24926111263034,57.1459677090068,80.77654375079574,45.6392859408463
1955,8,16,71.25431821901601,71.21787907099953,74.90755226721161,68.92527802224242,67.5706276073867,68.79741712139106,56.68767081544455,79.04337198209873,48.048197858228
1955,9,16,75.66691832075021,78.22220521977238,84.29050940413259,83.56022260287298,83.53724902410043,78.56245342096636,57.23294521503344,76.45122207342199,40.07723465578256
1955,10,16,81.24438629001033,90.77987919944108,,100.0,85.64936000968453,98.818503632521,52.724072582072296,65.87075578376692,24.43118688064272
1955,11,16,57.37681157736995,,,83.58472790995475,82.09136608949733,85.4087912572686,61.592805521840255,74.70813444674876,42.01506577440578
1955,12,16,72.60839981573847,,,11.865125979547212,79.73393832884818,,92.09890810393291,71.67062436420815,79.6081293465632
1956,1,16,58.38159738044468,,,,,,73.66805740629462,66.23042733104386,64.89875910976096
1956,2,15,62.18318474542164,,,62.1969789418182,,,66.50408015354884,55.674899996705165,65.67998240851765
1956,3,16,56.50674592833068,48.25815580324994,,71.19353071674492,87.55407552862567,80.755110866274,58.31059183332645,73.12543741900548,66.2228842930596
1956,4,16,63.73214890162414,69.13982765106671,90.3645915872982,64.86118560519176,79.0403641835563,81.68565040166197,58.93562444972096,72.7197066056847,53.90709904630432
1956,5,16,60.130937481529486,73.48442708913527,85.36278418049801,63.225852520055504,71.02855063811064,66.14354851259206,57.54013332815338,73.78974336351091,42.38853752191751
1956,6,16,60.57701026351616,67.9712347337832,69.8197809369249,71.05919299400796,72.56414598590852,78.22100823314955,55.51995124140311,73.3738734243476,35.027750107311945
1956,7,16,62.79925032139675,62.54238824202504,69.18402489214866,57.14715436362221,72.09675889482615,71.07919296043751,58.2385217612941,75.40780212543474,54.30548157299158
1956,8,16,73.40028252343386,69.7444057722707,77.69587664100095,76.4614996609902,77.497930546135,81.34627092529313,60.17000633319196,73.18451545838555,49.540043578486745
1956,9,16,72.25970231907634,73.40353009576148,79.72097945114596,68.61602710083343,68.02391987000175,76.45295364667072,53.99235053623097,78.75011334257101,44.09981746315764
1956,10,16,75.04635045310772,,,86.91356135530265,87.34799482021509,88.92068163335149,62.54907501451605,71.03708957072905,31.21762768082125
1956,11,16,77.74864130635967,,,71.74341753938839,,97.79882637415211,68.41866947227005,69.54018640651087,23.50111937553169
1956,12,16,48.40559987715898,,,,,96.80642229086828,90.70674819075296,79.89831995415813,33.70841208646256
1957,1,16,80.66313225957784,,,79.92709263956246,89.92867037904621,91.06286214025909,,74.70440899492203,52.95929814708343
1957,2,15,74.89736738940861,,,,,,,78.2010747128294,28.36920734302588
1957,3,16,92.18643686808896,48.25815580324994,,53.27021548341524,86.4235017832194,84.28297666577167,53.44087311657152,81.59493476686343,67.55331767662611
1957,4,16,65.40259492212415,87.17731338322088,91.59790544430454,67.79287954691178,82.64699781089449,78.43880139592845,53.37933016790922,76.50946502471436,35.809018028576034
1957,5,16,60.7893212291438,73.77759299738416,80.56190061932365,78.47088797546951,81.1302174742627,78.6821115921665,48.79976860239256,73.07756449688381,43.22956053622004
1957,6,16,60.05042815604981,68.77801522363896,65.7693254289604,70.89912393463273,73.88068191275472,77.78505528065114,51.18657538198028,78.87082738603192,54.60264919426178
1957,7,16,63.19802953153516,74.08100502919156,64.66792672716986,68.34084954880505,70.5753903263707,72.61050201495529,55.46021513300883,79.18460030235066,45.93951108391227
1957,8,16,63.61936639583984,69.43877453039197,71.81858103969773,83.73775265223875,77.70209356829496,79.57088218616835,70.2943399224555,78.0227539732789,50.64101003903384
1957,9,16,74.80947673800038,83.26856575272755,82.04910190850224,88.9621521815545,84.17786164641274,83.4144924978819,59.79073458835947,74.22334625105665,38.62912214948606
1957,10,16,79.33788930265122,88.8424954675728,94.85203254503524,94.98331442053718,89.73154670657554,87.35466797837171,65.51099611516132,71.52348518179639,48.16381610090558
1957,11,16,,,80.28586413326114,87.03358685472388,89.06864326617539,89.37553462322892,74.97106257577661,77.96465313185723,53.488052549315896
1957,12,16,95.26358942037884,0.0,,97.5362992439213,76.83580034552344,98.48841430673946,,70.12089747598111,72.97775823168628
1958,1,16,,0.0,,93.20064741242165,,,81.45231796175607,68.58798730352599,96.20103104718676
1958,2,15,94.26352049721328,0.0,,,97.69593899440513,,,72.79265955653796,62.11786191699619
1958,3,16,85.52561349081078,0.0,,59.906546870548574,73.0700327228387,100.0,56.94790259316798,61.2967103023794,61.87684831527747
1958,4,16,71.82249792705561,67.13844303905277,,67.55331767662611,85.3669303170688,77.70372383589965,60.14334136011159,71.68451867670066,70.73928087745098
1958,5,16,58.22114006287924,68.72349961426906,78.66684233740251,68.02391987000175,79.21922387058926,78.13130511338323,49.16127066154001,78.7727232058014,44.54022811808486
1958,6,16,54.545916614008426,63.33002963210882,66.60341686997205,63.60550595647736,70.23327803806934,71.23816667125465,52.44891315859909,76.73541962047878,49.52044884811049
1958,7,16,59.65187526091778,73.31424044303455,68.57122728556486,67.53039370681782,72.87213211173797,74.20922385364595,64.43839986320802,76.19650217773365,52.026184496893485
1958,8,16,66.35846660963385,74.24643192062459,79.61549920347838,69.57199656574267,69.39313043627018,73.4671316151095,65.30165278198342,79.93162483350491,54.20727835164186
1958,9,16,70.72415761274358,72.07209073216937,81.33294767065428,68.9177418428972,69.92278823885714,71.19554940864083,55.63875021764884,80.90781270054947,43.85734695839882
1958,10,16,73.51074174508305,,,81.84918406531665,81.1302174742627,78.79705994604687,63.625238864337085,77.4527035985389,36.94034095637736
1958,11,16,95.96508970215304,0.0,85.57316129135677,78.88600966047873,81.07728770660314,78.43880139592845,79.08436273067325,79.48433047598095,26.62916412571865
1958,12,16,96.60308629079114,0.0,62.86833582541851,51.48422431129038,80.11448163333871,,89.93092067637564,73.47133291437261,87.19186881924688
1959,1,16,64.18339495178002,,,,83.54241945043904,,,60.97177018011954,88.24451386378728
1959,2,15,86.36642015282362,0.0,,67.80797302267355,72.80943356571888,87.12518883871326,,72.1720096321339,55.72315193996984
1959,3,16,43.22680673290621,,98.8233343501815,66.2228842930596,79.98096562344628,69.82017707069362,87.21303319713894,75.24127430090168,57.15156919188603
1959,4,16,64.73449173132614,82.35277862515125,91.59790544430454,69.17440309681479,88.02446674618022,70.5087226698348,72.92628551443416,79.03517578995535,52.69011719330357
1959,5,16,59.90500302462527,68.50651063477147,85.64936000968453,62.78180294910578,70.44434496350394,68.64102419800528,55.79184162707483,78.60929928955461,43.31052145680943
1959,6,16,61.28224506060224,56.564347384443785,62.60766553438412,64.67184980353534,68.31218944743114,69.92809734161983,64.70753262912632,76.65740304987048,43.11456653569022
1959,7,16,61.24116241004595,72.81531647340658,65.88730738394091,64.36771261134484,68.45971481274704,68.56355818990136,63.81993251413552,75.8154729984486,53.4980269329137
1959,8,16,70.89912393463273,76.55439424982117,76.66843371107072,76.66843371107072,72.1678351192598,70.86201676167597,67.04657848555675,77.99652349472551,53.40046359021164
1959,9,16,76.49547263085003,81.17548644355502,84.87222569646275,71.22254730246365,71.4280885251512,73.87038049683026,59.49810084881603,75.13447411437456,51.664644596544
1959,10,16,77.30703317015669,99.27399708754166,,71.65755015150134,81.24250875691403,79.15787347795148,58.17335503509326,69.09896026037956,40.64303765746104
1959,11,16,,,,94.91738499013306,,75.89666049087873,42.36393064200984,74.08959714585781,61.72369472723692
1959,12,16,86.45361346581242,,,64.89875910976096,95.92380588578207,77.83077381163054,65.4305757802274,72.88598482609635,52.83527448584285
1960,1,16,,,,80.80949139292385,,,,64.95480866892052,85.880344588645
1960,2,15,91.9893142507114,0.0,,82.35277862515125,87.43520953270354,,90.39429788254834,77.34606039409682,90.88262932730228
1960,3,16,60.718586972124506,,,67.16446034423446,94.03673061371973,75.13617295426549,28.88688989840914,75.79242792333699,44.55025003105416
1960,4,16,67.78917676667122,69.76719603774217,,68.176302043944,88.0964845813898,71.00403049774232,58.74268070644692,76.89660507043676,39.59518259549011
1960,5,16,63.346280669634005,60.14334136011159,77.07622625655948,59.06550318711,67.03213593677002,66.12147342414765,45.10151152688957,76.46661776045178,47.810303775023975
1960,6,16,57.153214918015856,57.07250496364925,72.58718373125895,63.16745460575218,66.12147342414765,69.04114271058002,61.73830774150278,78.12787644499271,44.20741785964473
1960,7,16,65.46469085211808,71.5306570682358,72.5039049222383,70.77738328359403,75.93123723307966,75.22944170658563,58.26791343003161,73.55779817712677,42.46941863016567
1960,8,16,73.63375466851485,73.99213679467996,81.24469691700857,72.99519503524344,76.98078410994283,73.71964779910647,62.74872089032876,77.90700375669334,44.31860160846482
1960,9,16,78.39229646029352,79.82862497137099,84.39017131306032,79.13682621593924,82.52916102369281,74.73150901218044,68.76728371274021,75.90357383919816,48.01070908945896
1960,10,16,86.35430615687287,66.49815042915242,,78.6572487063013,75.22628360186141,97.33815721391318,48.403211145434135,72.22739694824573,36.94034095637736
1960,11,16,95.7348801492662,,92.29721229804784,84.65690732152434,83.90900589242811,88.9781544053217,65.14786172372104,74.34352070985125,58.13044190400966
1960,12,16,95.851935477335,0.0,,,89.13454702039289,,,71.10076726511399,52.92525560591859
1961,1,16,,,,,,,,69.76627597772944,77.78232171362613
1961,2,15,89.43024619117094,,,,88.50494856341182,87.50881138725731,,64.67836832867565,60.9139883428185
1961,3,16,64.17987096851758,43.76184756252816,,77.21569714903781,77.49173591256952,74.70825586065737,100.0,64.9705442765477,45.335095730554585
1961,4,16,69.7418507065767,87.99319935911494,94.85203254503524,64.53761486057886,72.04215092039681,75.2605487475663,57.347614941360526,69.58569361660693,47.66209117714785
1961,5,16,60.17737725863829,62.894470632076455,76.69473161435432,66.50711984174963,75.3322963131168,72.46391293360583,53.168457483434864,85.42766637033446,46.87524682600191
1961,6,16,58.28896283223478,66.69610897125352,71.90474873221075,72.75129780424547,72.3742221539719,72.39407222948675,47.524809023606124,76.50186519505834,30.54330688484545
1961,7,16,65.05982219817159,75.09597171698718,71.79716460650253,73.65262890359048,77.38688977196826,74.66905119076263,64.17285717274372,82.5589925515811,39.564296001819926
1961,8,16,75.55449597830189,79.06206749383007,82.12779144871519,80.84960227881663,82.55847441631339,78.24495408328966,65.77321681755323,79.57088218616835,45.6392859408463
1961,9,16,76.94940846177988,79.3176571290736,84.87222569646275,72.6494713171093,74.40624748773624,71.25431821901601,65.87075578376692,67.21339740868952,39.62831642475893
1961,10,16,71.7723406517313,,,91.67912636881786,86.62417515782671,70.66765559886375,55.81683905346807,71.07142127548774,27.73164062805451
1961,11,16,63.530679653381554,,,79.17491747390672,90.16049361456108,80.17458330870598,72.97010319066429,75.65155998228813,39.15399314728436
1961,12,16,34.56282063266081,,,93.83840590472852,89.9155648606303,,,69.32485852776955,54.25195996945369
1962,1,16,73.66805740629462,,,,92.11761595259236,,,64.03638254356495,69.65393992496229
1962,2,15,88.40166888755354,89.19104941699807,,,93.14698685621993,90.62088842428165,,78.30798629456872,81.61361817484935
1962,3,16,65.11280748764196,74.48074201913646,,67.44819050728172,49.881813773078186,100.0,90.74604199923048,86.09646642234031,63.55582457522979
1962,4,16,72.4034301903805,,,81.89577795301207,82.14660661935822,80.16884540501627,60.77397629812258,74.34352070985125,54.605442820825
1962,5,16,65.73834138373229,68.0069744316718,82.49532844131426,71.42690623635323,72.28253380083689,75.68970182859,51.504403894584186,88.49181973104686,48.60902857226952
1962,6,16,59.08240166528908,64.0374390080879,73.36995155374213,68.06083426338019,72.07747187286326,74.40186332454041,51.574291142735966,78.1779853025313,38.490371758541855
1962,7,16,67.00404968050148,71.5306570682358,64.66457458836894,70.86998649833966,73.87635100805319,78.78305166947362,57.91821051588527,79.84178988090783,46.390042953999206
1962,8,16,71.99475617628042,67.53391090448906,78.4375757711964,77.18893064678193,77.52200979947567,78.95902406674796,48.84549203507364,70.61211258963874,46.69472749602439
1962,9,16,74.66924092619824,75.13617295426549,83.36185916692821,82.51364608614348,79.89763139320532,81.70405733308546,52.7624667904595,77.64893652072257,41.58510304928557
1962,10,16,92.99073372480036,94.08955710601845,,82.18506912408793,73.47133291437261,83.95292403813431,66.78907885209705,76.61981422284751,44.15870697276888
1962,11,16,88.8424954675728,65.73617210101146,,,,,54.59928183897521,83.06188931888799,42.93583640491953
1962,12,16,80.07752973703315,,90.4166308978824,93.83840590472852,85.48394662010448,,80.11448163333871,86.43992305700074,40.13776702742745
1963,1,16,,,,62.7768277154649,69.80222311061354,,,87.72305161481121,57.709400107033176
1963,2,15,96.60308629079114,,,74.9424338969797,66.98981176704612,,,100.0,88.7739024115558
1963,3,16,65.11280748764196,64.86546681001052,,42.95521422191602,55.46387190000373,84.22605179489408,72.92141983806368,79.82862497137099,57.15156919188603
1963,4,16,83.16825880930064,89.70068061995421,,72.90994375620491,77.94613578072243,74.15976518653086,41.8976164257481,75.41115292886627,68.51265634045114
1963,5,16,57.67245380282757,66.84709942808927,80.06899525186384,68.02483512647194,67.80434718503425,67.98933187225808,31.43968038997821,82.51364608614348,65.7460903282458
1963,6,16,63.11485205405567,61.72620766213517,69.03328527649857,64.46590081458288,73.7644796176561,64.8683957777915,43.52259045465004,81.10885375667942,49.7536014023487
1963,7,16,64.45151445457762,61.19039868503227,68.52834579448937,66.20368100186337,69.43388394484742,74.69835420742896,52.51251086773598,73.71791973856268,46.4509266267437
1963,8,16,68.38621993599074,68.9177418428972,78.36003823720489,74.95131609218241,75.41876229185372,72.0285821954214,59.86538183409067,83.67472121422144,44.34704864175741
1963,9,16,70.07922876019562,75.33520194038678,85.79667416827799,85.85483420302731,81.36847340098248,78.44462620660688,56.84986328751175,77.87590950657008,43.55231023875537
1963,10,16,93.56513639585792,,98.28539195565104,87.94011031385128,86.2018336853739,82.6613405913938,81.7289470698392,80.47533788509767,52.49447062305436
1963,11,16,75.89823371515563,,,98.51997361277648,93.21034689894611,94.40021080488302,95.3511430595774,63.77678356091677,59.82103113771704
1963,12,16,,79.59427948873076,,78.94113191495727,81.5296937660575,87.22598027964919,98.26092700465549,87.03358685472388,47.97461453159603
1964,1,16,85.75612915987578,0.0,,72.84783454856294,74.64890124854988,86.05015314743846,,85.75994232006116,21.873825015589613
1964,2,15,87.34385630778057,0.0,,94.66278738346284,,88.79368273270511,,73.87652715200724,80.46057668247893
1964,3,16,50.45171345478184,76.91127804840151,,67.18430955602287,94.91481219152897,73.77759299738416,56.17612123761887,82.29825963631589,70.12089747598111
1964,4,16,79.2096774310516,62.75220192160928,98.26092700465549,77.3872467670748,86.50766937361882,70.0036964164359,43.06834094402686,75.41115292886627,57.67245380282757
1964,5,16,58.43683032338057,65.51507357507964,80.06899525186384,69.82217828880037,78.18267379872356,66.12147342414765,51.089480633714594,75.90357383919816,48.49049842833654
1964,6,16,61.76365236727972,61.17907348015731,75.33829121357495,73.49452352789969,76.05630135030039,76.15395575984888,51.53115254882498,72.339411043055,46.48878777590275
1964,7,16,66.16861225913011,55.76184272517838,66.82013948966555,72.68042052081643,79.47597032121016,76.96632942292803,57.52088889887737,70.80122538706264,55.9770558584097
1964,8,16,72.65191344539136,67.41223715169602,75.69995173017503,84.21017240261271,81.52216839304681,79.54715120420266,65.60589790037334,80.6402077797169,56.53821989686929
1964,9,16,74.87542969574717,64.40375460737928,82.3703355730493,86.66574849164365,80.08391745636595,85.07033758732622,61.554561234768734,76.82922425847549,49.45329377557044
1964,10,16,95.0839153627008,,,80.17438507925135,80.04390883074646,85.75436293444744,57.06893726457157,81.0496624419984,22.91051709467934
1964,11,16,88.8424954675728,,,71.60402424246324,86.11803450757449,86.13088483753185,,71.54032862885933,25.14669044442985
1964,12,16,58.99737413225037,0.0,,92.0382126999626,96.20103104718676,97.41882857237933,91.20700641320948,74.17159420383666,29.976223459682068
1965,1,16,64.86546681001052,0.0,,,,,94.98766454998427,63.01233198259441,90.90741313836888
1965,2,15,46.706415936601296,0.0,,56.73841468605176,74.79126384794887,82.83851530363673,82.28864459034479,95.74746446480688,68.52295384209867
1965,3,16,,72.9064929401632,,86.65199753891383,71.82249792705561,89.39103585763662,71.56695382387083,79.15936750673676,46.36825385891713
1965,4,16,77.12199922898796,72.45062013545737,87.44870146348066,66.79162985510708,82.07367858894955,66.96519676683121,49.36588599445754,85.46375350941142,53.74296741388248
1965,5,16,63.24721707573227,67.93732930461175,78.00340996775235,63.11469377577095,72.92628551443416,68.36489197421034,48.60902857226952,86.06760915697632,46.94780801635972
1965,6,16,57.551564715359085,66.08170445190034,73.24809854379677,68.61327139566157,71.5679727503727,67.51678364018467,47.05862575440122,77.36143671410395,35.73934773547539
1965,7,16,69.67638994011556,67.141093259821,68.91845109994438,70.2740954259408,71.78003496150362,77.6798179126839,55.64751953363883,83.67472121422144,52.799149743993866
1965,8,16,71.21621954536194,68.77801522363896,80.94516677175511,83.39651540590305,79.06206749383007,79.25663284951786,63.154579620094296,86.23388506308898,53.81534289334772
1965,9,16,68.731551284038,82.18506912408793,85.96808594696897,86.18907617606206,81.04359979950041,76.6028063257528,59.85300619442203,87.21513660672946,45.37461558037983
1965,10,16,88.50663435072683,,,74.02981332046869,71.90848795874231,79.51438874383922,69.16649343504764,82.29042441180042,59.84758139040031
1965,11,16,80.04962346938399,0.0,81.15424534972207,87.43630206496447,95.77326043774688,,67.402743096288,73.47663164361818,62.33261901160594
1965,12,16,77.28246903263292,0.0,,,,,65.23729029963617,63.24721707573227,33.42599692746048
1966,1,16,,0.0,,34.23522748524265,89.70068061995421,,67.78228902721573,82.12518013450521,70.56599351352769
1966,2,15,78.07128314508785,0.0,,31.59442731989585,68.05996870706514,,66.54894620268126,59.23249253475238,100.0
1966,3,16,67.10021637052296,,,62.7768277154649,65.57640714952765,94.49909504950156,63.6994748518244,77.83909513671604,70.96661257945289
1966,4,16,70.69771019828785,82.35277862515125,95.15698695971945,77.12551424821352,84.66960775779066,92.1778758197953,54.71578572596637,73.5978449546148,47.336020331828216
1966,5,16,67.05479180248267,64.63139683042336,68.38798638278676,71.73164561610128,70.87706325241854,72.85379622860796,51.36276303848913,78.07107365420701,32.09640710436486
1966,6,16,60.25987807684472,63.88789664590726,64.77104967611577,60.62656131433629,65.97215568485868,60.62532013037792,57.59129177605516,75.75769209255839,39.38479045677439
1966,7,16,64.24926111263034,66.23676181935053,65.89704044091269,68.97629591676265,73.18451545838555,72.72788881867791,56.585086939072,86.23388506308898,48.25215700469976
1966,8,16,69.15786821891294,74.09197464192185,77.96580967973705,77.81749072922594,75.9411964085473,75.34491632665072,60.24579927423943,86.81672342360554,57.66222932567752
1966,9,16,76.18526131491288,74.99308500638219,80.3607077748554,83.38549813920905,73.79883758081365,82.45925680216877,58.14934467994451,76.15395575984888,50.77910227750723
1966,10,16,83.39295292096084,,,87.65733860453423,75.96747037265322,90.37839772570152,63.625238864337085,67.88089018627646,59.07311991914223
1966,11,16,79.10944429966297,91.25580273910424,66.2531808334994,96.58182348209296,92.21884331083604,91.86801210435117,44.524094779406944,83.89323595186603,25.795748922358268
1966,12,16,69.15335056250404,,,60.36674793496732,95.6964542023084,89.06864326617539,16.77505409263074,69.91102995988835,52.83527448584285
1967,1,16,63.52678839491863,0.0,,,94.98766454998427,,73.66805740629462,72.6971105993733,45.33973309338986
1967,2,15,81.39086267828534,0.0,,93.71382821972075,95.06728209443192,85.3130299983427,93.22419500969306,72.2991415814443,59.35495660314314
1967,3,16,75.49284165915786,,,92.51240332690064,91.67442110075504,77.26687378501208,92.30696265589626,67.05479180248267,48.9442679621903
1967,4,16,80.37942080523999,91.44999191731,97.5155158949472,83.32215051324872,86.05015314743846,79.48433047598095,58.62670209626879,83.24566518397633,49.05418545452001
1967,5,16,52.42583499479595,71.47185825113618,74.14846200443475,64.57917233702639,73.41868837309127,72.9693689655291,44.15042836810602,81.96052075718396,49.355387914634576
1967,6,16,53.42862500344098,64.78508310563713,64.90393956805303,60.213212305465234,67.18968324157397,69.9182906938379,50.00467839470431,81.85694931676807,42.359139664656304
1967,7,16,66.43412920936925,65.34415395378869,61.682069587665545,70.16729110714975,74.5865581204117,71.32536625216034,68.27401890268469,71.46916147561984,45.19339803960434
1967,8,16,71.04890207260608,70.90681253514188,76.98074351708371,88.02907034313701,77.87590950657008,74.44735721392222,63.66762985842474,80.60736937551955,47.24134450778399
1967,9,16,80.42175782135807,64.57737875549577,80.65154738054646,82.85461596266097,80.00932240675529,75.82190272023499,49.208517280387845,81.48910553211073,45.00006476718343
1967,10,16,90.4199332824228,92.4397865000062,93.82361252177408,100.0,82.62257194779873,92.29559488242803,87.12518883871326,66.79514497849438,57.89237327104453
1967,11,16,,56.89635085071888,,98.0614296737458,95.8327608175243,79.09026725421032,48.02977408163039,71.52882922010878,70.12089747598111
1967,12,16,84.9648014072003,0.0,,71.81182355409113,83.92802325240112,,,78.04839934539166,80.19353644918151
1968,1,16,84.70238452655816,,,32.61357914986175,78.97110708228695,,,75.96747037265322,89.62894442809635
1968,2,15,,,,,,,,67.35801005035955,66.19481713372706
1968,3,16,85.49762198033882,,99.51806468693826,89.92867037904621,70.8771087612684,83.86992710152599,100.0,70.99300888332476,69.08873454286636
1968,4,16,71.93245188850423,88.24451386378728,86.94440060191194,60.83949294871186,71.7464974438405,70.00906934714172,54.09629616873665,73.48884766434445,48.50927620301751
1968,5,16,56.09317534361098,65.91611396218045,77.07622625655948,70.43863977105688,72.92628551443416,75.33816353892693,47.15952058496732,83.6768422359492,54.09395171961447
1968,6,16,57.871528834444,62.91325011717623,68.64102419800528,69.70626651914667,69.60155193635083,64.87329006321369,38.28614546613166,81.79602289315231,45.81496032726816
1968,7,16,55.38245795539847,58.73691451982421,65.85988977215752,59.04596234953653,65.66786756271395,69.84124589207565,54.90586974693775,80.8966470033513,45.19339803960434
1968,8,16,65.47026770234442,68.31218944743114,79.28322507991767,79.40347832541856,71.1573863619293,76.20428655735448,57.26067843420272,90.00012953436686,48.63079581683645
1968,9,16,73.3592542432825,75.96213981346007,84.461707559512,78.40005712486882,72.04833488632626,76.27947813659294,48.21196059770955,85.27056797543666,40.07723465578256
1968,10,16,86.43992305700074,75.535220927161,97.4172621839848,95.74746446480688,83.06106540004839,93.25763649154952,68.54450442331915,74.85915993399658,41.67257478431381
1968,11,16,,,0.0,89.62533355667895,96.90457630005648,,32.79983987690227,75.02841872654025,64.09396193326825
1968,12,16,67.55587760635244,,70.3052568118915,75.51689989586856,77.26545878567438,,41.72044517656078,77.64266206241342,96.79536024121326
1969,1,16,63.5090596135859,,96.64601264365804,50.52837241023845,97.72179258558155,85.0141855988014,0.0,74.17159420383666,42.171222698874345
1969,2,15,78.88724650756754,0.0,,59.80045374663614,,,28.04278519250131,83.50185306203943,17.756738494471747
1969,3,16,90.70674819075296,49.32345611891749,,65.59967975380454,73.8120718819617,96.5854380510406,47.28201223837646,75.62711839393042,75.33520194038678
1969,4,16,79.56954128853206,72.50770722976128,99.18343949654314,76.98347694094284,79.6081293465632,73.64039612428675,51.2751695466146,79.89151749351241,57.41865779890389
1969,5,16,55.6273621177664,62.35690862457795,74.50345356822993,59.766359786351,72.51418423093922,68.95699402112653,52.58209578221626,76.46661776045178,63.80086730428372
1969,6,16,55.02320435481776,63.80086730428372,72.35092444882903,50.19578244710057,62.026161088168585,56.96750367115128,45.104054806506674,88.84410627321478,50.024497149034666
1969,7,16,66.43412920936925,65.34415395378869,64.08975651664026,61.713373946959486,73.29684613164903,67.23194631014378,66.05339143798233,76.8229661289577,55.438695350247166
1969,8,16,75.38411653186397,72.1678351192598,77.99652349472551,59.836432216027966,65.26628254709271,56.71268285935786,61.46851744583915,84.71827932931261,55.74111195209244
1969,9,16,73.10193803869088,75.13617295426549,88.34933983409957,80.71888694279214,80.17438507925135,79.00665316139022,73.2862522068967,79.12876127707126,55.72453091487149
1969,10,16,79.0492197176975,,,83.55437540001074,82.37064107713506,81.79646926054987,76.33037583096805,80.80254987945305,63.67341084512982
1969,11,16,,,,,,,86.69893266126338,67.84829580895378,67.03165096742168
1969,12,16,93.22419500969306,0.0,,97.69593899440513,,,86.13155768203039,96.28964301038262,91.9443989262542
1970,1,16,76.46655292007195,,,,,,75.99788620474561,75.86086172286345,81.18105181998733
1970,2,15,,0.0,98.64691223783498,83.87044354266814,82.07065549038987,,93.37930124078471,75.04217868322405,76.18133821823898
1970,3,16,,73.68907698498391,,85.76446538142477,93.17679287549429,90.38412442640966,80.80949139292385,85.1437083767909,43.06834094402686
1970,4,16,67.3020667010167,97.4251640660736,91.59790544430454,85.69501583134836,91.22219778960785,88.54237556347468,57.253695522583,89.1512644530394,58.99454648736458
1970,5,16,59.63309038569043,67.78809331980725,77.94613578072243,59.85300619442203,67.05479180248267,64.33920882881625,57.25661611265773,88.49515963171417,40.648535730312986
1970,6,16,60.24579927423943,68.58199900939952,68.31218944743114,55.80251543741934,62.042841711947936,57.52249039365323,54.8110140146277,75.25232360291253,33.758391820092335
1970,7,16,62.359576962258856,64.43839986320802,65.33300623814804,73.22093940382207,78.65423794136815,75.43069101338415,55.64980215558164,79.04217773715995,52.79615452927231
1970,8,16,71.71435499080815,68.76728371274021,78.23967407171091,73.4671316151095,72.65953928117615,71.76900698360822,61.44239612442353,79.01375221321936,55.51764116384409
1970,9,16,76.8421524775166,76.91481639085752,80.07817369791273,91.19144914966844,84.39017131306032,81.1426482173519,69.00569885453993,77.71231879018211,49.66092120390447
1970,10,16,85.880344588645,,,87.07855051786886,89.57507375762317,81.8083398527608,64.95511315060203,78.6821115921665,44.25868777059366
1970,11,16,87.17731338322088,67.22263548838785,,88.50663435072683,87.72174968544935,,76.03281746899412,66.06928613732546,48.31732564056665
1970,12,16,66.18301169188804,,,77.12199922898796,75.4727295356538,86.83700626170415,83.6696025621457,78.7157000756858,57.56953743791525
1971,1,16,41.46073992599143,,,96.64923199931104,,,76.2550751556177,71.98286906110165,39.24155695327449
1971,2,15,91.33069087065924,0.0,,75.77717264582759,99.51806468693826,86.79420546902215,57.54723689061665,77.3872467670748,61.21021363113701
1971,3,16,63.823253432844126,84.73028338730522,,86.27713406667247,82.666006522721,85.69501583134836,54.9143346313362,72.12839489164888,51.29098978709008
1971,4,16,68.88833876893418,96.97138967150862,95.03022296317418,65.51507357507964,74.15850659021763,69.34576440500966,49.51964832578552,68.60349034755795,51.63513573235927
1971,5,16,59.39277389323516,67.60851456188557,71.30829358913114,61.51389206990832,67.25653473157082,66.69392799338135,49.21111365592665,87.38439038791745,36.43371544281512
1971,6,16,51.04938349772584,64.43522392138053,62.588289753101904,57.02191877934503,62.4304480658758,63.570424264717445,50.50636081939172,83.52975058591707,42.75700120514342
1971,7,16,61.40229034185482,60.68545555784534,65.71109946496853,64.4798997862694,70.89912393463273,64.90608328946591,56.2073199396401,78.68033352798862,47.73468188020208
1971,8,16,72.99796838101149,73.73379178452885,74.24898757540667,78.25958191798014,78.67336973789864,76.45203788096856,57.2880253841435,77.03139555233317,48.31248549964214
1971,9,16,77.68156123105838,74.64648040770079,84.64434930795787,79.4501366430703,73.93904333695842,72.77713785554624,60.645486427092365,75.30153610920073,46.31068294124984
1971,10,16,90.33875238220767,,97.42272624396672,83.98428685803573,80.69424234088892,78.76415989218964,55.80522422784927,67.8921687701337,30.779763384711952
1971,11,16,91.29393996064708,97.57534683850326,,90.45030219015086,94.0401302667452,83.56421740991854,86.65199753891383,70.47547045581597,58.90660236530996
1971,12,16,61.61023173424616,,,74.42345982983964,78.21305075089728,92.1525867381001,,74.64207769739545,64.49734984518226
1972,1,16,76.46655292007195,0.0,,,,,44.85181629045669,70.36366249406215,49.14488020549583
1972,2,15,54.2605751188569,,,95.55311971448138,98.36455902456288,,88.67210687139846,79.23143732125683,0.0
1972,3,16,49.32608345156939,,97.66921123146294,82.0835868433354,83.16825880930064,73.87652715200724,59.810283876442746,64.79727071837567,53.93656592856728
1972,4,16,48.221837138253925,,85.8753062685262,77.34606039409682,87.03358685472388,80.8401644657923,57.467889123582594,85.5373494475492,31.96066209326036
1972,5,16,56.87534021478204,67.4313126086512,77.72613410096501,71.42690623635323,77.16966939392452,65.84713364835248,37.45774828697032,78.89530839389495,54.26124119695202
1972,6,16,55.88925291663547,60.25938741412491,56.51805002922335,66.99678292907846,75.00701759205646,74.20632376033038,53.57247513524206,73.77341274279351,49.535395530948655
1972,7,16,60.12392602724068,65.3489953462895,63.7041279452485,67.55750081250827,74.69835420742896,76.72148844124008,55.88925291663547,85.15074267638204,41.46823974841991
1972,8,16,68.92527802224242,71.81944789766123,77.08693003293867,79.40386952340117,79.0977263060905,82.84937125269603,56.06206321352836,82.82744609922133,45.64823440138262
1972,9,16,70.5087226698348,73.28907952216257,80.6261825560485,84.85569368959602,79.3286382838445,85.2477236007485,49.93601962075332,79.13097674555503,50.930690957569205
1972,10,16,77.93506285790347,,,84.51916171715543,81.24250875691403,85.18667275297857,65.83847432296612,69.71574434589608,48.18589211138714
1972,11,16,82.86595111972717,0.0,,75.60750800845513,78.68758658166543,92.43314470369272,76.83580034552344,74.24096736654394,57.44279205791119
1972,12,16,84.9648014072003,,76.91127804840151,,97.91613479527712,,90.56327516932171,74.80290795541507,59.62017773601311
1973,1,16,60.36727333929579,0.0,,77.49173591256952,87.11236836855738,96.96922342912296,72.72854225363146,69.70015107097062,33.701371548144
1973,2,15,74.96770534650766,,,,,,64.03969877550719,77.64266206241342,70.78766538157137
1973,3,16,,80.28586413326114,,73.48442708913527,81.01408754495904,78.85297054437072,86.65199753891383,62.494237505318495,60.77397629812258
1973,4,16,64.89875910976096,96.83631679124656,92.91748568968764,83.70783634177391,97.58889988144892,90.3531672510461,54.61958550672752,81.99673292935839,63.79254352167821
1973,5,16,64.38361840905752,57.467889123582594,73.90594595759626,67.76283253347407,75.26874461053569,70.85525078503771,47.52124215906626,77.52968961822148,56.564347384443785
1973,6,16,59.46269612964221,60.12024431545124,63.89676278613094,68.88695607445928,73.3535095799138,68.88695607445928,53.78945305915451,79.71890079878496,49.92775637651224
1973,7,16,65.05982219817159,59.8426287663774,66.15675312567937,58.41148876054182,66.16861225913011,72.5951194089176,61.86214182609217,80.84960227881663,60.22993175569742
1973,8,16,70.43362372618213,69.39993905175388,78.05426795847814,72.44545782735013,69.13420235876463,72.339411043055,59.07827617739799,77.62303518147354,56.474834900520776
1973,9,16,71.56515084968977,63.61608453056048,78.79705994604687,79.28457200121515,68.76709865484908,70.23425407411027,55.022412178911175,75.4785337350198,48.66664800590169
1973,10,16,88.0025450626769,,98.50174614801684,81.23869123309875,73.29244300588893,82.86664241112908,61.82433847855618,72.04926756036674,40.43032428472824
1973,11,16,87.81636933962761,88.17758629032274,,,95.77326043774688,91.85203836824336,99.43456515303032,69.34576440500966,39.28530405126076
1973,12,16,84.9648014072003,,93.27477711813246,74.82272065961727,81.89892275846282,89.55261379231261,,69.6763460702708,36.11677821106757
1974,1,16,74.212851794561,,,85.2401044109867,92.03218234542464,99.57164438710087,62.75220192160928,73.47663164361818,49.71728257651517
1974,2,15,72.13283221863337,,,92.35298980529927,,,77.58809351247366,73.40353009576148,41.4166564313949
1974,3,16,76.50241543649327,,,87.23846017513347,83.7952328514962,86.18561015342218,70.4428827872765,76.89664763338295,49.55508021507944
1974,4,16,45.818767886557694,87.43520953270354,90.67946618677972,62.33261901160594,72.18944218064811,64.04593501929241,65.36593579003689,72.00890825855468,53.10971611684662
1974,5,16,55.55229281946317,70.87706325241854,77.3872467670748,65.4069971925129,71.67062436420815,59.06550318711,50.20610534156952,84.28001430791532,49.878741501298926
1974,6,16,57.551564715359085,67.06686219909727,63.93237195791482,67.37498614787711,73.3738734243476,66.2977293048984,44.69771899037117,81.43818289788895,40.67313546264656
1974,7,16,65.13811273092038,71.47869547095078,70.2740954259408,78.87224704648777,87.40397195164475,83.47127930045825,46.45881286279348,74.84389908599994,52.108608944838814
1974,8,16,70.76067973834198,72.06271333472385,79.48494931668378,84.17446594975327,85.27056797543666,80.0145008852222,44.3118012489668,74.20632376033038,46.25438101243149
1974,9,16,71.93627248189246,74.70825586065737,83.70702842370326,89.60397264659909,89.653759538517,86.11916834643519,59.92322354490398,76.45122207342199,50.58575519575555
1974,10,16,55.921089389141954,,,92.3204645204628,85.45984379885196,91.976597727225,71.03844137711478,71.54032862885933,34.91257080040105
1974,11,16,82.48202856753969,0.0,40.57712267486104,94.38355384209515,93.55912585737843,97.77775652471549,51.30178423361114,74.17608795156463,49.55508021507944
1974,12,16,62.18318474542164,,,,,,57.20683680818421,76.34038952494355,52.767683682991766
1975,1,16,88.4767599157393,,,94.9012352768079,,,,79.3176571290736,82.78086639160199
1975,2,15,61.61023173424616,,,69.82936070958016,69.75092332336526,93.78817680914406,,72.92628551443416,69.76276791693242
1975,3,16,63.97672646810203,,,87.97906218579091,91.05979318570368,96.14094289990236,71.13632776520068,77.18796172006134,62.23227774193804
1975,4,16,62.12498464709234,87.46588774998968,90.39505923002758,79.33641752847052,83.55859228843404,80.80962089017142,62.64348471882743,84.31188124995627,58.088173622148936
1975,5,16,55.6273621177664,67.98280398988588,78.2010747128294,71.52348518179639,77.40113525380657,75.86251625799527,47.66209117714785,73.99213679467996,42.70991922199661
1975,6,16,62.90415224741736,69.39993905175388,68.61327139566157,66.64767489882612,68.93968400901755,65.78602043759822,43.56527306265721,77.07809033763576,34.67477687166406
1975,7,16,63.20781948535068,69.93188421146546,67.51490982829128,67.82207597517795,69.87738695646107,64.18658787809599,50.71896765921727,78.36003823720489,44.05631726516065
1975,8,16,67.96984067359841,81.39186179542803,75.25232360291253,66.99779960748948,64.78508310563713,66.9473013352184,46.432133863180944,84.77759496897242,48.95146362795628
1975,9,16,74.72323754428683,66.66052000567306,81.79646926054987,82.2698080106175,74.38442817972054,78.0296716998288,61.90410606545975,69.92809734161983,49.12022859340669
1975,10,16,83.16825880930064,,,79.9783718653937,77.90086195530417,88.31741394553775,49.78582219355044,76.5192776953531,40.32321140150084
1975,11,16,36.73310161699035,96.51631160649988,,91.06286214025909,91.85203836824336,92.3101362257502,51.770820539243616,77.37091361824923,36.70686857557909
1975,12,16,57.17075277325053,,,97.47339004386116,77.78232171362613,88.0964845813898,99.67562920380806,74.80290795541507,55.709994879100805
1976,1,16,83.10748977873362,,,83.6696025621457,88.85282705974028,87.55407552862567,,71.42561181648983,97.62355149852554
1976,2,15,58.38159738044468,,,,,93.82234281117604,61.05996187150319,84.58432240399134,75.04635045310772
1976,3,16,80.58067764574352,87.52369512505632,,79.90532322512286,81.33976638420648,77.26545878567438,53.69401777739503,62.48249244510016,49.79145591706053
1976,4,16,65.67998240851765,82.666006522721,89.9363769177545,74.80290795541507,80.67726151986737,73.41868837309127,54.5622950465057,64.84964300884191,60.63001553630591
1976,5,16,59.6633750914759,65.10609493249082,77.06966274194279,66.23373490717256,74.03984821437608,61.46851744583915,48.53037109909539,68.18776946865226,56.9560209304275
1976,6,16,55.12477182894704,71.52348518179639,64.98749664478615,60.98709621532129,64.2499104175459,59.8781929743605,59.31043481414636,63.81993251413552,41.22590614089489
1976,7,16,61.89897922865375,63.132951024239645,64.76076944510606,66.43412920936925,68.99346642267834,62.23828946983013,61.50492400988788,67.46154494427667,47.87199847607751
1976,8,16,66.49067270537027,67.22786898001159,78.54967748320976,67.82181503604548,65.21300250910693,67.53039370681782,63.32277055232122,71.60306878284605,52.78077102659865
1976,9,16,72.21943690464467,72.07209073216937,78.7865902511722,75.72068760360838,65.41260603753938,73.24809854379677,60.27053083114155,83.42508896192946,47.44164602124384
1976,10,16,81.36820936643551,94.0920726358788,,84.42245101862706,77.9829512898661,66.06928613732546,40.89747212487588,79.70500302388562,48.12770393082357
1976,11,16,87.07830660107099,,,98.28976041099166,94.5093850105689,94.00447750212676,47.13180679885857,70.95104064932269,38.82133103120671
1976,12,16,,0.0,,,,,61.5529916177924,60.14334136011159,51.62214421840438
1977,1,16,,,,,,,61.61023173424616,70.71639807460281,32.51209974797377
1977,2,15,,0.0,,99.27399708754166,,,85.53596100547132,80.64508351128823,48.27634600948736
1977,3,16,98.585594125127,79.42750810241616,,77.49173591256952,83.73439742701984,86.18274820013816,64.81860142802178,72.05901577846217,56.48893597926788
1977,4,16,72.4034301903805,89.55484039961442,99.43456515303032,89.50652438992908,99.48677984245272,86.42766891277368,56.762472251193934,77.15333019812337,46.16964507706793
1977,5,16,59.5270130343818,60.63331166665498,81.52034516566447,71.33717088679046,72.07209073216937,67.8921687701337,52.50649560519613,78.34480203271002,52.36366603931197
1977,6,16,57.511627718715744,63.45771206741624,65.52211583527856,67.14314495141453,71.06900290110036,66.99779960748948,49.52044884811049,78.56245342096636,54.65644389919712
1977,7,16,62.78599232437631,71.38976799963186,65.3354197919173,72.94619372525469,75.51889009691683,68.12995655715753,58.690453322763744,80.07220225690494,42.11683122774379
1977,8,16,62.64900522407,74.63497684652059,74.92700392168044,71.20649975329357,69.35338720931485,73.26823805261046,51.20898358515785,83.39651540590305,47.99650411752028
1977,9,16,70.23425407411027,69.16649343504764,75.95115418175429,79.79677518720041,75.11422147723377,75.80840122284917,56.9560209304275,74.86862888192258,40.07723465578256
1977,10,16,73.3768824040892,71.19075587728328,,79.21922387058926,78.38869255972067,83.36185916692821,64.03638254356495,78.61386909242603,61.90410606545975
1977,11,16,95.851935477335,,,,,,,72.5818978421366,95.0777247855082
1977,12,16,73.4662032339807,,83.8206229057901,95.77326043774688,86.17453243455117,91.16096444718389,92.96425716313831,77.2506513882254,79.49357031468415
1978,1,16,53.38501982468876,,69.52058321056154,,,,,65.73588880930414,73.8120718819617
1978,2,15,88.07498193568419,,,85.59769280405266,92.09890810393291,,,83.1425448327706,81.35555330702482
1978,3,16,52.801049803007054,,,95.6964542023084,100.0,96.25628672517416,77.64732739624525,81.99673292935839,49.67065207650496
1978,4,16,61.56214108033336,81.13953204296813,89.83582325291528,70.29876344276308,73.56107561511392,72.28253380083689,68.96146694829912,80.6261825560485,54.67901517325184
1978,5,16,49.868605303610046,72.6048167181512,76.69473161435432,58.6007567781003,60.38086711157481,62.89058711033342,41.482421701691976,91.61807697688045,46.303730806127085
1978,6,16,58.06974698500716,63.6533841235964,67.8071926296837,57.486088714253626,64.86794868437276,65.10195848795053,54.46579036056868,83.17020609857114,51.60375345937452
1978,7,16,56.32379954140159,70.09533581921394,62.39363924182027,64.96657738577306,70.77250413797746,68.28037648016618,59.36737908291676,82.27448281019782,51.088189088248384
1978,8,16,61.909359130971296,71.56515084968977,79.29480223499324,75.30724909279928,73.32415401687157,72.48040753591573,46.589361912433546,79.71890079878496,49.10526529112906
1978,9,16,67.37324394059692,76.54275002154696,81.90816423123748,87.28289717100577,79.85416680391509,78.03806008234474,47.32720778653678,76.03467136344952,40.39986139514317
1978,10,16,67.79629442252069,,,77.18796172006134,70.86794579793869,77.5972082190671,64.72156885161556,76.76109152117009,43.33287424582183
1978,11,16,81.66632867871101,97.29820021501578,,85.0141855988014,86.11803450757449,93.09693885247675,80.62689971820376,74.08959714585781,58.93562444972096
1978,12,16,73.66805740629462,0.0,98.64691223783498,97.84073744958523,81.50694765238954,97.47339004386116,88.72383298833472,68.74928208970633,90.33875238220767
1979,1,16,59.90745967333437,,,78.21617720810217,91.44999191731,,52.9549295330073,35.260145971790244,90.90741313836888
1979,2,15,0.0,,,92.09890810393291,,90.09155663612168,64.81860142802178,64.08673575510879,88.35089505160765
1979,3,16,61.61023173424616,48.25815580324994,,85.76446538142477,97.05915924530656,94.60412041865656,56.17612123761887,75.89666049087873,62.35690862457795
1979,4,16,79.08436273067325,84.72786128401967,87.88755880165087,68.58798730352599,84.98914030665678,78.43880139592845,41.5712724163853,81.84918406531665,69.42929419453522
1979,5,16,52.06962236501104,71.09417526847754,81.10102432040355,73.86115658035058,81.17548644355502,80.80254987945305,48.73462535912726,78.58239734749287,57.23294521503344
1979,6,16,52.36230017058022,65.29307506707002,67.51678364018467,67.37295703985578,76.98148677030822,69.18340266344286,57.153214918015856,78.34218113887862,44.802936183771095
1979,7,16,59.25125071260971,68.74604885471616,60.19832386456355,64.4594594751596,70.76067973834198,81.75594786858903,61.72547211145712,75.40780212543474,45.05903963312127
1979,8,16,63.28943832913971,72.06921929801305,76.1439963049415,75.4494776465794,79.63708040638093,84.29786528633677,54.60264919426178,82.81868169425377,57.66222932567752
1979,9,16,71.71545566253596,67.22410523904925,79.03517578995535,89.41141979073066,79.60066142491438,83.4144924978819,62.78180294910578,76.73541962047878,57.551564715359085
1979,10,16,70.96661257945289,,,80.01219686864044,74.70440899492203,84.92215155919774,60.63331166665498,80.26141927049153,49.5232848523678
1979,11,16,89.85982030582286,0.0,,93.56513639585792,99.1475366986318,,64.31258134803225,75.65155998228813,43.74596625372295
1979,12,16,96.60308629079114,,,,99.1651887819605,,,70.44434496350394,78.23533494593588
1980,1,16,73.3628923631858,,,,,,95.96508970215304,57.16049957252979,66.1144822824501
1980,2,15,77.58809351247366,,,,,97.92560503926268,78.97110708228695,83.06188931888799,68.0467572076096
1980,3,16,51.32580735102556,46.20118626886958,,76.33808407879556,75.86156607860546,74.50597811475744,56.6762511408818,77.26687378501208,67.78809331980725
1980,4,16,64.73449173132614,77.46905343299723,,71.58745258323485,81.10102432040355,80.29003420142331,57.62661537133383,79.7476290657611,56.90326726804995
1980,5,16,55.09621172949344,68.3707233353879,82.43245130474156,63.28758889028587,71.0794085151349,61.74331220160155,50.761366973677,74.38442817972054,49.193162242340605
1980,6,16,53.4980269329137,60.02475133902227,57.89840633535345,64.1218645014907,73.99486891974739,72.75187357720355,60.86852697065248,81.5871982467097,44.41384541360464
1980,7,16,59.26295338587504,66.71301240637294,70.39895501434097,54.62569977016294,60.68545555784534,69.62701568956231,56.01849930926901,87.42635863895487,46.201103868774986
1980,8,16,67.7534244357473,76.55439424982117,79.63015993156063,67.95736700530539,68.98293139585887,77.91968504632825,61.82506971520432,82.37223847754703,52.45355568532575
1980,9,16,70.95104064932269,79.23143732125683,86.59583874937655,81.27565935691057,83.83914770660857,86.95067001214257,56.95793138068774,80.79972279028634,48.99634901859979
1980,10,16,80.41350235585807,87.22723804640948,,100.0,94.62699438856636,97.45581641482154,67.78809331980725,70.31561930299848,50.37175442288059
1980,11,16,89.70363258091338,,,87.21303319713894,74.88318358818572,91.40801688677158,95.89255891230432,67.98280398988588,69.91102995988835
1980,12,16,83.98042415514018,,,,,,,69.16649343504764,74.85875261712066
1981,1,16,87.07830660107099,,,,,,,79.296345708772,97.92560503926268
1981,2,15,83.03819412390321,,,81.66632867871101,96.44367427650783,,,71.98286906110165,87.2867008869752
1981,3,16,65.86445084511517,,,78.17743406846525,66.81790528258173,82.80270292971424,75.75969291016081,88.27230482900477,73.15400856561412
1981,4,16,69.02865952497196,89.53060419324015,94.5093850105689,66.29662319494014,72.99591155557488,71.0794085151349,54.21190035062767,81.57716560262497,50.48995365239245
1981,5,16,58.949400731209145,61.45191721319687,75.269865455194,63.80086730428372,69.93035938388438,64.70753262912632,50.91502334975336,87.11881928327603,56.900157950261146
1981,6,16,56.64153389466534,67.03922652971116,69.93858240107119,72.84571272027652,77.61227286123014,77.12388271446262,48.37936732553362,74.05575969003299,52.7150743649595
1981,7,16,64.87215597760792,66.23580515477379,63.356395168490174,74.98506726888625,81.79602289315231,79.69485271321781,45.53165630911225,85.19975078404255,65.64331256687487
1981,8,16,70.39733498336979,75.80840122284917,68.20697688517855,79.7901716885032,76.98148677030822,77.6798179126839,67.58637454528846,84.0269464204943,58.15570333126705
1981,9,16,76.27413022569169,77.34606039409682,86.83855990656679,83.69328692672484,79.89763139320532,75.68960528156737,64.70248704702048,78.94322452511787,55.34772759508495
1981,10,16,84.22605179489408,,,100.0,97.90763875833233,94.75154600275158,76.85213909713228,72.40958975750472,54.21624987396075
1981,11,16,78.21617720810217,,,,98.51997361277648,97.05332757801678,88.89044053221623,77.54056591616812,53.488052549315896
1981,12,16,,0.0,,84.48167968481128,82.35277862515125,,,67.42872200348788,73.51074174508305
1982,1,16,0.0,0.0,,85.53596100547132,80.14894207164491,99.84424478424762,97.8926140303934,75.216328872963,88.34047081214798
1982,2,15,93.84189966392204,,,99.17172342367516,96.56399112377473,92.20258459413412,93.19612899948024,87.34799482021509,78.94113191495727
1982,3,16,71.50854601023026,43.76184756252816,98.585594125127,79.6081293465632,89.98282085005243,86.6141644980663,52.01021346221411,68.176302043944,69.31683687365344
1982,4,16,63.84727213422414,92.05794878989214,92.62562261193877,71.42561181648983,77.31493343599807,73.62444986174964,63.77523672283431,73.64039612428675,50.27410195257751
1982,5,16,58.41420396381215,66.66052000567306,71.90848795874231,73.5978449546148,80.64508351128823,72.85379622860796,56.1568755502442,80.79758767832675,43.86424136313165
1982,6,16,53.57247513524206,64.55070686773223,65.15054631831116,60.53756540937692,60.35338417038552,60.79176637492937,53.86876643410351,82.27448281019782,33.84918694614825
1982,7,16,59.65345341971967,69.15786821891294,68.47192241700338,67.24502822471095,68.88137347311596,64.78980059004789,57.12949480012551,76.4710754645037,45.12375729455103
1982,8,16,68.61327139566157,71.8087630359333,79.93162483350491,75.84970038686242,78.32278835840795,73.71791973856268,61.400285741758346,82.95515683305895,56.22447625195233
1982,9,16,70.57711509646396,78.53944846889621,84.89809990929459,81.33487971348428,80.47117889384737,79.40460274689671,55.79552461781656,79.04337198209873,50.77910227750723
1982,10,16,90.74604199923048,,,89.28431555530494,85.45861591102432,84.90368099792931,69.24168558479153,78.34480203271002,70.07922876019562
1982,11,16,39.4342376500508,0.0,39.83732033370253,,95.45619203421327,,,76.34673064757608,65.73834138373229
1982,12,16,59.75598050055379,0.0,86.65912409499136,,90.7781689224542,,,65.59738634348672,45.79057122106381
1983,1,16,31.09159237271082,,,95.71721430826749,,,,72.88598482609635,95.77326043774688
1983,2,15,23.46492218026152,0.0,,,96.28963299469714,84.85959702472415,,66.80148244963154,75.0883459743785
1983,3,16,53.45590379159604,,,86.8031359511259,87.55407552862567,86.03305401793429,100.0,77.16966939392452,50.101111837223655
1983,4,16,67.91787185931598,95.61355943525356,99.55444895323676,85.48498297848346,96.22934617617854,88.36057128607935,54.745284602767136,79.60201324768623,70.95104064932269
1983,5,16,47.296531083872914,70.50335812659507,77.34606039409682,70.41365060923765,84.31188124995627,76.9545323000554,41.18917271642541,84.12761595180174,69.92431547736628
1983,6,16,55.65691789023447,63.53354326142085,66.10864258769809,68.23351260482977,72.06921929801305,72.08624008400767,55.22662822119886,79.25663284951786,55.87498814349027
1983,7,16,61.89897922865375,69.90031627049858,66.2571229709378,69.67638994011556,74.6833252502695,70.62342748720842,60.68735774428429,75.77639281877681,63.06275913162612
1983,8,16,67.95736700530539,74.35707755545059,78.25958191798014,70.48486456173914,64.61038297771613,70.43362372618213,64.90393956805303,79.69485271321781,65.92649825952053
1983,9,16,74.47201746429351,87.01076414575357,83.09297185287427,86.78443386919379,85.38325201078386,85.08095638312291,56.729809325865226,74.92700392168044,61.88914937128315
1983,10,16,90.39505923002758,83.87651609953221,,93.08364813212644,83.32215051324872,84.58150391556624,72.02993451859376,67.63171496991166,45.49684960830733
1983,11,16,,,,88.81567858525936,87.21303319713894,77.72613410096501,,78.85297054437072,54.844078064254106
1983,12,16,91.60280609231836,,,68.24910229871901,89.11191408046831,,,71.42561181648983,62.31318583938104
1984,1,16,66.18301169188804,,,,,,,68.36689272881947,52.767683682991766
1984,2,15,64.86546681001052,,,96.79536024121326,99.36696289335518,,83.8752704631537,74.70440899492203,23.64100611918823
1984,3,16,79.77906679105516,,95.7348801492662,75.46613860150492,70.52847370082868,82.07367858894955,92.34321162050004,68.00264359583188,73.28907952216257
1984,4,16,73.5370948864894,,,75.90340395645022,86.09646642234031,75.96145781357939,39.648172854386,66.11346969595978,56.445063939268415
1984,5,16,57.96051269137175,71.61803605715207,76.53028406740117,65.97215568485868,73.62025646421009,74.73150901218044,49.31616496564329,86.25135847408691,50.62425309036304
1984,6,16,57.77354666424988,74.78367466758684,60.652011204293125,65.3899328856631,73.22510070807827,75.95427314745461,63.46212924558424,77.78505528065114,42.47553474540078
1984,7,16,69.92122416254954,66.68673371779704,60.45682269628069,77.03139555233317,83.3543754366628,78.88002314504392,64.88886400786893,70.49876266096366,56.03752352059245
1984,8,16,73.42687242995694,68.45392267724799,73.91815796063383,73.80663513792,73.87635100805319,77.21395076477853,69.9410276652458,84.73660238837515,64.42125750716512
1984,9,16,68.76728371274021,56.762472251193934,81.2215848674637,82.3703355730493,75.96145781357939,84.96404341722902,64.83487983960033,86.64999552638153,56.5276798938288
1984,10,16,85.76446538142477,,,91.94862259773215,96.14094289990236,95.51011626769473,73.15400856561412,76.92323065259696,46.80915233677608
1984,11,16,53.99786064841945,,98.33306589820258,90.89641881108976,97.92560503926268,93.86421890185156,65.62147504676884,85.51057855703368,79.7190420851278
1984,12,16,74.89736738940861,0.0,,,96.7915204095082,99.9843600748966,38.87432065317984,66.7850168871433,24.874727352131536
1985,1,16,66.07746086031437,,,71.19075587728328,79.73393832884818,78.36677522228767,92.30941455409058,52.83527448584285,81.35555330702482
1985,2,15,58.99737413225037,,,82.21013908594898,85.81025521227632,78.36677522228767,73.14546185808425,63.46805543108967,76.85213909713228
1985,3,16,63.36125976360847,,,95.71346963924162,91.723317220465,88.85195697708384,82.43667728667766,73.87652715200724,49.805503907104914
1985,4,16,50.8367167704118,,,67.80797302267355,72.67843222504234,70.87706325241854,62.442769754419885,76.34673064757608,55.41051143456604
1985,5,16,60.21752565106749,66.2228842930596,69.91102995988835,67.53831085733619,72.67781249483241,62.66903516964826,44.68809062451334,85.2477236007485,44.457139164201216
1985,6,16,54.82923928837139,54.63311785494538,63.026441335578895,65.90924117256122,73.06947737207014,68.7790054435222,47.91915934221865,79.10220679380043,41.544540824951376
1985,7,16,62.415461098540845,68.99346642267834,66.43412920936925,60.62271161569182,64.88886400786893,66.50944141999238,63.87343190472625,72.68042052081643,50.09928877478632
1985,8,16,60.67377638813264,69.25932846810261,75.55449597830189,80.0145008852222,80.33485816339258,80.14596176193763,63.12519158058494,74.41100936584736,53.11323758501359
1985,9,16,70.31561930299848,74.01998507628205,78.9504154967686,88.79056415361595,81.22764670205261,81.95021437667114,58.77994131124572,74.80328595797174,49.85514810464476
1985,10,16,88.50663435072683,,,84.55779837870314,77.88631782484049,85.38325201078386,69.17440309681479,66.72161413616587,52.31611143522033
1985,11,16,56.50674592833068,,,,90.72900961014616,98.48841430673946,89.11191408046831,64.57737875549577,44.48907720266085
1985,12,16,86.13155768203039,,,65.86227700472071,79.2096774310516,,84.68286537229092,67.05479180248267,71.60402424246324
1986,1,16,47.41629295201081,,,,,,93.19612899948024,65.73834138373229,84.10106791665757
1986,2,15,66.73127478086094,,,75.33219325855788,78.69080447074938,84.89004478132655,83.07847309868153,30.24300320338205,72.33594662593825
1986,3,16,51.34615121519075,77.74032768787718,,93.82234281117604,96.5854380510406,88.824659657203,62.70981089193626,73.74230065583625,37.98373518632661
1986,4,16,46.68965062039237,,93.29694693332232,76.98347694094284,85.73183160399115,83.58531669007272,54.76440441290548,76.10201854083283,43.50538207287679
1986,5,16,56.39992106850829,62.76675307389559,81.87361079013125,70.0355048474226,80.47123456410796,68.4559419174552,49.53462694958236,71.38976799963186,47.48169820164244
1986,6,16,52.3448892374626,65.88439341609187,60.7736466830418,63.08111969731237,67.58637454528846,68.38621993599074,52.62570820516273,85.65541468805617,45.00006476718343
1986,7,16,58.292933703257766,62.96885427481283,74.90171289976425,70.13328929850545,75.19053331668835,73.46512723972515,57.14110236730739,76.9435267088879,48.7249330393298
1986,8,16,66.49180974041933,76.99610236891125,78.2073247499789,78.03122251110337,70.08743654606303,75.81501400536641,62.72958467861618,71.34251413426603,51.354263701555446
1986,9,16,66.88976578486692,77.26687378501208,86.9792713099993,83.38549813920905,72.1215912721588,74.11377455184072,59.69828633235894,65.70897525236379,50.67797070554001
1986,10,16,76.75938325055365,93.83840590472852,,82.8374439525983,80.84441555553997,83.5560035217717,62.894470632076455,82.98130626422747,56.90326726804995
1986,11,16,65.11280748764196,,,,97.8885359243806,96.77410021354588,,77.618750797918,58.82109208416811
1986,12,16,99.67562920380806,,,64.61659018786342,85.59769280405266,91.93361726453564,88.85282705974028,72.67781249483241,71.19353071674492
1987,1,16,86.66481258651804,0.0,,,,77.45536421768416,92.50397754722516,35.80201212123162,
1987,2,15,78.07112176889865,,,76.48748282369476,87.88755880165087,94.26963695793322,90.74856300365626,78.04839934539166,89.62533355667895
1987,3,16,81.67196244847817,,,98.94243284312655,89.11191408046831,84.1228008831644,55.69494630029269,74.0432974809032,98.89545893844888
1987,4,16,67.61627670247344,79.73393832884818,80.14816726376648,69.75653028481159,79.8454635393673,66.39368212810005,49.93644997134882,79.85090692744154,56.04242815821512
1987,5,16,47.98702311923622,65.0945674931484,74.80290795541507,68.731551284038,74.70813444674876,67.88669779967115,61.99316390324997,77.8385755866523,52.18756278599958
1987,6,16,50.63017132109202,58.16508029701198,65.4069971925129,68.36548301168253,77.15775957766895,75.57241245562986,46.87524682600191,87.18676051421052,43.84881121170216
1987,7,16,56.22236486619168,69.93858240107119,66.15675312567937,61.83860313360864,65.52211583527856,67.21339740868952,62.969401774847576,77.6277014312497,54.90586974693775
1987,8,16,64.09615297091304,69.39650991485068,70.9673304596539,74.5865581204117,70.41365060923765,72.41375159994242,64.90393956805303,82.17256101387916,58.67458345097327
1987,9,16,70.72598235955155,71.4720432162159,71.24208613015634,87.79159754758668,82.75111822867692,78.60929928955461,60.96455648619156,77.45533124276756,57.73555763781279
1987,10,16,80.69424234088892,,,87.07366082574663,86.00524944865144,85.46908638875743,65.09565410176661,73.66360274327077,57.66661706392456
1987,11,16,87.81636933962761,,,74.6241820563946,80.98832046397368,84.74109943363972,42.9401722943225,69.42616315334804,63.50031445363677
1987,12,16,95.851935477335,0.0,,74.37790437272079,78.69080447074938,93.82234281117604,,66.48832009437602,71.5925539643742
1988,1,16,52.91982490034922,,,93.8183152438156,,,96.8980023922842,77.5550425262053,91.5370973371943
1988,2,15,81.39100935955246,,,,,,67.15266273452646,74.77628892214629,75.4727295356538
1988,3,16,90.56327516932171,,,95.06728209443192,100.0,98.48841430673946,78.64875460316877,83.89323595186603,73.31819332445883
1988,4,16,75.75969291016081,78.17743406846525,80.11448163333871,70.75627946108601,76.18133821823898,75.98665153642975,53.03729855595211,76.49547263085003,59.83444272480769
1988,5,16,52.00932330375724,66.7850168871433,72.67781249483241,59.84758139040031,62.69237244285934,63.88789664590726,46.08459345652938,84.57924970778606,42.06847765736362
1988,6,16,57.47352526535392,70.66765559886375,74.35707755545059,64.32249859541254,74.86862888192258,72.98245132111539,42.02177741121457,81.79602289315231,52.94892458082038
1988,7,16,63.99779830513308,72.48040753591573,64.03123699163511,68.04048729062553,77.97095028208028,79.36673431560217,54.72420238462,75.69340833071888,59.73376738532215
1988,8,16,72.87676175005669,66.94147378875937,74.0560685693052,82.48285576812289,80.19124624616181,76.43550056925534,61.86214182609217,76.38886269445774,59.83331959602191
1988,9,16,70.81295482246217,68.20765338776387,77.94841725345749,83.22322894087375,83.45812532647327,79.63708040638093,59.637625708074815,82.56792149430704,59.711624402608784
1988,10,16,90.09155663612168,,,82.20243133858656,74.99308500638219,87.24807113761094,61.49267827212676,76.46763907550611,49.21111365592665
1988,11,16,60.36727333929579,,,78.48311390654898,80.64554254226023,73.41373715115817,77.088323072361,78.46595718683263,53.93136596905673
1988,12,16,93.9998538049835,,,75.33219325855788,82.8333128627898,87.9509316070667,95.04102183624266,86.73904056100426,80.54162320992099
1989,1,16,0.0,0.0,,79.60018767504639,86.48158080692235,99.11016043015888,,74.77628892214629,58.82967590919152
1989,2,15,61.60752689081792,,,88.50494856341182,97.76110499341225,,95.89504472154296,74.64207769739545,32.76341442986301
1989,3,16,76.65776187559283,,,96.96230889111789,100.0,96.07789688802572,76.62664614327059,76.89660507043676,64.40375460737928
1989,4,16,66.85199385492096,77.08664795602095,94.16524157319736,81.75566901795801,91.37542310508132,85.51057855703368,49.51964832578552,80.47123456410796,19.350283813451643
1989,5,16,50.59777366058582,69.53084908424212,79.12297390778589,73.7449419399728,77.76122677049928,70.09533581921394,47.48169820164244,76.86512565210717,43.61435578839012
1989,6,16,59.014937961185865,64.49800242917716,62.69980767500768,69.64395559176103,74.38665760216611,67.95736700530539,55.383279141278045,73.40028252343386,42.35684585071037
1989,7,16,60.35875072592953,70.37695477773198,66.92742214180886,70.39214070120224,74.22334625105665,66.87253366614213,62.13702843952202,77.62303518147354,55.633785676685065
1989,8,16,67.9534684811904,77.58479748533846,76.98074351708371,73.91815796063383,72.27987277760016,74.90755226721161,55.68689065760119,76.16302781933933,60.10947132145323
1989,9,16,75.5564395866266,74.64207769739545,79.31645130590925,79.68613900584988,76.7441765383403,81.5871982467097,43.94885912627807,80.90693568779196,55.72453091487149
1989,10,16,79.98201477592514,75.27365810870305,,90.12947857935542,86.03305401793429,82.01852275987775,58.92795607689114,76.43015050652531,50.37175442288059
1989,11,16,40.65688826022986,,,98.64319093558376,98.64319093558376,92.3204645204628,77.92682287921292,70.99300888332476,59.164507245359054
1989,12,16,63.1888546397917,,,,92.0382126999626,99.70109734300966,99.26458194823104,63.520060579816885,95.74746446480688
1990,1,16,0.0,,,65.7556777070658,80.14816726376648,,73.2109022418775,80.39504425365494,84.65690732152434
1990,2,15,0.0,0.0,,95.31252182110744,97.7982940334278,,92.05794878989214,75.65791684364889,96.79536024121326
1990,3,16,86.40831246457404,,,74.57557704622313,81.61361817484935,83.8188825500108,77.64732739624525,66.96519676683121,56.18865111051444
1990,4,16,62.85896075905492,,,75.35521324551037,83.4863485651213,81.04932257946236,48.11273123601371,74.69833843278559,52.885605867411485
1990,5,16,52.50649560519613,60.42810318718635,70.43863977105688,61.09440600270031,63.73535972888452,66.90918419106785,49.355387914634576,66.56161303380769,54.52852354066377
1990,6,16,53.7857662431061,64.05517737964304,67.3911235603257,57.91209061930531,63.97490757775297,64.34495897064878,60.29211541609047,77.50401581193812,55.60148209524986
1990,7,16,57.4021297496865,73.3738734243476,58.665795845284144,71.85988310287739,76.82922425847549,72.5039049222383,64.44563892405635,64.02114206773601,56.84575521255143
1990,8,16,62.2765961071081,56.28867876391422,71.6320293639132,74.45684427709753,76.73541962047878,78.05426795847814,72.7218941674014,67.8807701090644,60.11424797014753
1990,9,16,67.01940367125883,59.94429431037462,78.9504154967686,75.03093917377782,69.41255849836392,74.90090604678637,61.47039968138008,65.70897525236379,54.488935084043526
1990,10,16,69.8125081090395,,,77.79317450840689,76.62385216477679,81.79646926054987,58.4580236226772,71.78003496150362,56.84986328751175
1990,11,16,71.99714753122593,,,85.41206013586977,82.99238239273413,83.97572271359084,69.89097134897335,76.34038952494355,57.92628196676463
1990,12,16,71.86228448539813,,,89.57020869288385,85.74074935879467,,93.29818564400462,69.6763460702708,61.75041507462584
1991,1,16,83.8752704631537,,,75.04635045310772,81.70799248934784,,,66.79162985510708,94.56402447675292
1991,2,15,67.55587760635244,,,,,,89.09054037677565,65.13376355495242,68.3914901801071
1991,3,16,72.94048226898475,86.58168515993721,,69.26474235397446,84.34450784874079,87.15458105338251,60.45297745785315,83.98212491213921,70.95309031399242
1991,4,16,77.12199922898796,87.88755880165087,91.5636328909738,73.28907952216257,81.03196839749677,75.00927943599447,56.63805526517602,75.73763253092514,60.21752565106749
1991,5,16,56.95177758022297,66.86094365387939,72.25666957865714,67.94251953873355,71.58745258323485,68.36489197421034,46.503904679835145,80.47717136925067,62.26088376222726
1991,6,16,52.8632014899955,79.35210675577984,59.71081142016922,73.28784687185419,79.04365987524012,76.2165429178219,57.20465642798972,75.51889009691683,58.96723311528498
1991,7,16,61.9876868748808,62.248628506190805,72.15036341082437,62.70990134024028,69.69953853179575,68.91845109994438,65.99893717999234,75.63977790523828,54.102823173132776
1991,8,16,68.82829430014831,74.66416229303546,82.5129473858908,72.51513625256756,74.6833252502695,80.95096180638257,52.085801468083794,68.77256223418051,58.04244973029102
1991,9,16,71.8087630359333,68.50651063477147,84.28001430791532,79.66457417526993,67.9377212473582,76.46661776045178,65.29307506707002,70.2740954259408,61.81661721946304
1991,10,16,80.65960034125685,,,93.18987427971084,87.88815194957394,92.9009961039826,81.07728770660314,77.30312596260039,58.49648012716818
1991,11,16,60.11746744819863,,,,,99.61100781420984,82.83439142996635,71.52882922010878,76.4192182706196
1991,12,16,71.86228448539813,0.0,,83.53493380123074,81.41851673506427,96.8330908090667,76.36461314426282,68.00264359583188,88.71718171040811
1992,1,16,44.12200779459202,,,83.06106540004839,78.91848742760986,97.05332757801678,,65.10609493249082,97.6620617195946
1992,2,15,64.84021009935931,,,91.93361726453564,91.05979318570368,,87.43520953270354,82.6275903787935,68.71914929464134
1992,3,16,,,,87.58447951128791,90.88262932730228,95.4468228615216,73.0700327228387,79.7476290657611,55.9866759364124
1992,4,16,61.82848922701737,,,70.75627946108601,76.85213909713228,79.51078718092057,53.636696515343765,75.80123680220127,65.44326047667596
1992,5,16,60.284170596408295,71.69390341539635,74.02981332046869,66.88976578486692,71.49313676572177,63.32277055232122,51.40148880208308,74.22334625105665,64.0374390080879
1992,6,16,55.65691789023447,69.39650991485068,72.21943690464467,57.77354666424988,62.588289753101904,56.53821989686929,42.40367063765157,83.94242850801525,59.24460775202639
1992,7,16,57.32249665354451,68.99346642267834,69.67638994011556,73.20840405311664,74.86862888192258,66.49067270537027,63.67127605531269,77.99015516370802,60.44113194378245
1992,8,16,62.248628506190805,64.0374390080879,74.89163456476835,78.0660775859499,76.43015050652531,75.91179446044075,68.02953014367041,73.84675939872653,62.5661161116511
1992,9,16,74.41086257325877,81.87361079013125,81.33294767065428,92.73146654709076,87.89771825255613,83.52975058591707,61.06705432072068,77.35058686635055,64.19245004892423
1992,10,16,80.46057668247893,,97.6620617195946,74.91459998273398,55.81683905346807,76.62385216477679,66.65080468620523,67.76283253347407,47.48109628854543
1992,11,16,88.01075270116846,93.37207706646927,,83.38483383678636,88.34047081214798,83.86992710152599,96.28963299469714,81.90816423123748,48.31732564056665
1992,12,16,86.44168820313006,,,94.63166049110198,85.36278418049801,,,68.48561844033149,73.29244300588893
1993,1,16,,,,96.75384898473352,95.71346963924162,,,82.6817886363477,57.77377979681828
1993,2,15,88.94295151473419,,,86.94440060191194,88.0587908097381,93.69321345960564,78.64875460316877,75.96747037265322,81.95381386713332
1993,3,16,76.98236490492418,,,79.49357031468415,86.18164244658595,86.18274820013816,77.64732739624525,65.13027434006028,54.09629616873665
1993,4,16,67.18430955602287,60.51991946629405,95.7709082013362,70.26939838235961,84.28547319193864,70.0036964164359,63.98477249875703,86.53609093161538,44.05567278755396
1993,5,16,60.65375688098944,71.09417526847754,87.65733860453423,67.41223715169602,72.56356430044366,66.95681472493119,43.2915877924973,79.31421605914728,57.25288949603052
1993,6,16,54.17273341316155,58.37549517242327,60.19081658621815,72.84571272027652,72.25970231907634,67.58637454528846,61.95417666651442,74.12849441314853,58.12484407078091
1993,7,16,61.20931634629872,73.06357911887595,70.39819315662142,68.28031729346341,74.28067327216576,71.79716460650253,72.65191344539136,73.85300208161135,58.201038243396376
1993,8,16,69.04114271058002,58.78301129669803,75.95134422834488,78.76958091354878,75.38411653186397,75.30724909279928,68.06023428487568,63.077840275599065,53.48162804562392
1993,9,16,71.57125536198059,100.0,79.51297109329887,71.08271972522739,60.38086711157481,65.339114462457,51.84519906644551,77.60579782034124,58.76884492425442
1993,10,16,80.34144393458635,,97.62355149852554,82.07738293477631,70.15152220265018,83.0245181795325,53.86421762508635,69.54843777206106,48.16381610090558
1993,11,16,97.7381097657143,67.22263548838785,,91.14549310062964,97.43138917653512,80.41350235585807,30.813262166668736,63.50031445363677,72.90994375620491
1993,12,16,59.52277636609065,0.0,,,,,59.73266937194205,71.02855063811064,66.19912956963805
1994,1,16,26.84897329080854,,,96.8118279712853,97.4251640660736,,80.90378106059917,74.086985248019,73.0629466379886
1994,2,15,55.98694943676012,,,,98.63351656059872,86.65199753891383,44.76530209662008,77.56447338012434,57.21068583574644
1994,3,16,90.4107934853291,,,83.18633861982899,86.00396287839041,84.42245101862706,87.43630206496447,68.91863990566593,63.01233198259441
1994,4,16,65.01034392996482,,88.01039491671415,77.5550425262053,86.91808539263833,74.87852428896885,47.889907602985495,81.83407332068145,31.55734688788548
1994,5,16,58.49648012716818,76.54275002154696,83.32215051324872,62.88086744923961,59.28752375684689,53.098818492212,56.107107553500285,75.40558853279074,50.16732433865019
1994,6,16,54.46579036056868,69.33259879331493,65.26323835536023,69.62529304269356,73.08351510486993,69.34880201810739,59.24460775202639,67.51678364018467,51.89716342259008
1994,7,16,59.99017764596186,61.88914937128315,68.34049883324614,62.17747556573936,65.70634547131755,60.02078593180749,62.5516673571561,70.26328904423877,55.673026570527085
1994,8,16,68.6585241301638,73.47876412087253,73.26823805261046,70.22030592849964,65.7468919634075,69.64324966830745,65.3489953462895,73.08739955899469,59.16411275292653
1994,9,16,74.3439478289973,79.84613494337725,80.65154738054646,77.15775957766895,71.84926686950658,80.03271359205762,64.70676940671989,77.64893652072257,47.915922484430446
1994,10,16,85.36278418049801,,,80.53487330508456,74.50345356822993,85.22843224869429,74.70440899492203,68.84846239238152,63.13287342011099
1994,11,16,73.30766870640923,,,87.2867008869752,89.19504399668176,80.56190061932365,80.90018900751014,81.50196588176617,90.03302629361274
1994,12,16,87.31591729809341,0.0,,93.56513639585792,95.75262502044114,,,73.79883758081365,65.66686947466832
1995,1,16,70.80400117266691,,,95.06728209443192,97.42272624396672,,95.0418896454127,77.34606039409682,86.4235017832194
1995,2,15,67.10021637052296,,,,,,,83.17305723268463,61.48555463204751
1995,3,16,81.39100935955246,,,80.67201857572356,88.79368273270511,92.64645431514852,83.7952328514962,70.49990133563536,70.15152220265018
1995,4,16,89.29442650568203,94.997357755932,86.42480190402904,77.72613410096501,83.55859228843404,75.89666049087873,65.18517101647699,82.98366845784265,63.09207938368158
1995,5,16,57.950131474777145,78.00340996775235,67.79287954691178,75.41115292886627,81.68565040166197,72.574387306005,63.92132418652071,73.73379178452885,49.05249490890241
1995,6,16,57.21940326912073,73.3738734243476,68.819240280873,68.58385790161903,76.46661776045178,81.18089461498394,51.38539355842384,76.45122207342199,50.97738050519881
1995,7,16,60.62271161569182,67.99827894140934,69.88208815509176,65.47616802382092,63.56623178049412,63.599773892093296,70.22030592849964,73.65262890359048,55.85703652461786
1995,8,16,68.54125495244205,72.82032532326454,77.84388865054265,74.55181194426493,67.4170836502752,66.92742214180886,73.47750337090717,75.88609384852042,58.35695498020375
1995,9,16,73.7449419399728,68.77414543844375,84.39017131306032,79.648227738318,73.13814847131894,77.33136065766861,53.87611192518386,82.98790739752333,54.24013764500293
1995,10,16,80.67726151986737,,,85.2258154004674,86.75896989773317,86.07063471029736,73.25533597011743,79.93283442421486,50.578089035257946
1995,11,16,92.18643686808896,,80.58067764574352,72.80563845722983,70.8771087612684,78.499719385075,87.57330987802354,74.85575150941617,42.72930795551216
1995,12,16,71.99714753122593,,71.86228448539813,86.62006698898018,88.27430690635383,92.849991465168,,63.54706333760787,53.77520013400737
1996,1,16,60.25005927258307,,,99.17172342367516,97.65352794501663,,67.80809511399681,69.75653028481159,69.02865952497196
1996,2,15,76.65776187559283,,,,,97.4172621839848,88.85282705974028,68.95879909017683,68.115253503076
1996,3,16,82.24987207936059,,,78.21305075089728,77.64732739624525,79.3892105953473,57.25356305909667,68.94619856011053,65.66190634782106
1996,4,16,60.70596868717479,95.04102183624266,94.9012352768079,62.40272797420188,75.80344661540467,69.48176036661633,47.80245874541645,62.84262744072189,54.71489206934923
1996,5,16,57.82602704066951,70.12419638805669,74.50345356822993,58.30864369400098,62.442769754419885,69.33259879331493,47.37933526740024,74.50951649227555,47.7141702413204
1996,6,16,51.65342144101428,70.18169027329137,58.29705011797479,63.18126232345133,68.36844961423316,66.93977697137714,60.21912251542859,67.06710349996257,57.89169798508644
1996,7,16,62.39784676078996,64.90393956805303,65.8671722193983,65.3042115254661,70.85723021439111,71.43938318507688,68.325576143963,69.80826651847536,56.3137125609618
1996,8,16,72.1678351192598,73.15457262767423,82.26312103704404,69.67638994011556,72.98656141416534,69.28841884695429,55.87214873796396,76.45203788096856,54.5634733531841
1996,9,16,72.76391430452627,87.80714256621746,76.50946502471436,76.18526131491288,70.82914132486114,72.72032679302524,62.34123061500032,75.92857650448224,60.98709621532129
1996,10,16,74.88318358818572,,,85.07714206246625,87.07855051786886,86.59583874937655,63.31683826397029,71.5679727503727,57.25661611265773
1996,11,16,77.58809351247366,,,,,,85.64171806529195,71.51968573351812,57.45707343561479
1996,12,16,75.89823371515563,,,,,,80.14816726376648,57.63874452920637,63.48654968893536
1997,1,16,48.908594908790526,,,71.66835530507001,73.76496102643299,93.00466007386332,,53.32064374896419,71.51371446697694
1997,2,15,,,,93.99531120097022,95.77326043774688,,87.07830660107099,75.79242792333699,59.42399453770753
1997,3,16,51.865012921878034,,,79.26241286746053,84.66960775779066,80.50404446195773,81.37907756463042,74.57487821760749,57.15156919188603
1997,4,16,67.402743096288,97.5362992439213,96.7915204095082,69.58487755169952,79.56954128853206,73.49492323230906,61.54806235218663,66.96519676683121,41.97197062150728
1997,5,16,57.97650537959929,62.969126666365824,83.53296617052231,66.55593750733082,72.18731895960826,67.41223715169602,57.35072930662958,75.9411964085473,38.92471782844559
1997,6,16,59.83565701583602,66.88264180118416,71.56515084968977,56.77386436772312,61.56362584004432,63.713302118101176,46.544266818293536,79.28322507991767,42.02177741121457
1997,7,16,68.62608920560244,67.95736700530539,73.76413474009651,61.35621455408686,67.82181503604548,68.02410596695681,62.969401774847576,81.08549472223939,45.25456797749298
1997,8,16,71.32927557216487,72.50515712680662,81.31512363690537,71.30909183174442,71.23816667125465,69.28841884695429,58.616884711622575,77.79326794623422,49.540043578486745
1997,9,16,74.34353799007539,79.23143732125683,81.50196588176617,82.85461596266097,80.57290839817645,75.60927827142831,56.55276770686967,67.6983738922965,49.99737553257464
1997,10,16,75.95274395723516,,,83.89323595186603,78.66684233740251,85.82362288022173,56.24481375478664,72.40958975750472,37.09532886113104
1997,11,16,,,,98.28976041099166,97.42272624396672,92.0336779372252,64.1416510166591,80.47123456410796,54.865506424210594
1997,12,16,93.08836338486408,,,,97.42272624396672,,75.77717264582759,71.06383520544394,49.74945470426307
1998,1,16,56.57550722526408,,,,,,77.58809351247366,65.91611396218045,76.83580034552344
1998,2,15,91.60280609231836,,,85.59769280405266,97.34770541197516,89.87391439772372,88.81567858525936,77.88631782484049,68.115253503076
1998,3,16,82.35277862515125,,,85.8753062685262,88.01039491671415,78.7157000756858,52.83527448584285,77.37091361824923,50.64498024843548
1998,4,16,63.94070380078104,87.22723804640948,78.36677522228767,77.94613578072243,86.11803450757449,74.85575150941617,48.38705010677294,84.5475333563014,58.04910721716442
1998,5,16,56.95177758022297,67.21085996129308,75.13617295426549,67.76283253347407,74.08959714585781,66.42679761097286,52.73671447724886,76.73081739869126,58.055368869671966
1998,6,16,59.51990749501791,60.57701026351616,70.35850876307303,64.46786392841996,69.54721598689235,74.13023591635826,58.572304849955,72.96560317949333,52.10257737069028
1998,7,16,58.34279243723289,72.17249879710754,69.0169978779707,67.85904755437738,75.44678258542933,75.3195905502864,61.24116241004595,71.07919296043751,56.03752352059245
1998,8,16,62.93637184246765,69.13420235876463,80.82026671542057,74.75072474449017,74.89152618800885,76.8706531427601,61.02758991552715,67.57645507315415,63.77132945894776
1998,9,16,72.6494713171093,84.59988160276242,83.3781124399396,83.0728200530639,78.72271328207097,76.33850329541292,52.4014119537976,84.95707172267294,53.50596328924656
1998,10,16,76.65313418514624,,,88.54610390602518,86.03268409847563,91.0287942336484,56.98998865232231,70.57711509646396,60.18949745687144
1998,11,16,,,70.61196852122993,,,88.33895388481876,50.56261812969384,71.90848795874231,56.39992106850829
1998,12,16,79.10944429966297,,96.27509242767005,,,99.58291183412103,95.92564734990016,79.21922387058926,51.15387284926577
1999,1,16,45.50254555756742,,,,,,80.90378106059917,75.33520194038678,77.088323072361
1999,2,15,73.4662032339807,0.0,,,,,97.32277453457358,86.60641155856068,81.36820936643551
1999,3,16,73.30766870640923,51.53084033059309,87.34385630778057,90.7781689224542,94.84843702026755,90.60538503308486,34.98635509999587,77.79317450840689,65.18517101647699
1999,4,16,69.65393992496229,89.93092067637564,,77.26687378501208,85.87167280983905,79.60201324768623,48.574163972801145,86.5831755849946,68.11930751161945
1999,5,16,56.55767891822555,69.32485852776955,86.73904056100426,60.5765500828867,66.48832009437602,61.90021370127507,47.894273930915,76.55439424982117,59.70681112802399
1999,6,16,52.75890334230467,61.61034772570969,74.85915993399658,69.4398920775209,77.17288467687848,73.69536370671088,48.06133154259081,74.92700392168044,41.47757841652948
1999,7,16,65.5669446066572,65.30165278198342,75.49394462618025,71.39246936691121,78.0660775859499,68.79741712139106,61.555700810081966,73.95514094115816,57.6379569200751
1999,8,16,68.35025329128207,67.63171496991166,82.00737237546667,74.557489829278,71.56515084968977,67.7534244357473,61.06903744370637,76.60881855183966,56.77456752736156
1999,9,16,70.23327803806934,73.90594595759626,78.47416715283047,80.06686785226142,76.71884634949777,70.05550021462389,60.27703662839424,77.45533124276756,58.29945823541048
1999,10,16,77.52934779886388,,,94.03855866428898,88.93128563527033,88.31741394553775,72.2991415814443,72.85379622860796,59.76917302567799
1999,11,16,80.50473659804979,,,78.88600966047873,80.23207882397384,81.50959608803093,80.62689971820376,77.70372383589965,68.176302043944
1999,12,16,82.21013908594898,,,,,,,71.47185825113618,70.79756908147003
2000,1,16,88.1997081672487,,,,96.20103104718676,96.22546247202742,,75.77474111153084,70.50643562826914
2000,2,15,95.851935477335,,,,,,,77.70372383589965,54.83833882198712
2000,3,16,98.79341550708106,,84.69366282952205,86.87633115327996,86.9486342097234,79.55594783392817,79.74704516859033,72.7197066056847,55.33319474803812
2000,4,16,65.62147504676884,,,83.28174817164512,91.94506545356909,82.21955608200503,63.24721707573227,76.5192776953531,72.53507162402849
2000,5,16,60.42848685911602,69.54018640651087,71.47185825113618,66.95068418583251,73.58127818178002,62.16167485463596,60.20078920638023,79.24821800293742,57.89169798508644
2000,6,16,57.47352526535392,69.6129144705225,68.45971481274704,73.47750337090717,81.38731801463945,74.557489829278,53.9991115234063,67.97923233503688,42.67410781925293
2000,7,16,66.28736601323143,74.13023591635826,71.7339291967911,71.17810299732575,78.0227539732789,80.02642758467002,49.78002477524228,81.4598839704929,47.99650411752028
2000,8,16,70.86546990333055,66.30382737011125,75.38702283682765,77.22428068784703,78.56389408972817,76.71238078953336,66.85640188440607,73.56780420315523,56.84575521255143
2000,9,16,73.3592542432825,72.07209073216937,76.55062124255258,82.45925680216877,79.72097945114596,71.88010992529378,51.28215376839797,80.32773236565258,46.23253467873826
2000,10,16,80.65960034125685,96.8118279712853,,98.44529582377083,95.55652092361288,91.89040336184578,69.14485683496042,68.55817334218125,55.713695458913776
2000,11,16,93.37930124078471,,,,,92.17205594034571,66.19400268594477,71.4280885251512,54.844078064254106
2000,12,16,76.65776187559283,,67.22263548838785,,,,95.92564734990016,68.71615320429966,80.30432503499932
2001,1,16,91.44406643675072,,,,,,78.21617720810217,67.59710893451656,64.2402692269675
2001,2,15,79.29295303237726,,,,,,97.4251640660736,75.35521324551037,49.68348144667759
2001,3,16,80.87049279593538,,,76.95267635041671,81.63482856665703,88.30338146934214,72.67843222504234,74.15976518653086,58.32795500496393
2001,4,16,64.89875910976096,,85.8730363540355,82.62257194779873,94.93116223174296,89.3344983802531,52.07853125443208,84.59101852254254,48.469507267883074
2001,5,16,59.40351997275697,65.0542804207532,82.37064107713506,66.03619633172279,71.06383520544394,62.66903516964826,57.71610705675218,68.98057526693938,54.63474120902878
2001,6,16,52.784644618547325,64.61038297771613,72.30984309270602,64.74865504577846,73.36995155374213,72.79700745637264,57.50132528330304,72.01606363418844,37.27590597213246
2001,7,16,65.51445455164365,69.01457818389073,75.36657413368388,75.48349364475912,82.2116567862005,76.47473798104382,50.43243462332173,77.1145476524121,42.91455245184055
2001,8,16,71.24085489950012,70.41365060923765,72.46872824946321,76.69439027962055,76.73081739869126,74.69835420742896,62.7663223019011,76.9737210644124,51.38626271187764
2001,9,16,70.36523247118402,65.83847432296612,83.98112625127473,88.45069673072038,86.67691661015952,86.05889841051513,60.02475133902227,85.89400899119241,47.121621884098616
2001,10,16,87.87766611575034,,,87.08756047565092,83.89323595186603,89.08045623616972,60.42848685911602,80.01746730964969,51.11980910430026
2001,11,16,83.87651609953221,,,84.53643917734857,86.52194312505041,81.24250875691403,,79.51078718092057,64.82075168458026
2001,12,16,86.66481258651804,,,,,,,66.86094365387939,79.26241286746053
2002,1,16,93.42378469320532,,,,,,,87.61089168439368,90.90741313836888
2002,2,15,58.553341326674,,,,,,,79.19036519098022,78.68758658166543
2002,3,16,54.988019045026455,,,89.62533355667895,95.039568281022,86.13088483753185,100.0,74.17608795156463,62.85648648201722
2002,4,16,46.02897439494607,,96.43354080624536,73.93220634632704,83.26856575272755,69.22169616182104,50.722095185701605,70.82914132486114,62.89270387030719
2002,5,16,55.09621172949344,67.03165096742168,69.24168558479153,60.05226111226989,65.12891992992509,61.6991061715701,49.98349080346067,79.6537907036522,42.06847765736362
2002,6,16,57.486088714253626,64.88614503099956,70.96164059440464,59.74640628925622,66.61069535351238,66.07478710838942,57.1515065480615,67.48933473011238,44.41384541360464
2002,7,16,65.72269705276442,70.48486456173914,73.54391667011474,71.44418465842766,79.3104382385797,73.65262890359048,54.52959178476753,74.20632376033038,54.16748321834432
2002,8,16,73.68034289011001,76.86512565210717,77.45533124276756,70.84307071414948,72.93431349676071,68.46493190754146,58.96713363009635,85.51479144696349,52.39814265461372
2002,9,16,72.21691598482091,75.96213981346007,75.26008525235788,77.94841725345749,74.54465132653662,70.37695477773198,55.00767814324501,76.03467136344952,52.44891315859909
2002,10,16,85.36278418049801,,,90.54360915309508,81.36956762720826,76.28034084551062,68.51948800774764,70.72415761274358,55.01606779648765
2002,11,16,,,,89.04818955881389,93.99531120097022,93.82234281117604,85.2401044109867,77.36542512203528,62.168050927546055
2002,12,16,81.89892275846282,,92.40237253773915,96.51475207484027,98.60243893333995,94.03673061371973,67.78542175387258,74.41086257325877,60.6751417556326
2003,1,16,63.1888546397917,,,80.50473659804979,,,,67.4313126086512,
2003,2,15,,,,,,96.28469395079924,97.4251640660736,73.8663107300546,76.81229678053818
2003,3,16,72.94048226898475,,,83.50185306203943,87.23846017513347,74.1094046960586,78.43956787892202,65.79301440642197,65.66190634782106
2003,4,16,72.15653806412757,,98.94243284312655,71.10076726511399,78.6572487063013,65.44326047667596,49.24642976086578,67.460248955942,53.83014740689447
2003,5,16,59.13972790827804,69.107077648843,69.64550617495645,70.90681253514188,78.18010806814127,72.32036155766149,56.03260154371424,72.77393033624975,49.17631974510407
2003,6,16,55.46021513300883,69.05998324401637,62.72958467861618,56.585086939072,60.75391344754775,59.71291471727624,57.88319460584385,75.60488822728996,54.29241711901732
2003,7,16,64.82962578855695,74.90755226721161,67.64218348698245,66.93104277788056,74.82580868844747,72.81837849850648,61.36990463162669,66.56992457208662,47.81330517233502
2003,8,16,69.79318564995015,77.48610166892303,77.84388865054265,76.66843371107072,77.25824429897212,69.7080147923408,69.93858240107119,67.74623362600052,56.64383648377798
2003,9,16,73.3592542432825,86.0859711664257,92.30974467928104,81.35980004480652,77.06361346944108,74.15727207052484,58.87042919788722,65.7693254289604,50.19237993262767
2003,10,16,85.45984379885196,,,95.4468228615216,88.33731690514162,89.9384386304736,64.55539387271115,67.3838738078804,43.6046647950086
2003,11,16,94.997357755932,,98.83445332674538,,,,65.02419949594754,80.42977886143699,66.23042733104386
2003,12,16,84.12835557750392,,,,,,,69.54018640651087,58.17517144556542
2004,1,16,81.39086267828534,,,,,,80.50473659804979,76.69473161435432,
2004,2,15,99.59330083425633,,,,,,90.67946618677972,74.36483134091414,78.23533494593588
2004,3,16,71.99714753122593,,,93.55912585737843,93.67569831150648,83.32565000709133,69.00389404698923,72.79265955653796,51.580609078832815
2004,4,16,72.87391788623388,99.76362754615636,,67.25653473157082,75.68329633492525,62.4352553616425,44.50113778974461,77.36542512203528,43.94726206437405
2004,5,16,58.16628189465397,77.28042309819521,72.2991415814443,72.02729690140016,79.01365890492754,67.71998842404875,52.36366603931197,75.13047736075195,47.79227442219132
2004,6,16,59.35533932813178,64.57917233702639,62.11914921657806,68.69394643299555,74.91549657394063,66.49180974041933,53.85267266538539,72.01566452321737,41.823759911488
2004,7,16,62.80157777606517,70.85723021439111,66.15265510144982,72.8399718761219,77.47698609880035,75.52511531170398,57.35605348578287,72.27247033192421,51.431078818904
2004,8,16,66.20368100186337,74.60920664580904,78.12787644499271,80.14596176193763,80.93720831320888,72.80503365273424,59.31043481414636,80.58817592504326,53.14373404960636
2004,9,16,72.10226563294172,78.85297054437072,84.15186592221382,85.3038096643956,84.04890231557137,82.977545908958,62.89270387030719,73.80663513792,47.17378649222799
2004,10,16,85.60340589685737,96.8980023922842,86.11803450757449,88.19390787877087,84.69328013826333,85.50915408224952,65.10609493249082,68.2748160291767,47.48109628854543
2004,11,16,92.30941455409058,,,,,96.8330908090667,90.65147484356972,77.40113525380657,75.3322963131168
2004,12,16,83.03819412390321,,94.43520756271548,,,,,65.67435206107078,70.36074528565337
2005,1,16,82.21013908594898,,,,,,,79.7190420851278,99.3885221896334
2005,2,15,85.57691869198459,,,,,,,75.99748534709238,67.91203582506124
2005,3,16,,,,79.90532322512286,84.86760806661049,76.65313418514624,100.0,82.43719647820575,75.79069789627614
2005,4,16,73.46108161842469,,89.9363769177545,71.58745258323485,81.79494424975177,67.9959756718667,52.84233899891984,84.15186592221382,40.21087891067904
2005,5,16,63.292628484795245,66.86134376577412,72.59116809173186,71.74888150603137,77.5550425262053,73.47876412087253,50.84942015046113,72.86743088563024,54.09395171961447
2005,6,16,56.68767081544455,71.722396727205,72.09675889482615,64.34495897064878,70.25406551315687,71.20649975329357,59.31043481414636,71.76900698360822,51.55178485507681
2005,7,16,63.77132945894776,77.18893064678193,66.13015439457767,66.02421058104895,74.0560685693052,71.19754127347079,57.432042583286986,76.29253769216099,49.04520280210349
2005,8,16,70.10794363276612,81.9568720205881,75.55449597830189,79.88441020241959,80.69751840345383,82.91972295812192,67.41387250279276,76.4195601193894,55.904447506728765
2005,9,16,79.53184448775109,77.15333019812337,83.69241245880266,81.70405733308546,78.95502944796098,80.01746730964969,58.52773169839112,75.84970038686242,48.54988619542743
2005,10,16,89.86919180327492,,,93.31347212459912,88.66994940409303,90.37999485557124,65.54871169407666,82.54119549795989,43.63886143050022
2005,11,16,94.9210078363777,,,,,,87.98972217405749,72.1215912721588,53.25832825143729
2005,12,16,,,,,97.62355149852554,97.41882857237933,85.52561349081078,68.58188303026324,58.07491224570492
2006,1,16,97.58890221112333,,,,,,64.00227912582373,66.08028809064332,73.5370948864894
2006,2,15,69.09971869700108,,,98.60243893333995,,93.28059166630815,86.27713406667247,74.0432974809032,80.02493945659131
2006,3,16,62.561266442614695,,,82.8333128627898,81.63482856665703,91.13239449040778,66.26317128870573,74.99308500638219,72.2991415814443
2006,4,16,73.8120718819617,,87.88755880165087,75.26874461053569,86.87038517166677,77.20195596290704,51.64224398674593,74.54465132653662,56.85092760165095
2006,5,16,49.9190161926459,70.23345182197447,77.2506513882254,65.339114462457,71.53100563729699,66.33802254804029,40.52466128973118,82.08483445339243,45.92091564874397
2006,6,16,53.4980269329137,65.52211583527856,58.84623854170141,66.17542863459752,71.82423014671838,65.73815874157413,58.45086329510076,68.43140915623152,42.67410781925293
2006,7,16,60.76341884546215,68.92465554029765,64.18064238252681,64.18772475190181,68.41746125510215,61.20931634629872,59.98615037549709,66.04457584748262,45.19339803960434
2006,8,16,67.53039370681782,81.5871982467097,81.187298651712,70.33997460621188,71.82632351987556,68.57122728556486,54.85574303584595,87.08768590529777,49.04520280210349
2006,9,16,70.58149365205391,84.2483281620936,83.53724902410043,82.18293857911283,79.1050717158733,77.6798179126839,53.098818492212,78.88002314504392,47.6871047121572
2006,10,16,81.7289470698392,,,96.2746703006751,93.72857347469308,92.96317983388954,69.32750765609973,77.9120706563742,56.46277796932692
2006,11,16,78.20158305326837,,,95.4567386191656,94.63166049110198,88.86485762821523,,74.65084880196387,68.96146694829912
2006,12,16,87.15268511212189,,,,94.34170594811468,98.39607951523008,,67.53729179744357,62.2957990500363
2007,1,16,96.69681317489224,,,,,,,76.51921265406986,76.43754784835498
2007,2,15,68.25381833635113,,,79.96754435376624,96.97138967150862,,82.09136608949733,81.84918406531665,84.98914030665678
2007,3,16,41.92058896076019,,,90.38412442640966,93.45279118754044,84.94856139613684,63.137994196314246,72.1215912721588,65.18109793670493
2007,4,16,77.64732739624525,,,72.67781249483241,81.44762722899353,68.42863876878606,56.2713140449052,73.15457262767423,58.96040181931952
2007,5,16,58.70362080291995,79.00704247473224,78.57060810252152,69.82217828880037,75.89076664135604,76.46763907550611,57.25288949603052,78.98125306202182,50.21761104369839
2007,6,16,55.64980215558164,71.78003496150362,75.60927827142831,61.779424550277625,67.37324394059692,59.5916466233971,48.520940789147694,80.07220225690494,45.694169968294695
2007,7,16,62.89456808377151,75.68960528156737,69.1059216986423,71.00791954355907,77.69587664100095,73.1784130680678,59.83911176218983,73.23368059551859,51.43187376373701
2007,8,16,67.37498614787711,80.4097243006549,78.72794979938203,82.02172226698083,82.01006324286476,80.59766386494118,54.53279077426036,79.01375221321936,50.0784034015334
2007,9,16,74.4689001861934,78.35243368805358,81.9471715578888,84.85569368959602,80.17066274740729,82.65184178018457,53.47082852428327,76.12650897544273,50.88440476518189
2007,10,16,83.88598435490711,,,93.1631946045676,87.7102347733394,91.0315544996442,67.55331767662611,72.06921929801305,33.04175459066547
2007,11,16,91.24228936146578,,,97.43138917653512,94.91738499013306,91.0966818911627,85.10617192477063,74.54669673538538,50.442401048678114
2007,12,16,92.50844520444016,,,,94.59306216774584,,,66.66052000567306,69.55687402534863
2008,1,16,84.70238452655816,,,,,,74.40347045761332,72.88598482609635,37.585812444176526
2008,2,15,83.84117792152038,,,,,97.45226434868567,,74.086985248019,63.27654146101931
2008,3,16,84.9648014072003,,,90.09155663612168,93.22287709597668,93.80272335403006,80.67726151986737,74.70813444674876,56.55767891822555
2008,4,16,71.02695397788699,97.4251640660736,,71.10076726511399,82.78442012750826,76.16022288167697,43.0107112060204,79.50983620215413,52.31611143522033
2008,5,16,58.507237960075685,69.31458895000787,77.81487493086154,65.49933414578794,70.50458411473208,61.14162629478511,45.16966076867468,75.51889009691683,47.2557989196427
2008,6,16,56.39117205244232,72.34957938457357,63.17316784623828,68.52396381781232,75.13047736075195,62.3357480370626,46.33456841270822,70.90474650252625,42.02019924549068
2008,7,16,62.581999490446215,71.85761089281704,76.31814188981157,71.05719401568929,78.03122251110337,63.83363948025514,52.39814265461372,69.89885892711713,50.42395973260784
2008,8,16,72.30984309270602,80.8844157864079,81.85773752911786,76.32660714777283,76.46763907550611,74.70245311542514,47.06254546271784,76.89536462529452,54.18860105304634
2008,9,16,74.08252747994483,77.81487493086154,84.3029860389224,79.53184448775109,75.26008525235788,71.88010992529378,53.13079867201552,71.87443655067283,49.32699407172029
2008,10,16,79.49357031468415,,,94.56444997786018,90.7885766973892,93.00780935967028,67.9135719610344,67.16209339824796,53.41691047684774
2008,11,16,99.76362754615636,,,,,95.4693210748127,83.92442196643921,76.20600223508929,54.999425671765074
2008,12,16,82.21013908594898,,,,,,84.0010744586891,61.95749653549263,68.01650597797955
2009,1,16,85.57316129135677,,,99.29222570059058,96.75384898473352,,,57.45157501226469,83.16825880930064
2009,2,15,76.50241543649327,0.0,,,,,68.24910229871901,76.08314277855241,81.95381386713332
2009,3,16,74.212851794561,,,81.61361817484935,86.94440060191194,84.02817949513471,69.26474235397446,66.69846422645274,70.49990133563536
2009,4,16,66.19481713372706,95.55311971448138,99.3947569330586,69.91140703275276,78.6572487063013,65.5689891413841,55.34912818561024,75.44104785018833,53.31203979392054
2009,5,16,54.89421777357185,72.51418423093922,74.77628892214629,66.76406241030666,74.19065772226207,65.5969519753467,43.86424136313165,72.65953928117615,54.09509881156794
2009,6,16,57.511627718715744,71.8288143578569,64.85969991730944,64.82951449690884,71.0706157310936,65.47026770234442,46.862893281637,71.346413966656,43.25174405040461
2009,7,16,60.54036282869689,68.15410498392981,65.28634934402632,68.34922060792287,73.79423804490915,71.66714393840456,53.14373404960636,68.56643445360041,41.41203749054608
2009,8,16,69.9353961706542,70.72415761274358,72.94337019949954,73.42719544193443,74.42318403803414,71.77854988518261,61.09365448817001,64.42125750716512,51.98794109439146
2009,9,16,72.9693689655291,86.71324094828292,84.72264237687438,84.271354562844,81.28607531492207,80.75324190102558,64.2499104175459,68.886192795392,57.59129177605516
2009,10,16,87.03358685472388,,,89.90496267131716,82.85211405754218,81.45801783652246,69.0629131179496,75.03093917377782,44.88568604280023
2009,11,16,76.72964918748887,,,99.4796607674672,98.72439664120428,91.8831378366378,,76.27413022569169,54.32097584706416
2009,12,16,87.21617555333206,,,,,,,66.66052000567306,77.21569714903781
2010,1,16,,,,93.83840590472852,99.51806468693826,,,54.71578572596637,87.64187142480264
2010,2,15,98.70448017465556,,,,,,76.23681558405787,73.77759299738416,100.0
2010,3,16,95.91206148436108,,,82.84328690135725,89.04818955881389,92.89479454936549,84.31157621866005,67.25653473157082,61.69151110039058
2010,4,16,84.27103021615639,94.72147699376217,94.56402447675292,79.667610048263,89.11258718632855,79.14068708807325,59.46995802843482,65.5689891413841,58.985707507734006
2010,5,16,55.58540829329306,66.2704284645595,77.81487493086154,71.56515084968977,78.47088797546951,84.14061030723228,48.81402197807008,71.40383267203717,61.043896346571024
2010,6,16,58.28896283223478,73.86061568502546,68.49093515072964,65.7693254289604,69.33224070978646,66.54873451582162,43.90597200350152,71.37939441472173,61.20563231633426
2010,7,16,62.60473456805191,69.57199656574267,68.91845109994438,74.39728289077053,83.08908164990275,78.85331935796223,51.383885922857765,63.83227838311175,55.24522323726495
2010,8,16,67.31418109555597,74.38665760216611,78.48898268260768,77.44653618448058,77.86337403719948,81.13079600534785,62.74872089032876,76.96632942292803,52.741198607616425
2010,9,16,66.85643455069653,74.52846712624309,81.33294767065428,87.08814450265974,83.95292403813431,84.85111273284558,53.33069895037207,75.60927827142831,55.72453091487149
2010,10,16,82.12518013450521,,,90.5713006673622,86.65849523233692,81.57716560262497,66.23042733104386,73.24809854379677,52.30830432920303
2010,11,16,91.24228936146578,,,,,,88.83831197189834,71.54032862885933,52.84233899891984
2010,12,16,60.36727333929579,,,93.83840590472852,94.15926070011076,,63.76078253349202,48.52656232271702,41.21645469107947
2011,1,16,89.99643441403241,,,97.69593899440513,,99.70109734300966,65.50789223083542,75.40990467512088,73.63057015997008
2011,2,15,65.11280748764196,,,95.89504472154296,,,97.8926140303934,88.08108133891552,62.2957990500363
2011,3,16,54.44797496565211,,,78.80024336960197,80.2755340548549,80.91446640418545,65.02419949594754,69.29156954210768,55.24718599578345
2011,4,16,65.62147504676884,,,75.89076664135604,82.6275903787935,69.54843777206106,53.21328048699202,70.23425407411027,47.83258767068758
2011,5,16,56.31164273574443,65.13027434006028,75.11422147723377,67.8921687701337,71.02579948587447,68.2748160291767,43.433221121142616,58.86342422778827,45.98705017795959
2011,6,16,59.08728875210521,74.24643192062459,66.93977697137714,59.94413675812648,62.46624242584479,65.76794800205103,62.23861081888416,68.7790054435222,45.105804638632186
2011,7,16,63.21850647558183,66.16861225913011,71.00355927230822,69.52902924773738,77.44653618448058,82.31926103604468,49.540043578486745,69.12432610780812,43.133003296262
2011,8,16,71.34251413426603,77.07809033763576,78.4375757711964,71.24085489950012,72.7218941674014,79.17115653989799,53.03874171195186,71.99475617628042,49.4016682204316
2011,9,16,75.2145803183146,68.00264359583188,85.14913438952432,82.6055688886859,81.96052075718396,83.01088598042179,51.089480633714594,74.13530946033315,51.21948283898365
2011,10,16,75.216328872963,,,90.66103862984824,86.49997952199202,87.8945241287481,75.1566995695334,74.09197464192185,54.98763918362376
2011,11,16,83.30079011256367,,,88.33731690514162,89.08640038918521,85.5373494475492,69.65393992496229,85.51057855703368,67.03165096742168
2011,12,16,86.36642015282362,,,,96.22546247202742,,,73.79883758081365,54.73331867376471
2012,1,16,74.48074201913646,,,,99.84424478424762,,,73.28907952216257,78.36677522228767
2012,2,15,,0.0,,,,94.63166049110198,68.73502380628307,74.77582300725726,53.27021548341524
2012,3,16,73.4662032339807,,,77.12551424821352,80.65960034125685,72.7197066056847,85.12969617896552,66.06928613732546,54.39736924072752
2012,4,16,73.0629466379886,,95.92380588578207,84.58432240399134,91.40801688677158,83.17305723268463,52.40483700560674,70.41228153211644,62.88086744923961
2012,5,16,58.22114006287924,64.03512706459718,77.5550425262053,68.76728371274021,70.35225209011632,70.48083038227023,42.39203681820022,72.84571272027652,57.25288949603052
2012,6,16,57.09525156222012,65.32846535813304,69.8164002274403,72.08624008400767,77.33958345604792,74.42318403803414,54.91482565169801,69.65102790700233,51.664644596544
2012,7,16,59.59634062591792,61.919244413685824,65.90111933587107,69.48070396964661,75.41876229185372,81.11956829775612,59.059035282574136,69.89885892711713,45.30750026014862
2012,8,16,63.181504853722224,68.77801522363896,80.08222277503366,74.55181194426493,74.35707755545059,80.77654375079574,63.167219253398365,67.02413659836371,54.770759261689975
2012,9,16,71.34908350385805,65.21674030612718,80.76826974377974,87.95654058898002,84.43506504314824,87.8175818914461,58.78301129669803,66.21456160520597,43.54384295264889
2012,10,16,89.57020869288385,,,100.0,96.6346512811333,98.92585886009157,79.05740098945313,75.2145803183146,43.6046647950086
2012,11,16,,,,,99.49548957672572,94.75178027392523,85.12969617896552,66.54513900326258,56.49381488094672
2012,12,16,95.81637931386418,,97.57534683850326,85.81316045828153,89.9155648606303,,47.49867887796601,74.086985248019,46.73488937953578
2013,1,16,94.66358532826486,,,,,,,68.50651063477147,77.088323072361
2013,2,15,96.60308629079114,,,,,,99.76362754615636,75.29388400400866,85.76446538142477
2013,3,16,81.67196244847817,,,69.80222311061354,67.16595805865352,75.8831609880864,63.85778128259317,64.08673575510879,68.176302043944
2013,4,16,44.12933512396318,,81.90853607465753,82.56788328753751,92.21884331083604,78.18267379872356,55.80814692994408,67.51213705044826,51.45261776066847
2013,5,16,54.178875200432046,60.65375688098944,84.51916171715543,58.84432456611984,64.94687906203242,69.8197809369249,39.20002856243441,76.91050347098661,45.6681733367606
2013,6,16,57.28480423528997,70.89545088522125,68.30406737670414,69.92122416254954,78.03122251110337,79.71131176440156,48.66531225400766,71.96026024423043,43.90597200350152
2013,7,16,64.64026218378423,70.5707827634432,63.83227838311175,70.46782727923909,75.13447411437456,71.93818255185384,58.92855122143882,68.74245364335113,36.92337969936327
2013,8,16,68.73132175019926,75.41980562441842,74.69835420742896,77.94273600538061,77.88472748166363,77.54093777502273,71.69257701922099,69.23135570239532,48.81469162671488
2013,9,16,74.9938876112837,75.269865455194,86.21912024340789,82.2250901201783,80.82218019111195,81.11288195594771,58.6007567781003,74.42318403803414,45.694169968294695
2013,10,16,80.91446640418545,84.0010744586891,,91.10748103262044,87.34427247270098,88.39295871704583,68.94619856011053,75.4080057635683,35.782575424844886
2013,11,16,72.50770722976128,,,97.97923611884704,94.63166049110198,93.41185379384837,,70.95104064932269,47.91224875407751
2013,12,16,72.72766416379658,,,,,98.323067541115,,67.25653473157082,62.64348471882743
2014,1,16,,,79.59427948873076,,,,97.8926140303934,72.28253380083689,86.9486342097234
2014,2,15,64.84021009935931,,,,,,86.13155768203039,71.09188610257218,36.5314733189943
2014,3,16,50.82454372270524,,,89.06864326617539,90.3541194671025,81.99673292935839,87.72174968544935,61.95170973039631,55.716721405537385
2014,4,16,63.1573955014027,88.01039491671415,98.28539195565104,71.90848795874231,79.6573155096807,67.94251953873355,44.70319453498844,73.94801010321322,49.22759993261853
2014,5,16,55.98808327475948,63.45412570325888,68.74196951186379,66.08170445190034,72.7197066056847,73.3535095799138,45.49684960830733,76.45561985696408,56.46277796932692
2014,6,16,57.02191877934503,72.32036155766149,71.44202699509066,65.30165278198342,69.25932846810261,65.73804881110333,54.01714236214171,66.73977128689403,43.91298443449931
2014,7,16,65.94237048148977,69.2308688725899,69.08239343004988,62.32626284764943,67.04584427703072,65.48009229323063,51.09627919570927,79.88441020241959,30.86484112273418
2014,8,16,73.64388555795203,77.07809033763576,79.57088218616835,79.35987666002389,81.24469691700857,76.92372855821702,59.47728225766491,80.10731222245526,41.55218570733768
2014,9,16,74.60650597366549,80.84441555553997,85.60460506414854,80.2062427864249,76.7441765383403,76.98078410994283,47.61126405346791,77.90700375669334,42.93067612682217
2014,10,16,88.0025450626769,,,86.92523300813859,81.92937826009128,82.4338473281721,59.63309038569043,72.32018352667059,55.32335971324208
2014,11,16,94.08955710601845,,,,,94.75178027392523,79.21559214494704,74.12226118866846,56.24481375478664
2014,12,16,98.71388385285869,,,,,,,63.45412570325888,56.8037549848369
2015,1,16,,,,,,,,65.00038881689375,85.42199214795457
2015,2,15,80.58067764574352,,,,,,,74.40696563713236,92.74249870046484
2015,3,16,92.18643686808896,,,84.63589772903573,88.55151635905996,87.07855051786886,71.82713260803236,64.87498464149401,68.0069744316718
2015,4,16,89.13454702039289,93.83840590472852,,77.16966939392452,89.11258718632855,80.08391745636595,51.155740040822906,68.11930751161945,49.21111365592665
2015,5,16,53.168457483434864,63.55582457522979,71.02855063811064,72.574387306005,79.89151749351241,78.49390559718296,56.1568755502442,70.84333558325162,55.68482394046843
2015,6,16,54.14353251921615,66.30382737011125,66.49180974041933,67.90615000460235,73.43118689738316,73.68034289011001,58.572304849955,61.66346759132951,39.64907372626574
2015,7,16,62.98947167904935,64.78582417661868,70.85373685133321,68.1073229538323,74.32359408180851,75.88609384852042,52.28126149361096,58.32041767767903,42.07715179887842
2015,8,16,71.346413966656,77.70209356829496,79.93162483350491,76.02351195729842,76.15395575984888,70.13328929850545,52.8632014899955,67.20392385372554,47.47421193055
2015,9,16,77.28921429202977,77.90086195530417,84.3029860389224,86.95067001214257,84.82621877582139,83.8124822152354,56.90326726804995,70.85723021439111,51.628480555428695
2015,10,16,92.20066119911591,,,88.41584961638732,82.37064107713506,78.40005712486882,70.23345182197447,72.91839109132715,53.33954827117019
2015,11,16,90.58805648766638,,,,,,99.84424478424762,82.20832604561409,67.0458706441797
2015,12,16,93.42378469320532,,,,,,,75.96145781357939,61.839839118490985
2016,1,16,95.91206148436108,,,,,,,70.71354729226937,
2016,2,15,78.34477319028089,0.0,,,,,,68.55119934385421,75.4727295356538
2016,3,16,79.2096774310516,,,92.64865697438348,96.7915204095082,91.11615291944535,90.7781689224542,67.81969192095933,86.75896989773317
2016,4,16,54.371229802475504,87.21303319713894,90.4199332824228,79.51078718092057,87.61089168439368,83.98212491213921,68.77414543844375,70.32514276088361,51.29960564118659
2016,5,16,53.31203979392054,70.12419638805669,75.13617295426549,65.88439341609187,74.65084880196387,73.34565205441629,45.65578936754589,81.32403505646565,65.3939499571575
2016,6,16,56.38993405854932,68.65916387622084,57.12949480012551,71.05919299400796,79.15288951209251,69.9353961706542,61.08661376969089,81.4598839704929,45.83331761667464
2016,7,16,61.99701974491656,70.23788922346775,61.15812163307135,76.0659465274392,84.63229727376229,76.47473798104382,63.01139804619472,69.01280527401921,49.13178790965849
2016,8,16,69.93066232565184,82.51364608614348,73.85300208161135,83.18180234455173,83.12507232833848,79.48494931668378,60.27593306132058,71.99475617628042,52.41193016274685
2016,9,16,74.26228147752913,79.00704247473224,81.9059293978332,83.12507232833848,81.9059293978332,76.65740304987048,59.894903105538056,70.7708618871422,56.2073199396401
2016,10,16,83.55859228843404,92.91748568968764,,91.6215376057329,87.07855051786886,80.42175782135807,61.848547574721394,69.58569361660693,42.39203681820022
2016,11,16,82.28864459034479,,,,99.1475366986318,96.01463624236854,56.43196265697225,69.42616315334804,45.82910750390023
2016,12,16,82.21013908594898,,,,96.05473079691,94.2249559833496,,64.82075168458026,81.95381386713332
2017,1,16,72.72766416379658,,,,,,,66.80148244963154,
2017,2,15,79.77906679105516,,,,,,93.29818564400462,74.70813444674876,72.33594662593825
2017,3,16,51.34615121519075,,,88.7739024115558,92.03218234542464,89.57507375762317,63.137994196314246,68.97529619472631,69.76627597772944
2017,4,16,65.41670111208698,97.16522384831184,94.84843702026755,70.35204251552254,79.8454635393673,75.7886116026856,51.69451131933155,66.57939284536947,51.81863664324487
2017,5,16,55.5068667826359,70.82680250602762,76.91275431992189,62.23430126637287,65.36593579003689,62.22972657213375,45.35386851867375,76.73081739869126,47.91915934221865
2017,6,16,55.65759725259413,63.61574670137914,66.71301240637294,63.17917833780534,67.16209339824796,64.8683957777915,52.11049018473631,64.71242036388655,45.56232560582975
2017,7,16,60.35875072592953,72.58718373125895,64.64938282498997,70.08251580054586,76.31178370761394,69.47256545262351,49.68251695945487,68.56355818990136,46.14854878166437
2017,8,16,63.77132945894776,72.58718373125895,74.45684427709753,81.14654321955783,81.16918827355403,78.95931825719022,59.08292451187179,68.56355818990136,47.16273426980551
2017,9,16,71.46468922854626,89.82690181129941,88.92068163335149,81.70405733308546,77.99917364247929,79.30643478430878,58.12033814355892,80.615922077106,46.41686202846237
2017,10,16,87.87345430345383,96.44367427650783,,93.61678194676304,88.85690485276389,83.95292403813431,69.76627597772944,76.46661776045178,45.97188853370851
2017,11,16,,,,,,,88.78369247235874,70.95104064932269,60.38472466749326
2017,12,16,80.80949139292385,,,,,,99.27399708754166,74.52846712624309,54.371229802475504
2018,1,16,93.84189966392204,,,,,,77.42552086617803,69.29156954210768,78.34048403141016
2018,2,15,78.8684753001016,,,,,,97.8926140303934,62.923153584861325,82.80580241112932
2018,3,16,87.99319935911494,,,79.65675398676265,79.80909016778018,94.63166049110198,58.23199654681007,75.269865455194,65.44395543266634
2018,4,16,68.0156566938183,,,75.90340395645022,86.09646642234031,77.81493700618331,49.04352305964782,72.46391293360583,46.13251065510023
2018,5,16,60.881614832666266,63.24721707573227,77.07622625655948,59.48566204436047,66.43414954262164,60.61985979682492,39.44765419694748,75.41876229185372,49.47555408130126
2018,6,16,59.08728875210521,65.99173861518442,67.75909793955232,66.59646569228653,71.7230076308136,61.72547211145712,46.45881286279348,71.29627184816056,44.60796169324868
2018,7,16,60.23261316165869,65.22160411574906,65.5669446066572,64.13093071315124,73.42719544193443,69.5491200270538,55.28973584932984,63.20824005779173,45.603198756536266
2018,8,16,74.80328595797174,76.38923808562215,81.09161257901712,78.97688106715279,80.2076442704941,77.54093777502273,56.02683983656886,64.04279983271154,43.883444473239
2018,9,16,69.82217828880037,79.00704247473224,81.36975714465326,85.59827681269914,83.53724902410043,83.34113065784051,63.28758889028587,61.779424550277625,44.69771899037117
2018,10,16,78.04839934539166,,,91.86865404038632,89.57507375762317,90.29439090255974,64.28051335571863,64.77104967611577,46.1754261954717
2018,11,16,93.37930124078471,,,,98.0614296737458,98.39607951523008,71.56695382387083,68.02353859347733,63.55582457522979
2018,12,16,91.29393996064708,,,,93.55912585737843,,81.45231796175607,76.28034084551062,86.11803450757449
2019,1,16,,,,,,,,69.16649343504764,
2019,2,15,80.58067764574352,93.37207706646927,,,,,,69.89240570978313,86.17453243455117
2019,3,16,,,,89.62533355667895,95.89255891230432,91.25923942306778,86.04032021441179,69.98510409344935,73.25533597011743
2019,4,16,79.0403641835563,98.3995196307068,,71.67062436420815,79.55594783392817,61.13519147969481,46.090464139378334,70.07922876019562,70.31561930299848
2019,5,16,56.663313059888914,73.49492323230906,81.00685423892365,69.33259879331493,77.54056591616812,77.40715849289596,39.92545346372077,78.79705994604687,47.32720778653678
2019,6,16,56.00178839307197,68.40851135101454,70.87009905432882,67.06710349996257,74.17659066558635,69.38157151864723,52.94892458082038,66.75597048064085,45.34344747337792
2019,7,16,57.5773225337028,68.99256626138082,67.76168980686603,66.07478710838942,68.45971481274704,64.60796829433012,55.26848553108806,59.15193803610444,41.573051308172566
2019,8,16,68.54125495244205,75.9411964085473,75.79434028340191,78.49041515407511,78.31588602643228,71.52425408640092,61.51629170023562,68.34922060792287,48.31248549964214
2019,9,16,72.56414598590852,81.52034516566447,89.11925782509643,90.45453616880258,87.07366082574663,81.72670032601896,50.4338121962308,66.425971624128,46.12239188565606
2019,10,16,83.1425448327706,,,96.64783487166596,90.38412442640966,89.73317857011902,65.54871169407666,70.39136675249321,55.63875021764884
2019,11,16,88.25867024792636,,,,,,71.02695397788699,73.09555316426932,60.83949294871186
2019,12,16,74.02836013099167,,,,,,,66.5384457861477,72.92141983806368
2020,1,16,93.27477711813246,,,,,,,75.3322963131168,
2020,2,15,74.89736738940861,,,,,,,74.17608795156463,95.11489544095262
2020,3,16,80.87049279593538,,,88.7739024115558,92.849991465168,88.62844739337017,74.94055864920517,65.95508273538846,71.42561181648983
2020,4,16,68.40947174124777,99.3370396699224,82.07367858894955,78.88600966047873,83.50185306203943,67.50835149239502,64.30805782827044,64.19281420872971,67.51213705044826
2020,5,16,55.90764048840642,69.12477180744779,81.80494429083294,65.03743774435618,64.67836832867565,66.01091686891479,54.540245094768935,65.3329009942821,55.68482394046843
2020,6,16,58.69468643848512,64.26788653071407,74.12849441314853,60.04551769241238,65.70897525236379,58.82707952101944,46.9590463214841,70.87009905432882,40.43467413619542
2020,7,16,59.76175183029108,74.47050188065707,73.70029642048857,73.22093940382207,76.77986307297041,73.23368059551859,56.64383648377798,59.091468811286425,44.538421256421664
2020,8,16,70.30433337169785,61.82538549612909,71.20061812028217,78.72794979938203,77.9120706563742,69.93776314267241,66.63471128986778,69.91831356374479,50.43321230506571
2020,9,16,77.25660584187628,79.46631748168679,90.76501069475782,86.18907617606206,84.12761595180174,84.48296818161057,59.35212275205305,68.08583626864272,42.93529431145837
2020,10,16,83.52464629176991,,,99.2544469501256,96.77410021354588,95.4283404826408,67.21085996129308,76.71884634949777,39.361356641035485
2020,11,16,98.71388385285869,,,,98.300699010044,95.68835793910108,74.42345982983964,77.91205545734726,42.57185418839545
2020,12,16,83.87044354266814,,,,,,93.22419500969306,75.89666049087873,68.0467572076096
2021,1,16,96.2290333287963,,,93.29818564400462,,,69.08193785453403,71.92397013705373,66.19481713372706
2021,2,15,61.53147486536523,,,87.88755880165087,94.68140871049758,,67.30702538068418,68.10029274286562,77.93506285790347
2021,3,16,77.42552086617803,,,82.43290938215894,87.57330987802354,84.46340371021064,55.70225668447558,65.21674030612718,69.91102995988835
2021,4,16,59.605516204618574,95.92564734990016,95.06728209443192,77.26687378501208,81.44762722899353,71.98835097593299,41.2495692538238,61.09351337739184,44.36342600217505
2021,5,16,59.23249253475238,65.87847618475918,81.0802717319419,70.24043276390468,74.54669673538538,72.148260991783,53.61345832890027,77.4527035985389,49.591105068110735
2021,6,16,56.00178839307197,56.39289998751626,73.40028252343386,63.4539284129335,72.7218941674014,73.64091937978093,46.80401018045059,71.55674241620221,37.84997586508752
2021,7,16,60.81177290359772,67.95736700530539,70.26328904423877,63.99779830513308,71.68469789403375,68.78164886627434,51.68883832495829,78.25890942108776,44.37994971472441
2021,8,16,72.87676175005669,71.6798439346182,81.31091752746278,77.74000219116985,77.70209356829496,75.95134422834488,62.32746148124252,79.25245801964866,39.92737568500636
2021,9,16,75.66691832075021,72.86918325513649,86.53609093161538,76.26881792682396,70.21372850516413,67.12790230837052,46.498758327681,76.4195601193894,37.77724798915094
2021,10,16,87.87345430345383,90.45030219015086,,92.08033207348124,91.55103417329624,87.89771825255613,61.72369472723692,75.03093917377782,32.74966707289397
2021,11,16,,,,99.48677984245272,,95.4693210748127,70.8771087612684,72.59116809173186,47.80245874541645
2021,12,16,77.42552086617803,,,99.51806468693826,97.47339004386116,94.91738499013306,,75.89666049087873,66.77718166951604
2022,1,16,81.31377652045973,,,,,,,69.64550617495645,
2022,2,15,95.62801929561658,,,,,,,75.26874461053569,74.85875261712066
2022,3,16,95.96508970215304,,,77.26545878567438,81.7166489867714,72.86124595920172,66.33789267410116,63.346280669634005,59.88460120753293
2022,4,16,58.5266661230388,97.72179258558155,,78.49621085985382,85.74074935879467,68.92601509244207,46.36012427100725,74.54465132653662,51.31738676866699
2022,5,16,57.631614358137455,74.36483134091414,75.65791684364889,64.10029257221728,67.84829580895378,64.33920882881625,48.24583458039294,66.66316737676621,54.15624720398847
2022,6,16,55.26848553108806,64.44902855716144,71.68469789403375,65.73482258611273,73.31424044303455,71.32536625216034,45.105804638632186,62.66887024713223,48.38434970152534
2022,7,16,63.83363948025514,61.06903744370637,73.91789108601822,76.75821492227765,82.7222042529473,73.36608486535243,48.015856550802006,56.31916401147278,41.10710873828621
2022,8,16,73.69536370671088,79.75738224587391,80.37712338117223,79.01727118116672,81.65929430933194,78.68033352798862,49.35905096535123,62.20346751153122,49.8680045290277
2022,9,16,74.78367466758684,75.1566995695334,84.17786164641274,84.57699645872427,76.7441765383403,66.10864258769809,44.67870380176959,75.94612972676887,42.54284790151576
2022,10,16,87.97906218579091,98.2208887765854,,91.9138481138953,89.28533141196803,89.70742209242259,64.72156885161556,72.41375159994242,47.37933526740024
2022,11,16,92.50397754722516,,,,,92.41945193334384,85.10617192477063,74.65084880196387,70.40393446125567
2022,12,16,87.5285787227817,,,,,,75.3651129717766,65.0542804207532,55.81683905346807
2023,1,16,88.67210687139846,,,,,,,70.99300888332476,66.69231950369448
2023,2,15,96.60308629079114,,,,,99.4796607674672,,74.086985248019,86.43992305700074
2023,3,16,83.0558818568305,95.62801929561658,,83.58472790995475,85.12969617896552,100.0,73.29244300588893,71.00403049774232,59.78358642806296
2023,4,16,65.7556777070658,,99.26458194823104,65.38829765569385,71.55972734153255,67.99577897238619,35.45148617390484,80.7513497233978,45.98353079648421
2023,5,16,58.088173622148936,62.442769754419885,67.53729179744357,69.87899474882313,73.93904333695842,64.78508310563713,35.00453467357086,73.87038049683026,36.034609649006526
2023,6,16,58.30140940004535,67.5706276073867,66.23208987799612,59.98615037549709,65.88439341609187,59.35533932813178,40.60764938941212,66.07478710838942,38.32405914283575
2023,7,16,58.495133935841615,69.00008126756434,68.19875353689913,68.84019943949085,71.68469789403375,69.46535320994826,51.3172395821659,64.24926111263034,44.83001881647397
2023,8,16,64.28984220467126,74.22334625105665,75.14893316217947,79.90716754828593,80.10731222245526,83.4506785150276,63.2200345618874,73.05380259223867,56.40469661818878
2023,9,16,76.76109152117009,72.67781249483241,82.95150212771607,91.36853369750432,91.8301342668231,87.02171006279029,68.77801522363896,74.05174920988844,43.75626605233798
2023,10,16,84.08188654811521,,,92.0336779372252,82.49532844131426,80.42977886143699,64.03512706459718,68.98057526693938,55.40201951498205
2023,11,16,88.27430690635383,,,94.21906153288568,97.62355149852554,,95.92380588578207,78.00965061343425,59.78358642806296
2023,12,16,82.24987207936059,,,,93.99531120097022,,,74.17608795156463,63.46805543108967
2024,1,16,83.84117792152038,,,,,,,62.85648648201722,
2024,2,15,85.57691869198459,,,,,,96.8118279712853,82.18455966838377,73.96938428018
2024,3,16,,,,85.75994232006116,91.81532044670551,90.7885766973892,83.7952328514962,75.41782420369759,61.97069278409512
2024,4,16,71.82713260803236,90.67946618677972,96.55269201897472,77.3872467670748,88.71718171040811,79.31645130590925,55.09621172949344,81.21917434077704,59.6230273503172
2024,5,16,58.38109174258813,63.45412570325888,81.1302174742627,60.47012165492377,67.5374924959327,62.32746148124252,49.75108126250401,86.61730391761223,54.61148735505493
2024,6,16,54.545916614008426,65.99173861518442,61.9095118175746,66.37341682556406,74.80038735338213,73.71964779910647,57.14110236730739,69.18860195014116,44.60796169324868
2024,7,16,60.54036282869689,73.14099071446127,68.34084954880505,68.22768090520682,75.66134971641529,78.73709250875737,60.02078593180749,70.01054456989371,45.41912115721413
2024,8,16,66.33259061450912,76.80211699973017,80.06844698734551,73.38538774531114,74.84389908599994,78.68033352798862,65.85895800525228,70.73840012565066,53.60323974440119
2024,9,16,78.34480203271002,80.84441555553997,90.41084127183696,88.9193000707922,86.85708383161777,88.31852964616205,50.79017420994192,79.94015127124074,40.42480113940832
2024,10,16,77.55860012807206,,,91.25005606705096,87.8135353789583,88.52454747330046,63.45412570325888,76.86512565210717,62.86591787799431
2024,11,16,89.70068061995421,,,98.48841430673946,96.58182348209296,98.5152640758904,81.73124701414646,73.41031793036161,57.21574858681449
2024,12,16,95.0418896454127,,,,,,,77.23909357664813,53.302987183139
