Year,Month,Day,CAN,YAK,TAY,LAN,TOR,NOR,ALT,LOT,PAK
1901,1,16,0.03535098663873562,0.00554405920644116,0.011735610656159148,0.2692515056329172,0.3019112099883466,0.266878181327944,0.07947773415510528,0.36238702830547903,0.2232505536354637
1901,2,15,0.03319498809041182,0.01314543492326594,0.03882769883670972,0.11042003484639329,0.12374783985926269,0.22526659393251364,0.11690989242945843,0.27164410712512976,0.24200446630808997
1901,3,16,0.08105001906543824,0.0435037635091238,0.08184682593071502,0.23559888620060485,0.20770668012725152,0.36238702830547903,0.23141505169093857,0.4411593198979518,0.5006363090356607
1901,4,16,0.14516244953361535,0.16077483068357945,0.1578265859330223,0.45635468386526484,0.35927346399978555,0.638365643813706,0.4300672621977019,0.6811031665525672,0.6762327147260709
1901,5,16,0.5220306584688729,0.412144549787289,0.47202597402366464,0.7263536787716525,0.5308192794794219,0.9612700806986987,0.7852571322370795,0.9095400917805436,0.8663092947491254
1901,6,16,1.2441350945812064,0.9222365804638852,0.8907847350400708,1.3564904741882404,0.9813281660307673,1.3122621379669488,1.1951040714433108,1.203155701616725,1.08726260559247
1901,7,16,1.5875668954572382,1.1021229353130118,1.3475413810716863,1.7715307956582118,1.3122621379669488,1.8058690527730668,1.4020257484057594,1.3386441251867165,1.4584395527766725
1901,8,16,1.2112550905647514,0.9158689278522835,1.260868080178582,1.30357054455601,1.0580712027538408,1.4394171188077765,1.1870999587710893,1.2441350945812064,1.4873881463835035
1901,9,16,0.8365516447503637,0.5133748670827035,0.6291973956327173,0.9612700806986987,0.7908157503157398,1.08726260559247,0.802037423816417,1.1021229353130118,1.1323816013982793
1901,10,16,0.3531194689923795,0.10326704207014978,0.1879485152438897,0.705924130446149,0.6337668394955529,0.8663092947491254,0.28390124109261955,0.7964091130121354,0.705924130446149
1901,11,16,0.09022002839745802,0.01590625848244087,0.05961232640312615,0.24856893679653677,0.25079299123520793,0.3848811708177017,0.22934869813438946,0.48818655886552986,0.5133748670827035
1901,12,16,0.07346462384548472,0.010833366843655838,0.019194167470861508,0.11470874258353453,0.14516244953361535,0.264523994068994,0.06720116641398385,0.46413001250679403,0.30456758727801414
1902,1,16,0.05020417998115182,0.0028463936051842634,0.019194167470861508,0.12492251139475548,0.14516244953361535,0.3237683647632718,0.13469443500118447,0.46413001250679403,0.25079299123520793
1902,2,15,0.05784246124682873,0.00943437197563172,0.024910985533895952,0.14247779281928313,0.16077483068357945,0.2692515056329172,0.14247779281928313,0.40516834096614107,0.2598724746280262
1902,3,16,0.03724537207321598,0.022850954785927996,0.07061747806888345,0.1652918735406934,0.14927643079181244,0.3410992862932853,0.20770668012725152,0.5176862740855324,0.4192302166946394
1902,4,16,0.1563711104839952,0.101302872602053,0.15929444611831717,0.36238702830547903,0.28390124109261955,0.5264082465960891,0.33523039298113116,0.747304490150718,0.6476519846728149
1902,5,16,0.5533840320292823,0.3237683647632718,0.4337360260741305,0.6337668394955529,0.4602273727626923,0.747304490150718,0.705924130446149,0.6811031665525672,0.954664952341534
1902,6,16,1.235842237785739,0.9480999395298644,0.7908157503157398,0.9612700806986987,0.6909372986442485,1.1323816013982793,1.0798989561288492,1.0508822889252258,1.260868080178582
1902,7,16,1.6082994539440802,1.1096199222589602,1.4584395527766725,1.1951040714433108,0.8907847350400708,1.1633703279400431,1.269308536302198,1.3386441251867165,1.411292515987717
1902,8,16,1.2524769315562716,0.813399624195797,1.260868080178582,1.1477837828654396,0.9222365804638852,1.1021229353130118,1.1870999587710893,1.2194025622739744,1.448900822966736
1902,9,16,0.768787974036368,0.4602273727626923,0.7315420709985173,0.7742434315983414,0.6337668394955529,0.8663092947491254,0.8723717863172363,1.0508822889252258,1.1323816013982793
1902,10,16,0.3686882070879855,0.10326704207014978,0.16992486857940237,0.4086428666372111,0.35927346399978555,0.6011562116818694,0.398300035857636,0.7526249729127923,0.7633665387912244
1902,11,16,0.06720116641398385,0.01314543492326594,0.02438051421516266,0.29666185325935435,0.29406857013228244,0.4411593198979518,0.14381438104526503,0.5308192794794219,0.4525117352023692
1902,12,16,0.03842642107501674,0.005346963508337208,0.021410334746245346,0.22526659393251364,0.264523994068994,0.2740561026347913,0.08105001906543824,0.4192302166946394,0.28141011963293605
1903,1,16,0.03389981383776069,0.007380775850807989,0.017968150245299776,0.17954950429582245,0.20397868617401527,0.24417479494164704,0.08848501037985207,0.4086428666372111,0.19492499431332358
1903,2,15,0.05228593080594312,0.01438422915658281,0.04579600866150087,0.24417479494164704,0.264523994068994,0.4602273727626923,0.18967087148547238,0.49645459549471266,0.23141505169093857
1903,3,16,0.06720116641398385,0.034257370297132626,0.06204961469772544,0.3500787030489772,0.3072453012627378,0.5580005381692135,0.1652918735406934,0.5720614319145675,0.29666185325935435
1903,4,16,0.14115259635140953,0.08678066179569702,0.1683674887956463,0.40516834096614107,0.3237683647632718,0.5442552796955045,0.3294538560923283,0.5176862740855324,0.5720614319145675
1903,5,16,0.4923047474399588,0.45635468386526484,0.46413001250679403,0.7211978644987613,0.5308192794794219,0.8723717863172363,0.6860046378358027,0.8784717243721161,0.8249038738819208
1903,6,16,1.3210048053457164,0.9158689278522835,0.8483445262729107,1.08726260559247,0.7797330895636643,1.1477837828654396,0.954664952341534,1.0437364510769724,1.1870999587710893
1903,7,16,1.5670694607367222,1.1951040714433108,1.5875668954572382,1.269308536302198,0.9350893071965957,1.3297987155612054,1.2194025622739744,1.227598114873609,1.3654919319474887
1903,8,16,1.3297987155612054,0.8969982073636494,1.1477837828654396,1.2194025622739744,0.9813281660307673,1.1951040714433108,1.0437364510769724,1.2524769315562716,1.4020257484057594
1903,9,16,0.7633665387912244,0.47601972367215367,0.7526249729127923,0.8663092947491254,0.705924130446149,1.015579971648209,0.768787974036368,1.0798989561288492,1.1712333258104757
1903,10,16,0.24856893679653677,0.11042003484639329,0.23559888620060485,0.33815321250765645,0.30456758727801414,0.5768196564448042,0.33233065363581776,0.8663092947491254,0.7797330895636643
1903,11,16,0.07947773415510528,0.027141064616775668,0.05228593080594312,0.28141011963293605,0.2864124745918821,0.4192302166946394,0.1578265859330223,0.5864444532726852,0.4337360260741305
1903,12,16,0.0974769843398749,0.0028826102239877505,0.01961969446873475,0.24856893679653677,0.28894404236700316,0.3783276484162285,0.09842081996894843,0.412144549787289,0.27164410712512976
1904,1,16,0.0360978295456551,0.005219194581899732,0.02117854189785921,0.27164410712512976,0.3072453012627378,0.3750892448741023,0.09654146114175859,0.3949058702736455,0.17307927276720572
1904,2,15,0.024119202932341027,0.006401681577479244,0.01816733226475303,0.10326704207014978,0.12028431899640095,0.22934869813438946,0.1506713176328853,0.43743330854245943,0.27164410712512976
1904,3,16,0.048693210779346005,0.03216303584623426,0.08026034110747679,0.23985177015699385,0.21535034509403772,0.3500787030489772,0.14115259635140953,0.5006363090356607,0.44491426069810724
1904,4,16,0.2232505536354637,0.12730256715185614,0.2021377423750035,0.5006363090356607,0.3915381409802734,0.6201459428547512,0.3294538560923283,0.7367632234953649,0.6713931178777732
1904,5,16,0.5533840320292823,0.3126653574281668,0.5006363090356607,0.6860046378358027,0.4923047474399588,0.802037423816417,0.8723717863172363,0.9415747742506521,0.8907847350400708
1904,6,16,1.227598114873609,0.7315420709985173,1.072579322816437,1.117161912473846,0.802037423816417,1.1477837828654396,1.2441350945812064,1.1870999587710893,1.260868080178582
1904,7,16,1.546805176326376,0.9480999395298644,1.5875668954572382,1.3210048053457164,0.9679155149713755,1.3654919319474887,1.2777988017467927,1.5367598185892122,1.4584395527766725
1904,8,16,1.1712333258104757,0.8602840519698725,1.448900822966736,1.1712333258104757,0.9350893071965957,1.227598114873609,1.1870999587710893,1.3475413810716863,1.448900822966736
1904,9,16,0.6523398503817459,0.43743330854245943,0.6618057867720727,0.9158689278522835,0.7526249729127923,0.9746014660652549,0.7526249729127923,0.9415747742506521,1.0653034799455627
1904,10,16,0.33233065363581776,0.0974769843398749,0.2740561026347913,0.5913115166039266,0.5264082465960891,0.6959013247944554,0.412144549787289,0.802037423816417,0.6762327147260709
1904,11,16,0.09654146114175859,0.026003988631438022,0.06330230264185067,0.19850138908982956,0.20770668012725152,0.35927346399978555,0.24856893679653677,0.5264082465960891,0.47601972367215367
1904,12,16,0.09469508690933738,0.006713812972995813,0.027141064616775668,0.10730059399844574,0.13469443500118447,0.2914960163141716,0.15492793973926253,0.48004426003992595,0.30994450622404923
1905,1,16,0.04626758604580228,0.006250705371944435,0.023099573498777753,0.1506713176328853,0.17467648329282695,0.25529584412551143,0.12028431899640095,0.33815321250765645,0.19670575305594534
1905,2,15,0.0626730820641863,0.0056791724031539405,0.034257370297132626,0.18286696529524105,0.2021377423750035,0.35618433205269456,0.08593985014995745,0.4086428666372111,0.16682317486688875
1905,3,16,0.08346206010510525,0.02335067975465889,0.06653640231013853,0.266878181327944,0.23559888620060485,0.44869833273275456,0.10937110514827957,0.5442552796955045,0.28390124109261955
1905,4,16,0.219267882329746,0.10833131212353539,0.1879485152438897,0.3783276484162285,0.29927598984500153,0.5006363090356607,0.28141011963293605,0.6337668394955529,0.5864444532726852
1905,5,16,0.6429939711158054,0.35927346399978555,0.5048501119298575,0.768787974036368,0.5626521139457117,0.8846093259417787,0.7109832705211528,0.8077008647395393,0.9286433114116314
1905,6,16,1.3297987155612054,0.7964091130121354,0.8191338914296127,1.2777988017467927,0.9158689278522835,1.411292515987717,1.0086464189514435,1.1791432026548052,1.2194025622739744
1905,7,16,1.4971492289929935,0.9158689278522835,1.6719325169568817,1.4873881463835035,1.1021229353130118,1.4299878862053648,1.420613139533233,1.5267716744718602,1.4971492289929935
1905,8,16,1.269308536302198,0.8191338914296127,1.203155701616725,1.2194025622739744,0.9746014660652549,1.2194025622739744,1.1951040714433108,1.2524769315562716,1.448900822966736
1905,9,16,0.6959013247944554,0.48818655886552986,0.7579789269694355,0.8424298522376009,0.6909372986442485,0.9415747742506521,0.7797330895636643,1.08726260559247,1.1247490617016531
1905,10,16,0.28141011963293605,0.10033368685496828,0.22125103042530414,0.37187615395839163,0.33233065363581776,0.509096225242481,0.4192302166946394,0.6246571504363365,0.8249038738819208
1905,11,16,0.13596397913418537,0.014064808591255489,0.04969580095391137,0.2692515056329172,0.27164410712512976,0.43743330854245943,0.20397868617401527,0.5442552796955045,0.5133748670827035
1905,12,16,0.05668952997575408,0.005094259388067346,0.030187229878459603,0.24200446630808997,0.2864124745918821,0.43743330854245943,0.12610739771615176,0.45635468386526484,0.2764877067749383
1906,1,16,0.020274329470932283,0.003749315737279804,0.017191409854635322,0.23141505169093857,0.2598724746280262,0.32095935604307185,0.06787202182384103,0.4228145647672206,0.18967087148547238
1906,2,15,0.048693210779346005,0.006176460057671611,0.026003988631438022,0.19315900145758252,0.2114969208498173,0.34706185451156896,0.06457819003429092,0.3750892448741023,0.22125103042530414
1906,3,16,0.09198622408827888,0.02893282381748186,0.07793350375656735,0.17791151195059932,0.1563711104839952,0.37187615395839163,0.25529584412551143,0.4602273727626923,0.40172079356742907
1906,4,16,0.18286696529524105,0.17149542965682388,0.22125103042530414,0.4923047474399588,0.3848811708177017,0.6476519846728149,0.5048501119298575,0.638365643813706,0.6291973956327173
1906,5,16,0.6156636125709467,0.4300672621977019,0.48818655886552986,0.7315420709985173,0.5352639731392714,0.9222365804638852,0.6570577273625485,0.8723717863172363,0.9480999395298644
1906,6,16,1.3386441251867165,1.0508822889252258,1.117161912473846,1.1870999587710893,0.8483445262729107,1.269308536302198,1.1791432026548052,1.0798989561288492,1.260868080178582
1906,7,16,1.6082994539440802,1.117161912473846,1.5069667083820484,1.5267716744718602,1.140059840998313,1.4299878862053648,1.117161912473846,1.3210048053457164,1.5367598185892122
1906,8,16,1.203155701616725,0.9286433114116314,1.5979035635521046,1.08726260559247,0.8602840519698725,1.2524769315562716,1.3386441251867165,1.3386441251867165,1.516840764184815
1906,9,16,0.7908157503157398,0.5533840320292823,0.7742434315983414,0.8483445262729107,0.6909372986442485,0.9746014660652549,0.802037423816417,1.0017546884461395,1.1247490617016531
1906,10,16,0.3783276484162285,0.15929444611831717,0.2575748666523599,0.5442552796955045,0.48004426003992595,0.7109832705211528,0.3949058702736455,0.9158689278522835,0.7964091130121354
1906,11,16,0.09288117172492567,0.015043261510432858,0.04047171674816732,0.29406857013228244,0.3019112099883466,0.5488023533665455,0.12374783985926269,0.6429939711158054,0.49645459549471266
1906,12,16,0.03763528869984914,0.007468326419519938,0.03802896073590573,0.19492499431332358,0.23771664116048866,0.31540801113137973,0.1398386906613684,0.36552522703715173,0.35927346399978555
1907,1,16,0.04261680445039755,0.0036122258910338757,0.01757581962723304,0.147893384369598,0.1652918735406934,0.28390124109261955,0.07346462384548472,0.3783276484162285,0.2575748666523599
1907,2,15,0.02386047646350586,0.008697473554975065,0.024119202932341027,0.23349839875364556,0.25529584412551143,0.3410992862932853,0.08934865358533446,0.33523039298113116,0.22729927434521113
1907,3,16,0.05281862062018365,0.02117854189785921,0.07061747806888345,0.3500787030489772,0.29927598984500153,0.47202597402366464,0.1879485152438897,0.44491426069810724,0.35927346399978555
1907,4,16,0.18454667789870863,0.147893384369598,0.1879485152438897,0.49645459549471266,0.3848811708177017,0.5962153530103731,0.4300672621977019,0.5720614319145675,0.6860046378358027
1907,5,16,0.6246571504363365,0.4156736129825431,0.47202597402366464,0.6476519846728149,0.4602273727626923,0.7742434315983414,0.802037423816417,0.9286433114116314,0.8077008647395393
1907,6,16,1.2441350945812064,0.8542958790486401,1.0017546884461395,1.2863390427246293,0.9350893071965957,1.1870999587710893,1.0086464189514435,1.094670497867226,1.0580712027538408
1907,7,16,1.5069667083820484,1.1477837828654396,1.5670694607367222,1.3564904741882404,1.0086464189514435,1.2949295106317156,1.08726260559247,1.1555538924006465,1.4776828926964976
1907,8,16,1.227598114873609,0.8249038738819208,1.2863390427246293,1.094670497867226,0.8784717243721161,1.08726260559247,1.2863390427246293,1.30357054455601,1.4299878862053648
1907,9,16,0.7633665387912244,0.49645459549471266,0.7420172984200354,0.7964091130121354,0.6523398503817459,0.9350893071965957,0.8846093259417787,1.117161912473846,1.0580712027538408
1907,10,16,0.31540801113137973,0.17628721146054846,0.22125103042530414,0.6011562116818694,0.5397425625539715,0.8663092947491254,0.38819663243666447,0.90324992560064,0.6909372986442485
1907,11,16,0.09469508690933738,0.03319498809041182,0.04969580095391137,0.412144549787289,0.40516834096614107,0.509096225242481,0.11362248012983124,0.61121,0.46413001250679403
1907,12,16,0.08105001906543824,0.00310904173845242,0.030187229878459603,0.17149542965682388,0.2003119963821429,0.28894404236700316,0.101302872602053,0.5133748670827035,0.27164410712512976
1908,1,16,0.05668952997575408,0.0026044667377113375,0.01738263383640961,0.19140764638397387,0.219267882329746,0.3410992862932853,0.08593985014995745,0.35618433205269456,0.25079299123520793
1908,2,15,0.05020417998115182,0.0076463182110477305,0.024910985533895952,0.16992486857940237,0.1879485152438897,0.3750892448741023,0.09198622408827888,0.4156736129825431,0.23349839875364556
1908,3,16,0.051758180737095524,0.02094906144511599,0.07061747806888345,0.24636290798927374,0.21535034509403772,0.34406878079642395,0.16377343996781998,0.44491426069810724,0.36238702830547903
1908,4,16,0.17307927276720572,0.12850813660574747,0.1879485152438897,0.4680628111464642,0.36238702830547903,0.5816139153019643,0.3750892448741023,0.5533840320292823,0.6909372986442485
1908,5,16,0.5768196564448042,0.44491426069810724,0.5048501119298575,0.6860046378358027,0.4923047474399588,0.8307097103747596,0.8969982073636494,0.9949045428992775,0.8784717243721161
1908,6,16,1.2524769315562716,0.9095400917805436,1.1633703279400431,1.0508822889252258,0.7579789269694355,1.1633703279400431,1.094670497867226,1.260868080178582,1.2194025622739744
1908,7,16,1.5569083295900081,1.1712333258104757,1.6187547517232053,1.448900822966736,1.1021229353130118,1.4299878862053648,1.2524769315562716,1.269308536302198,1.639844833837808
1908,8,16,1.235842237785739,0.8307097103747596,1.3745459258895092,1.2777988017467927,1.0508822889252258,1.3297987155612054,1.2863390427246293,1.1477837828654396,1.4680334851609995
1908,9,16,0.6959013247944554,0.6201459428547512,0.7526249729127923,0.8424298522376009,0.6909372986442485,0.9415747742506521,0.8307097103747596,0.9880957668592473,1.1021229353130118
1908,10,16,0.24417479494164704,0.17791151195059932,0.23771664116048866,0.638365643813706,0.5673389964957174,0.7742434315983414,0.38819663243666447,0.8191338914296127,0.6713931178777732
1908,11,16,0.09109918868383418,0.017968150245299776,0.04395358491471006,0.2021377423750035,0.2021377423750035,0.37187615395839163,0.1652918735406934,0.509096225242481,0.47601972367215367
1908,12,16,0.07131959205445848,0.0037030919881834126,0.01590625848244087,0.24636290798927374,0.3019112099883466,0.398300035857636,0.12850813660574747,0.4337360260741305,0.29666185325935435
1909,1,16,0.018777167484551303,0.0022050563070160527,0.011870028041322447,0.27164410712512976,0.3237683647632718,0.3783276484162285,0.07793350375656735,0.3500787030489772,0.18286696529524105
1909,2,15,0.025726673137137838,0.004510104371230356,0.03216303584623426,0.17954950429582245,0.19670575305594534,0.27893898976889203,0.10526608567042556,0.31817261625851767,0.2232505536354637
1909,3,16,0.07947773415510528,0.020274329470932283,0.04674362778746634,0.19670575305594534,0.16992486857940237,0.31817261625851767,0.10426217354978394,0.42642685169205674,0.4337360260741305
1909,4,16,0.12492251139475548,0.1622677914774175,0.14652207374437068,0.34706185451156896,0.264523994068994,0.509096225242481,0.45635468386526484,0.7211978644987613,0.747304490150718
1909,5,16,0.5397425625539715,0.45635468386526484,0.38819663243666447,0.6061343432908831,0.4337360260741305,0.7109832705211528,0.7263536787716525,0.8365516447503637,0.9286433114116314
1909,6,16,1.2441350945812064,0.813399624195797,0.9746014660652549,1.1021229353130118,0.8077008647395393,1.2194025622739744,1.1712333258104757,1.0017546884461395,1.2194025622739744
1909,7,16,1.577288853411552,1.1951040714433108,1.661175819861426,1.4776828926964976,1.117161912473846,1.3297987155612054,1.4584395527766725,1.1323816013982793,1.4394171188077765
1909,8,16,1.1951040714433108,0.9949045428992775,1.2949295106317156,1.2194025622739744,0.9813281660307673,1.227598114873609,1.2863390427246293,1.235842237785739,1.5267716744718602
1909,9,16,0.7160744518909166,0.5176862740855324,0.6811031665525672,0.90324992560064,0.7367632234953649,0.9480999395298644,0.705924130446149,1.0017546884461395,1.0653034799455627
1909,10,16,0.2764877067749383,0.17954950429582245,0.21341567599936426,0.5864444532726852,0.5352639731392714,0.8249038738819208,0.31817261625851767,0.8723717863172363,0.7315420709985173
1909,11,16,0.05726332786415311,0.011084376456548863,0.05020417998115182,0.18286696529524105,0.1862404866303367,0.34406878079642395,0.219267882329746,0.4923047474399588,0.5533840320292823
1909,12,16,0.056121022884503914,0.00712378934711142,0.027432398944789025,0.20397868617401527,0.24636290798927374,0.30456758727801414,0.09469508690933738,0.509096225242481,0.32659981101694435
1910,1,16,0.04174651587383894,0.006794019327363853,0.01836855047997442,0.1879485152438897,0.219267882329746,0.2764877067749383,0.07202812832738148,0.4411593198979518,0.24200446630808997
1910,2,15,0.028626827550514346,0.00712378934711142,0.03802896073590573,0.30456758727801414,0.34706185451156896,0.44869833273275456,0.08848501037985207,0.45635468386526484,0.266878181327944
1910,3,16,0.06587768588614189,0.02335067975465889,0.04579600866150087,0.30456758727801414,0.2692515056329172,0.49645459549471266,0.14115259635140953,0.509096225242481,0.35618433205269456
1910,4,16,0.15492793973926253,0.14927643079181244,0.14516244953361535,0.4411593198979518,0.3531194689923795,0.6291973956327173,0.3750892448741023,0.6201459428547512,0.6246571504363365
1910,5,16,0.5488023533665455,0.40172079356742907,0.48818655886552986,0.7742434315983414,0.5720614319145675,0.9350893071965957,0.8249038738819208,0.8077008647395393,0.9679155149713755
1910,6,16,1.235842237785739,0.954664952341534,0.9415747742506521,1.117161912473846,0.813399624195797,1.269308536302198,1.094670497867226,1.140059840998313,1.2194025622739744
1910,7,16,1.5267716744718602,1.269308536302198,1.546805176326376,1.3386441251867165,1.0086464189514435,1.3745459258895092,1.3564904741882404,1.140059840998313,1.5569083295900081
1910,8,16,1.1247490617016531,1.1323816013982793,1.3297987155612054,1.1555538924006465,0.9350893071965957,1.2777988017467927,1.260868080178582,1.1951040714433108,1.5267716744718602
1910,9,16,0.7908157503157398,0.5816139153019643,0.7633665387912244,0.8424298522376009,0.7008968729548893,1.0086464189514435,0.7579789269694355,0.9415747742506521,1.1247490617016531
1910,10,16,0.29927598984500153,0.17467648329282695,0.2021377423750035,0.48004426003992595,0.4228145647672206,0.6909372986442485,0.3848811708177017,0.8542958790486401,0.7315420709985173
1910,11,16,0.09288117172492567,0.01738263383640961,0.03250369025569642,0.266878181327944,0.2740561026347913,0.3915381409802734,0.101302872602053,0.5176862740855324,0.4228145647672206
1910,12,16,0.047709253366456844,0.0037030919881834126,0.016629327421559377,0.1879485152438897,0.2232505536354637,0.35618433205269456,0.09937303490530026,0.5533840320292823,0.23141505169093857
1911,1,16,0.021644465884067623,0.002919253382553393,0.016084254778722294,0.2114969208498173,0.24200446630808997,0.32095935604307185,0.08346206010510525,0.34406878079642395,0.22526659393251364
1911,2,15,0.05961232640312615,0.012143141630172763,0.027141064616775668,0.15929444611831717,0.17307927276720572,0.36552522703715173,0.10833131212353539,0.4192302166946394,0.2530352713653214
1911,3,16,0.05961232640312615,0.030187229878459603,0.05020417998115182,0.2914960163141716,0.2575748666523599,0.4192302166946394,0.15207812235696033,0.5133748670827035,0.38159157329420146
1911,4,16,0.14115259635140953,0.12972415152498454,0.18967087148547238,0.4192302166946394,0.33233065363581776,0.5962153530103731,0.4602273727626923,0.6246571504363365,0.6959013247944554
1911,5,16,0.5580005381692135,0.3531194689923795,0.48818655886552986,0.802037423816417,0.6061343432908831,1.0225555012362058,0.6860046378358027,0.8969982073636494,0.9880957668592473
1911,6,16,1.227598114873609,0.8307097103747596,0.9612700806986987,1.0653034799455627,0.7797330895636643,1.1712333258104757,1.1247490617016531,1.0798989561288492,1.3210048053457164
1911,7,16,1.577288853411552,1.072579322816437,1.6292697461902834,1.3745459258895092,1.0295732885200235,1.383652717843076,1.3745459258895092,1.5367598185892122,1.4584395527766725
1911,8,16,1.1870999587710893,0.954664952341534,1.2949295106317156,1.3386441251867165,1.094670497867226,1.448900822966736,1.1247490617016531,1.516840764184815,1.4776828926964976
1911,9,16,0.7797330895636643,0.40516834096614107,0.7420172984200354,0.9222365804638852,0.7579789269694355,1.0086464189514435,0.7797330895636643,1.1951040714433108,1.1247490617016531
1911,10,16,0.3848811708177017,0.12610739771615176,0.25529584412551143,0.4300672621977019,0.38159157329420146,0.6011562116818694,0.47202597402366464,0.813399624195797,0.7263536787716525
1911,11,16,0.07641687300436327,0.026003988631438022,0.04217959430156561,0.2740561026347913,0.27164410712512976,0.412144549787289,0.23771664116048866,0.638365643813706,0.4086428666372111
1911,12,16,0.06854903949718019,0.006325774898019832,0.020721885935240394,0.29927598984500153,0.35927346399978555,0.43743330854245943,0.08346206010510525,0.5488023533665455,0.2864124745918821
1912,1,16,0.051758180737095524,0.004038085570814418,0.02386047646350586,0.10326704207014978,0.11362248012983124,0.21535034509403772,0.09654146114175859,0.44491426069810724,0.22526659393251364
1912,2,15,0.07947773415510528,0.005611237756490901,0.023099573498777753,0.09288117172492567,0.10228063152095998,0.29666185325935435,0.12492251139475548,0.5352639731392714,0.30456758727801414
1912,3,16,0.09109918868383418,0.01738263383640961,0.03572261071768334,0.2864124745918821,0.2530352713653214,0.49645459549471266,0.11580451053422416,0.6061343432908831,0.4156736129825431
1912,4,16,0.19315900145758252,0.11580451053422416,0.22729927434521113,0.3750892448741023,0.29406857013228244,0.5720614319145675,0.4228145647672206,0.6156636125709467,0.7742434315983414
1912,5,16,0.6201459428547512,0.4411593198979518,0.47601972367215367,0.705924130446149,0.5176862740855324,0.8483445262729107,0.8307097103747596,0.9222365804638852,0.9415747742506521
1912,6,16,1.1021229353130118,0.9679155149713755,0.9095400917805436,1.2194025622739744,0.8969982073636494,1.2863390427246293,1.0086464189514435,1.117161912473846,1.269308536302198
1912,7,16,1.4299878862053648,0.9880957668592473,1.448900822966736,1.448900822966736,1.1096199222589602,1.6292697461902834,1.260868080178582,1.2524769315562716,1.6082994539440802
1912,8,16,1.203155701616725,0.8365516447503637,1.2863390427246293,1.260868080178582,1.0295732885200235,1.3297987155612054,0.9612700806986987,1.036633531776849,1.4680334851609995
1912,9,16,0.7908157503157398,0.47601972367215367,0.7420172984200354,0.813399624195797,0.6713931178777732,0.8784717243721161,0.7008968729548893,0.8424298522376009,1.0017546884461395
1912,10,16,0.3531194689923795,0.09561417474235036,0.15207812235696033,0.4300672621977019,0.3750892448741023,0.6246571504363365,0.28141011963293605,0.7263536787716525,0.7852571322370795
1912,11,16,0.101302872602053,0.01438422915658281,0.04674362778746634,0.28390124109261955,0.28141011963293605,0.4228145647672206,0.132187882445143,0.47601972367215367,0.45635468386526484
1912,12,16,0.05668952997575408,0.0031881135079879293,0.023099573498777753,0.1879485152438897,0.22729927434521113,0.412144549787289,0.07419269739260904,0.509096225242481,0.3019112099883466
1913,1,16,0.02335067975465889,0.0039396138516276736,0.012997717470405078,0.12374783985926269,0.14115259635140953,0.22729927434521113,0.09842081996894843,0.4525117352023692,0.24856893679653677
1913,2,15,0.05726332786415311,0.004972098945054145,0.018984612986057695,0.19140764638397387,0.20583496036835902,0.398300035857636,0.10627887897313519,0.4156736129825431,0.23985177015699385
1913,3,16,0.06587768588614189,0.02335067975465889,0.09378410448980266,0.24636290798927374,0.219267882329746,0.47601972367215367,0.219267882329746,0.5962153530103731,0.31817261625851767
1913,4,16,0.17149542965682388,0.11362248012983124,0.1622677914774175,0.47601972367215367,0.3783276484162285,0.6476519846728149,0.29927598984500153,0.6476519846728149,0.6291973956327173
1913,5,16,0.5626521139457117,0.398300035857636,0.4602273727626923,0.7526249729127923,0.5533840320292823,0.9286433114116314,0.7526249729127923,0.8602840519698725,0.9222365804638852
1913,6,16,1.2777988017467927,0.8077008647395393,1.072579322816437,1.140059840998313,0.8249038738819208,1.235842237785739,1.140059840998313,1.08726260559247,1.203155701616725
1913,7,16,1.5069667083820484,1.1096199222589602,1.420613139533233,1.6292697461902834,1.203155701616725,1.448900822966736,1.1633703279400431,1.08726260559247,1.546805176326376
1913,8,16,1.1555538924006465,0.90324992560064,1.203155701616725,1.260868080178582,1.0295732885200235,1.260868080178582,1.072579322816437,1.1555538924006465,1.4299878862053648
1913,9,16,0.705924130446149,0.5220306584688729,0.747304490150718,0.8846093259417787,0.7315420709985173,0.9813281660307673,0.7109832705211528,1.015579971648209,1.0580712027538408
1913,10,16,0.2621887813592279,0.11254565927628278,0.25079299123520793,0.4228145647672206,0.38159157329420146,0.7160744518909166,0.4602273727626923,0.8784717243721161,0.7579789269694355
1913,11,16,0.09654146114175859,0.0112118873646689,0.04440768303656688,0.35927346399978555,0.3531194689923795,0.5768196564448042,0.219267882329746,0.6959013247944554,0.4228145647672206
1913,12,16,0.06854903949718019,0.006103032129406082,0.04047171674816732,0.1578265859330223,0.1862404866303367,0.2864124745918821,0.15349697956945987,0.47202597402366464,0.29666185325935435
1914,1,16,0.03842642107501674,0.0031881135079879293,0.027432398944789025,0.17149542965682388,0.2003119963821429,0.29666185325935435,0.17954950429582245,0.30994450622404923,0.27893898976889203
1914,2,15,0.054999703977722116,0.010958207258983348,0.03802896073590573,0.1879485152438897,0.2021377423750035,0.47601972367215367,0.17628721146054846,0.4923047474399588,0.2598724746280262
1914,3,16,0.06720116641398385,0.018984612986057695,0.05668952997575408,0.25079299123520793,0.21730104717698556,0.3949058702736455,0.1506713176328853,0.5442552796955045,0.412144549787289
1914,4,16,0.1683674887956463,0.10326704207014978,0.19492499431332358,0.48818655886552986,0.38159157329420146,0.6959013247944554,0.45635468386526484,0.7579789269694355,0.705924130446149
1914,5,16,0.5816139153019643,0.38159157329420146,0.5006363090356607,0.7109832705211528,0.5133748670827035,0.8424298522376009,0.7526249729127923,0.802037423816417,0.9158689278522835
1914,6,16,1.2777988017467927,0.90324992560064,0.954664952341534,1.203155701616725,0.8784717243721161,1.30357054455601,1.1096199222589602,1.0295732885200235,1.383652717843076
1914,7,16,1.4873881463835035,1.2524769315562716,1.383652717843076,1.639844833837808,1.2441350945812064,1.7489586676783773,1.117161912473846,1.1870999587710893,1.6292697461902834
1914,8,16,1.2863390427246293,0.8663092947491254,1.4020257484057594,1.1870999587710893,0.954664952341534,1.3564904741882404,1.2194025622739744,1.2777988017467927,1.4971492289929935
1914,9,16,0.7109832705211528,0.5397425625539715,0.747304490150718,0.8723717863172363,0.7211978644987613,1.0017546884461395,0.8307097103747596,1.0225555012362058,1.2524769315562716
1914,10,16,0.40172079356742907,0.12610739771615176,0.219267882329746,0.5006363090356607,0.44491426069810724,0.6618057867720727,0.33523039298113116,0.7633665387912244,0.7008968729548893
1914,11,16,0.10730059399844574,0.011870028041322447,0.0435037635091238,0.29927598984500153,0.3019112099883466,0.42642685169205674,0.17307927276720572,0.5488023533665455,0.4680628111464642
1914,12,16,0.08105001906543824,0.006634487179964336,0.028323810281520347,0.20959394243487864,0.24636290798927374,0.4192302166946394,0.10627887897313519,0.5488023533665455,0.264523994068994
1915,1,16,0.07131959205445848,0.0029938400462658707,0.016445770090947998,0.132187882445143,0.1506713176328853,0.22934869813438946,0.05961232640312615,0.4086428666372111,0.21730104717698556
1915,2,15,0.0435037635091238,0.005219194581899732,0.015383137786159068,0.15349697956945987,0.16682317486688875,0.34406878079642395,0.101302872602053,0.412144549787289,0.21730104717698556
1915,3,16,0.0974769843398749,0.02772662515091659,0.05901691497174316,0.17467648329282695,0.1506713176328853,0.32095935604307185,0.17791151195059932,0.45635468386526484,0.4602273727626923
1915,4,16,0.2575748666523599,0.10526608567042556,0.20583496036835902,0.4228145647672206,0.33233065363581776,0.6011562116818694,0.4228145647672206,0.6156636125709467,0.7263536787716525
1915,5,16,0.6246571504363365,0.44869833273275456,0.5533840320292823,0.6337668394955529,0.44869833273275456,0.7742434315983414,0.9415747742506521,1.0086464189514435,1.1021229353130118
1915,6,16,1.3297987155612054,0.7579789269694355,1.1791432026548052,1.0017546884461395,0.7160744518909166,1.072579322816437,1.3564904741882404,1.260868080178582,1.2863390427246293
1915,7,16,1.6936297975615104,0.9813281660307673,1.7377674748960252,1.6936297975615104,1.269308536302198,1.3564904741882404,1.4584395527766725,1.2441350945812064,1.4971492289929935
1915,8,16,1.2949295106317156,0.7742434315983414,1.383652717843076,1.1791432026548052,0.954664952341534,1.2524769315562716,1.1791432026548052,1.1633703279400431,1.5670694607367222
1915,9,16,0.7964091130121354,0.46413001250679403,0.7109832705211528,0.7797330895636643,0.638365643813706,0.8784717243721161,0.7908157503157398,0.9480999395298644,1.2777988017467927
1915,10,16,0.23985177015699385,0.09198622408827888,0.17467648329282695,0.48004426003992595,0.4228145647672206,0.5816139153019643,0.29666185325935435,0.6811031665525672,0.8307097103747596
1915,11,16,0.10033368685496828,0.011470986593665345,0.04969580095391137,0.20770668012725152,0.20770668012725152,0.35927346399978555,0.1879485152438897,0.4680628111464642,0.5264082465960891
1915,12,16,0.06457819003429092,0.003310225801910267,0.01777098166753715,0.07419269739260904,0.08593985014995745,0.16377343996781998,0.11914971439189609,0.6201459428547512,0.32095935604307185
1916,1,16,0.039232839528359625,0.0038433727395582825,0.021410334746245346,0.1879485152438897,0.21535034509403772,0.31817261625851767,0.09198622408827888,0.5264082465960891,0.24856893679653677
1916,2,15,0.04131753361337308,0.0054119289723469285,0.02438051421516266,0.2003119963821429,0.219267882329746,0.33233065363581776,0.10326704207014978,0.4411593198979518,0.21730104717698556
1916,3,16,0.04440768303656688,0.03535098663873562,0.05228593080594312,0.1879485152438897,0.16377343996781998,0.33233065363581776,0.11470874258353453,0.5220306584688729,0.49645459549471266
1916,4,16,0.22934869813438946,0.11690989242945843,0.17791151195059932,0.4086428666372111,0.3237683647632718,0.6246571504363365,0.3410992862932853,0.6618057867720727,0.7797330895636643
1916,5,16,0.5864444532726852,0.40516834096614107,0.4086428666372111,0.638365643813706,0.4602273727626923,0.8483445262729107,0.7526249729127923,0.9350893071965957,0.90324992560064
1916,6,16,1.2863390427246293,0.7797330895636643,0.9095400917805436,1.1791432026548052,0.8542958790486401,1.1712333258104757,1.1477837828654396,0.954664952341534,1.235842237785739
1916,7,16,1.5069667083820484,1.1096199222589602,1.3745459258895092,1.8058690527730668,1.3475413810716863,1.5569083295900081,1.3122621379669488,1.2194025622739744,1.546805176326376
1916,8,16,1.227598114873609,0.9679155149713755,1.2777988017467927,1.1247490617016531,0.90324992560064,1.1951040714433108,1.1633703279400431,1.2194025622739744,1.6292697461902834
1916,9,16,0.802037423816417,0.4337360260741305,0.8602840519698725,0.7908157503157398,0.6429939711158054,0.8907847350400708,0.8663092947491254,0.9415747742506521,1.1555538924006465
1916,10,16,0.3531194689923795,0.14927643079181244,0.2575748666523599,0.38159157329420146,0.33233065363581776,0.5864444532726852,0.4228145647672206,0.7964091130121354,0.7797330895636643
1916,11,16,0.10426217354978394,0.01857182387982828,0.034257370297132626,0.36552522703715173,0.3686882070879855,0.5397425625539715,0.17791151195059932,0.6011562116818694,0.3531194689923795
1916,12,16,0.04217959430156561,0.004565594270021053,0.014223687464446603,0.1862404866303367,0.22125103042530414,0.34406878079642395,0.05668952997575408,0.5006363090356607,0.2621887813592279
1917,1,16,0.031160707555319744,0.004912043758393882,0.01961969446873475,0.12730256715185614,0.14516244953361535,0.17149542965682388,0.0826508119514224,0.34406878079642395,0.25529584412551143
1917,2,15,0.05281862062018365,0.00954423310465508,0.026003988631438022,0.11470874258353453,0.12492251139475548,0.27893898976889203,0.101302872602053,0.32095935604307185,0.33233065363581776
1917,3,16,0.07641687300436327,0.026003988631438022,0.06143184658040096,0.15207812235696033,0.13596397913418537,0.2914960163141716,0.16992486857940237,0.4156736129825431,0.42642685169205674
1917,4,16,0.1862404866303367,0.13724448153248409,0.1862404866303367,0.33523039298113116,0.2621887813592279,0.47601972367215367,0.42642685169205674,0.5048501119298575,0.6291973956327173
1917,5,16,0.5048501119298575,0.48004426003992595,0.5352639731392714,0.61121,0.4300672621977019,0.8077008647395393,0.9350893071965957,1.0653034799455627,0.9813281660307673
1917,6,16,1.1323816013982793,0.8969982073636494,1.0437364510769724,1.30357054455601,0.954664952341534,1.4299878862053648,1.1096199222589602,1.30357054455601,1.235842237785739
1917,7,16,1.4020257484057594,1.1633703279400431,1.546805176326376,1.3475413810716863,1.0017546884461395,1.3297987155612054,1.2441350945812064,1.2949295106317156,1.5069667083820484
1917,8,16,1.2949295106317156,0.9746014660652549,1.1712333258104757,1.5267716744718602,1.2524769315562716,1.546805176326376,1.0437364510769724,1.203155701616725,1.4776828926964976
1917,9,16,0.8249038738819208,0.5048501119298575,0.768787974036368,0.8249038738819208,0.6811031665525672,0.9813281660307673,0.8424298522376009,1.2112550905647514,1.1021229353130118
1917,10,16,0.3019112099883466,0.11914971439189609,0.18967087148547238,0.5442552796955045,0.48409980028010197,0.7008968729548893,0.4228145647672206,0.705924130446149,0.7263536787716525
1917,11,16,0.06522496714832947,0.014875941604115525,0.04174651587383894,0.2530352713653214,0.25529584412551143,0.46413001250679403,0.21341567599936426,0.5720614319145675,0.4228145647672206
1917,12,16,0.039641864726607086,0.00879937891734024,0.030187229878459603,0.15492793973926253,0.18286696529524105,0.3072453012627378,0.07061747806888345,0.3410992862932853,0.2740561026347913
1918,1,16,0.047224172286977534,0.00554405920644116,0.02518019320738531,0.08593985014995745,0.09842081996894843,0.2114969208498173,0.11580451053422416,0.4337360260741305,0.2021377423750035
1918,2,15,0.039232839528359625,0.005219194581899732,0.02628406888141157,0.20397868617401527,0.219267882329746,0.3531194689923795,0.11470874258353453,0.44491426069810724,0.2530352713653214
1918,3,16,0.04174651587383894,0.03284766567953099,0.07202812832738148,0.33233065363581776,0.2864124745918821,0.44491426069810724,0.21341567599936426,0.5176862740855324,0.40172079356742907
1918,4,16,0.15207812235696033,0.132187882445143,0.17628721146054846,0.47601972367215367,0.3783276484162285,0.6337668394955529,0.38159157329420146,0.6713931178777732,0.6156636125709467
1918,5,16,0.47601972367215367,0.4337360260741305,0.40172079356742907,0.7315420709985173,0.5352639731392714,0.9286433114116314,0.747304490150718,0.9746014660652549,1.0580712027538408
1918,6,16,1.1096199222589602,0.8784717243721161,0.9612700806986987,1.1633703279400431,0.8365516447503637,1.1247490617016531,1.1791432026548052,0.9746014660652549,1.30357054455601
1918,7,16,1.577288853411552,0.9612700806986987,1.6719325169568817,1.6187547517232053,1.2194025622739744,1.516840764184815,1.3386441251867165,1.2777988017467927,1.5267716744718602
1918,8,16,1.1712333258104757,0.9095400917805436,1.3122621379669488,1.1096199222589602,0.8969982073636494,1.269308536302198,1.269308536302198,1.235842237785739,1.5569083295900081
1918,9,16,0.8663092947491254,0.5048501119298575,0.813399624195797,0.8483445262729107,0.6909372986442485,0.8969982073636494,0.8191338914296127,1.1096199222589602,1.094670497867226
1918,10,16,0.2864124745918821,0.15207812235696033,0.20583496036835902,0.5816139153019643,0.5133748670827035,0.7579789269694355,0.40172079356742907,0.7263536787716525,0.747304490150718
1918,11,16,0.08848501037985207,0.01438422915658281,0.048693210779346005,0.47202597402366464,0.4680628111464642,0.5533840320292823,0.17149542965682388,0.5533840320292823,0.38819663243666447
1918,12,16,0.05784246124682873,0.004621716391748746,0.01836855047997442,0.20583496036835902,0.23771664116048866,0.3294538560923283,0.0481989246401273,0.5626521139457117,0.2232505536354637
1919,1,16,0.04395358491471006,0.004190079459744589,0.012851535038458643,0.2021377423750035,0.23141505169093857,0.32095935604307185,0.04486609482788575,0.4411593198979518,0.16682317486688875
1919,2,15,0.04674362778746634,0.0036573963197434264,0.018984612986057695,0.12142881110930626,0.13343575168303975,0.2692515056329172,0.14516244953361535,0.3949058702736455,0.21341567599936426
1919,3,16,0.04579600866150087,0.02117854189785921,0.06204961469772544,0.22729927434521113,0.19492499431332358,0.35927346399978555,0.15492793973926253,0.5006363090356607,0.37187615395839163
1919,4,16,0.19850138908982956,0.15207812235696033,0.17954950429582245,0.3686882070879855,0.2914960163141716,0.5488023533665455,0.3783276484162285,0.5397425625539715,0.6811031665525672
1919,5,16,0.5488023533665455,0.4228145647672206,0.4411593198979518,0.8542958790486401,0.6429939711158054,1.0225555012362058,0.768787974036368,0.8542958790486401,0.9158689278522835
1919,6,16,1.0653034799455627,0.8249038738819208,0.954664952341534,1.3475413810716863,0.9813281660307673,1.1951040714433108,1.0017546884461395,1.1555538924006465,1.260868080178582
1919,7,16,1.5569083295900081,1.0508822889252258,1.546805176326376,1.6719325169568817,1.2524769315562716,1.546805176326376,1.3475413810716863,1.072579322816437,1.5267716744718602
1919,8,16,1.3122621379669488,1.0086464189514435,1.3386441251867165,1.1555538924006465,0.9286433114116314,1.1323816013982793,1.1791432026548052,1.3745459258895092,1.4776828926964976
1919,9,16,0.8191338914296127,0.6011562116818694,0.7633665387912244,0.8784717243721161,0.7211978644987613,0.9880957668592473,0.768787974036368,1.2112550905647514,1.0017546884461395
1919,10,16,0.27164410712512976,0.1652918735406934,0.23349839875364556,0.43743330854245943,0.3949058702736455,0.6291973956327173,0.47202597402366464,0.6476519846728149,0.7420172984200354
1919,11,16,0.06992171256404357,0.016445770090947998,0.04626758604580228,0.19850138908982956,0.19670575305594534,0.31540801113137973,0.16992486857940237,0.48004426003992595,0.4525117352023692
1919,12,16,0.056121022884503914,0.0072085175848667854,0.028323810281520347,0.13095070593900196,0.15349697956945987,0.25529584412551143,0.11254565927628278,0.48818655886552986,0.29406857013228244
1920,1,16,0.03250369025569642,0.0076463182110477305,0.0204969806903192,0.17149542965682388,0.19492499431332358,0.3019112099883466,0.09378410448980266,0.5176862740855324,0.24636290798927374
1920,2,15,0.08428060534070804,0.011735610656159148,0.028626827550514346,0.2530352713653214,0.2740561026347913,0.4228145647672206,0.09654146114175859,0.49645459549471266,0.2003119963821429
1920,3,16,0.05281862062018365,0.039232839528359625,0.07717176659535036,0.43743330854245943,0.3848811708177017,0.5768196564448042,0.23985177015699385,0.61121,0.36238702830547903
1920,4,16,0.13469443500118447,0.21341567599936426,0.18120129268811008,0.509096225242481,0.40516834096614107,0.6523398503817459,0.4086428666372111,0.7008968729548893,0.5816139153019643
1920,5,16,0.4680628111464642,0.44491426069810724,0.44869833273275456,0.8784717243721161,0.6665841929952824,0.9746014660652549,0.7420172984200354,1.0580712027538408,0.7420172984200354
1920,6,16,1.2112550905647514,0.8077008647395393,0.9949045428992775,1.203155701616725,0.8663092947491254,1.1870999587710893,1.2441350945812064,1.094670497867226,1.117161912473846
1920,7,16,1.546805176326376,1.1323816013982793,1.4971492289929935,1.5670694607367222,1.1712333258104757,1.448900822966736,1.3745459258895092,1.2949295106317156,1.4680334851609995
1920,8,16,1.1951040714433108,0.9813281660307673,1.3210048053457164,1.235842237785739,0.9949045428992775,1.235842237785739,1.1951040714433108,1.1323816013982793,1.3654919319474887
1920,9,16,0.7367632234953649,0.5006363090356607,0.6665841929952824,1.0225555012362058,0.8424298522376009,1.036633531776849,0.6762327147260709,1.072579322816437,1.0798989561288492
1920,10,16,0.25079299123520793,0.10937110514827957,0.18967087148547238,0.509096225242481,0.45635468386526484,0.6959013247944554,0.4300672621977019,0.813399624195797,0.7633665387912244
1920,11,16,0.10627887897313519,0.012563716970911033,0.04626758604580228,0.36238702830547903,0.36552522703715173,0.5176862740855324,0.1683674887956463,0.5352639731392714,0.43743330854245943
1920,12,16,0.05668952997575408,0.005477625028239608,0.015730089598410716,0.21341567599936426,0.25529584412551143,0.33523039298113116,0.05961232640312615,0.48004426003992595,0.2232505536354637
1921,1,16,0.03250369025569642,0.005032836344570506,0.027141064616775668,0.14516244953361535,0.16682317486688875,0.29927598984500153,0.11042003484639329,0.5580005381692135,0.22125103042530414
1921,2,15,0.0400548123995108,0.014064808591255489,0.02986901694665512,0.18120129268811008,0.19670575305594534,0.3500787030489772,0.12972415152498454,0.4228145647672206,0.22526659393251364
1921,3,16,0.06522496714832947,0.02260480607455227,0.08762903653241891,0.3237683647632718,0.2864124745918821,0.5442552796955045,0.21341567599936426,0.5673389964957174,0.4228145647672206
1921,4,16,0.18120129268811008,0.11254565927628278,0.17149542965682388,0.6061343432908831,0.48409980028010197,0.7367632234953649,0.35927346399978555,0.6201459428547512,0.7633665387912244
1921,5,16,0.5397425625539715,0.398300035857636,0.3783276484162285,0.8907847350400708,0.6665841929952824,0.9880957668592473,0.6618057867720727,0.9746014660652549,0.9095400917805436
1921,6,16,1.2949295106317156,0.90324992560064,0.9612700806986987,1.1791432026548052,0.8424298522376009,1.0798989561288492,1.1247490617016531,1.140059840998313,1.1096199222589602
1921,7,16,1.5979035635521046,0.9813281660307673,1.7943585098523722,1.3475413810716863,1.0017546884461395,1.2949295106317156,1.5367598185892122,1.5367598185892122,1.5069667083820484
1921,8,16,1.2863390427246293,0.9480999395298644,1.2524769315562716,1.269308536302198,1.015579971648209,1.2194025622739744,1.1951040714433108,1.2949295106317156,1.3928126625622093
1921,9,16,0.705924130446149,0.5768196564448042,0.768787974036368,0.8663092947491254,0.7109832705211528,0.9286433114116314,0.8077008647395393,1.1555538924006465,1.094670497867226
1921,10,16,0.31817261625851767,0.12374783985926269,0.24856893679653677,0.4228145647672206,0.3750892448741023,0.7008968729548893,0.46413001250679403,0.9746014660652549,0.7160744518909166
1921,11,16,0.0826508119514224,0.03572261071768334,0.05784246124682873,0.20770668012725152,0.2114969208498173,0.36552522703715173,0.17954950429582245,0.45635468386526484,0.4602273727626923
1921,12,16,0.07870213300533878,0.003351884641518966,0.023099573498777753,0.2021377423750035,0.23559888620060485,0.36552522703715173,0.11914971439189609,0.46413001250679403,0.3237683647632718
1922,1,16,0.06457819003429092,0.003523431481829273,0.01857182387982828,0.13469443500118447,0.15492793973926253,0.22729927434521113,0.051758180737095524,0.3848811708177017,0.23349839875364556
1922,2,15,0.0400548123995108,0.004565594270021053,0.01329470212120037,0.14652207374437068,0.15929444611831717,0.29406857013228244,0.08593985014995745,0.40516834096614107,0.28390124109261955
1922,3,16,0.048693210779346005,0.026852578878525903,0.0974769843398749,0.21730104717698556,0.19140764638397387,0.3915381409802734,0.25079299123520793,0.5308192794794219,0.47202597402366464
1922,4,16,0.17307927276720572,0.10833131212353539,0.16682317486688875,0.42642685169205674,0.33815321250765645,0.5352639731392714,0.3949058702736455,0.5864444532726852,0.7211978644987613
1922,5,16,0.48409980028010197,0.38819663243666447,0.5442552796955045,0.813399624195797,0.6061343432908831,0.8846093259417787,0.7797330895636643,1.0086464189514435,0.8907847350400708
1922,6,16,1.140059840998313,0.8907847350400708,1.1712333258104757,1.3386441251867165,0.9679155149713755,1.1870999587710893,1.2194025622739744,1.1712333258104757,1.1791432026548052
1922,7,16,1.3928126625622093,1.015579971648209,1.7155738768260158,1.5875668954572382,1.1870999587710893,1.4299878862053648,1.5569083295900081,1.1870999587710893,1.5069667083820484
1922,8,16,1.1555538924006465,0.8249038738819208,1.3745459258895092,1.235842237785739,0.9949045428992775,1.2441350945812064,1.2441350945812064,1.2194025622739744,1.4873881463835035
1922,9,16,0.6762327147260709,0.46413001250679403,0.7211978644987613,0.954664952341534,0.7852571322370795,0.9415747742506521,0.7211978644987613,0.9158689278522835,1.117161912473846
1922,10,16,0.35927346399978555,0.10326704207014978,0.20959394243487864,0.48818655886552986,0.4337360260741305,0.6246571504363365,0.412144549787289,0.6959013247944554,0.7315420709985173
1922,11,16,0.10326704207014978,0.013445530883189316,0.04395358491471006,0.2740561026347913,0.2764877067749383,0.44491426069810724,0.16682317486688875,0.49645459549471266,0.4680628111464642
1922,12,16,0.060213255511546736,0.008496928279593393,0.0308330472030357,0.147893384369598,0.17791151195059932,0.36552522703715173,0.12374783985926269,0.47601972367215367,0.3237683647632718
1923,1,16,0.03572261071768334,0.003749315737279804,0.01777098166753715,0.2621887813592279,0.2914960163141716,0.3686882070879855,0.07793350375656735,0.4192302166946394,0.21730104717698556
1923,2,15,0.06330230264185067,0.00810861601415457,0.027141064616775668,0.1385360277027567,0.14927643079181244,0.24636290798927374,0.07131959205445848,0.48818655886552986,0.25079299123520793
1923,3,16,0.05444680443414911,0.03535098663873562,0.05668952997575408,0.31540801113137973,0.2740561026347913,0.4680628111464642,0.2114969208498173,0.5488023533665455,0.43743330854245943
1923,4,16,0.18120129268811008,0.12258330333557428,0.1622677914774175,0.3848811708177017,0.29927598984500153,0.5397425625539715,0.4525117352023692,0.6476519846728149,0.7008968729548893
1923,5,16,0.5580005381692135,0.3783276484162285,0.4602273727626923,0.6762327147260709,0.48818655886552986,0.7964091130121354,0.7797330895636643,0.8907847350400708,0.8663092947491254
1923,6,16,1.2949295106317156,0.8249038738819208,1.0225555012362058,0.9415747742506521,0.6713931178777732,0.9415747742506521,1.2777988017467927,0.90324992560064,1.2441350945812064
1923,7,16,1.6292697461902834,0.9746014660652549,1.6187547517232053,1.448900822966736,1.072579322816437,1.4299878862053648,1.411292515987717,1.4873881463835035,1.3745459258895092
1923,8,16,1.4020257484057594,0.8846093259417787,1.4584395527766725,1.117161912473846,0.8969982073636494,1.1951040714433108,1.3745459258895092,1.3564904741882404,1.4873881463835035
1923,9,16,0.802037423816417,0.45635468386526484,0.8663092947491254,0.8723717863172363,0.7211978644987613,0.9480999395298644,0.8602840519698725,1.0653034799455627,0.9949045428992775
1923,10,16,0.44491426069810724,0.12610739771615176,0.23985177015699385,0.5176862740855324,0.4602273727626923,0.6909372986442485,0.5352639731392714,0.9350893071965957,0.7008968729548893
1923,11,16,0.13343575168303975,0.018984612986057695,0.04261680445039755,0.27893898976889203,0.28390124109261955,0.38819663243666447,0.17954950429582245,0.5626521139457117,0.42642685169205674
1923,12,16,0.04047171674816732,0.00554405920644116,0.030187229878459603,0.18454667789870863,0.21730104717698556,0.2740561026347913,0.132187882445143,0.44869833273275456,0.25529584412551143
1924,1,16,0.05123533400532606,0.0037030919881834126,0.015730089598410716,0.18120129268811008,0.2021377423750035,0.28894404236700316,0.09469508690933738,0.3848811708177017,0.21341567599936426
1924,2,15,0.043058177715543364,0.007039987105011562,0.027141064616775668,0.12730256715185614,0.14115259635140953,0.25529584412551143,0.06653640231013853,0.3410992862932853,0.266878181327944
1924,3,16,0.10526608567042556,0.026852578878525903,0.08428060534070804,0.19850138908982956,0.17467648329282695,0.3072453012627378,0.14247779281928313,0.48409980028010197,0.43743330854245943
1924,4,16,0.10627887897313519,0.11042003484639329,0.17149542965682388,0.3915381409802734,0.3072453012627378,0.5133748670827035,0.4337360260741305,0.6570577273625485,0.7008968729548893
1924,5,16,0.5720614319145675,0.38819663243666447,0.5533840320292823,0.7109832705211528,0.5220306584688729,0.8191338914296127,0.8424298522376009,0.9746014660652549,0.7160744518909166
1924,6,16,1.1791432026548052,0.8542958790486401,0.9222365804638852,1.015579971648209,0.7315420709985173,1.1021229353130118,0.9813281660307673,1.1096199222589602,1.1791432026548052
1924,7,16,1.420613139533233,0.9949045428992775,1.7377674748960252,1.7155738768260158,1.2949295106317156,1.4776828926964976,1.5979035635521046,1.2949295106317156,1.5875668954572382
1924,8,16,1.1791432026548052,0.954664952341534,1.3122621379669488,1.4394171188077765,1.1633703279400431,1.4020257484057594,1.203155701616725,1.0508822889252258,1.4776828926964976
1924,9,16,0.7263536787716525,0.5673389964957174,0.7526249729127923,0.9813281660307673,0.8077008647395393,1.0798989561288492,0.8077008647395393,1.0798989561288492,1.0508822889252258
1924,10,16,0.24856893679653677,0.11802493121452227,0.23141505169093857,0.6476519846728149,0.5768196564448042,0.7964091130121354,0.398300035857636,0.8307097103747596,0.747304490150718
1924,11,16,0.11042003484639329,0.028023751598297394,0.05444680443414911,0.3237683647632718,0.33233065363581776,0.509096225242481,0.2575748666523599,0.5816139153019643,0.4337360260741305
1924,12,16,0.043058177715543364,0.008697473554975065,0.030187229878459603,0.28894404236700316,0.3410992862932853,0.49645459549471266,0.14652207374437068,0.47202597402366464,0.29927598984500153
1925,1,16,0.01983570239821092,0.00782822893370881,0.03647667475281147,0.35618433205269456,0.40172079356742907,0.4192302166946394,0.13724448153248409,0.47601972367215367,0.20397868617401527
1925,2,15,0.024910985533895952,0.005477625028239608,0.025452080972784546,0.20959394243487864,0.23349839875364556,0.3949058702736455,0.09654146114175859,0.5006363090356607,0.19670575305594534
1925,3,16,0.05784246124682873,0.03216303584623426,0.0507173491661864,0.18454667789870863,0.1622677914774175,0.3294538560923283,0.1683674887956463,0.40516834096614107,0.4680628111464642
1925,4,16,0.17791151195059932,0.11362248012983124,0.17628721146054846,0.49645459549471266,0.3915381409802734,0.6429939711158054,0.3500787030489772,0.6570577273625485,0.7367632234953649
1925,5,16,0.6061343432908831,0.42642685169205674,0.4228145647672206,0.7579789269694355,0.5626521139457117,0.9286433114116314,0.6713931178777732,0.8907847350400708,0.9158689278522835
1925,6,16,1.269308536302198,0.802037423816417,0.8784717243721161,1.1870999587710893,0.8542958790486401,1.227598114873609,1.036633531776849,1.1633703279400431,1.2194025622739744
1925,7,16,1.4873881463835035,1.0798989561288492,1.3475413810716863,1.8763030397404286,1.411292515987717,1.7489586676783773,1.1555538924006465,1.260868080178582,1.5367598185892122
1925,8,16,1.260868080178582,0.8663092947491254,1.2112550905647514,1.2777988017467927,1.036633531776849,1.3745459258895092,1.2194025622739744,1.235842237785739,1.4394171188077765
1925,9,16,0.8249038738819208,0.48818655886552986,0.7526249729127923,0.8969982073636494,0.7420172984200354,0.9746014660652549,0.8483445262729107,0.9286433114116314,1.1096199222589602
1925,10,16,0.3783276484162285,0.14115259635140953,0.264523994068994,0.412144549787289,0.36552522703715173,0.5816139153019643,0.5220306584688729,0.8365516447503637,0.7797330895636643
1925,11,16,0.11914971439189609,0.017968150245299776,0.05444680443414911,0.20397868617401527,0.20397868617401527,0.33815321250765645,0.25529584412551143,0.5133748670827035,0.4192302166946394
1925,12,16,0.07419269739260904,0.008014135615253692,0.02893282381748186,0.14927643079181244,0.17628721146054846,0.25079299123520793,0.13343575168303975,0.4525117352023692,0.3126653574281668
1926,1,16,0.11690989242945843,0.004678476200915844,0.02464442853705689,0.132187882445143,0.14927643079181244,0.2598724746280262,0.10228063152095998,0.4192302166946394,0.25079299123520793
1926,2,15,0.051758180737095524,0.006957096586523958,0.0204969806903192,0.12028431899640095,0.13343575168303975,0.2740561026347913,0.11042003484639329,0.5962153530103731,0.29406857013228244
1926,3,16,0.11147820564546172,0.030187229878459603,0.11580451053422416,0.30994450622404923,0.27164410712512976,0.43743330854245943,0.28390124109261955,0.5308192794794219,0.44869833273275456
1926,4,16,0.21730104717698556,0.12730256715185614,0.22729927434521113,0.412144549787289,0.3237683647632718,0.6337668394955529,0.47601972367215367,0.7263536787716525,0.5962153530103731
1926,5,16,0.5864444532726852,0.45635468386526484,0.34406878079642395,0.7008968729548893,0.509096225242481,0.813399624195797,0.6201459428547512,0.7964091130121354,0.8663092947491254
1926,6,16,1.2863390427246293,0.813399624195797,0.8784717243721161,1.1870999587710893,0.8663092947491254,1.2441350945812064,1.1633703279400431,0.9746014660652549,1.1791432026548052
1926,7,16,1.4873881463835035,1.1791432026548052,1.546805176326376,1.5069667083820484,1.1247490617016531,1.516840764184815,1.3386441251867165,1.260868080178582,1.4584395527766725
1926,8,16,1.227598114873609,0.9746014660652549,1.4873881463835035,1.3210048053457164,1.0653034799455627,1.3745459258895092,1.1555538924006465,1.260868080178582,1.577288853411552
1926,9,16,0.7964091130121354,0.5720614319145675,0.7008968729548893,0.8542958790486401,0.7008968729548893,0.9612700806986987,0.7964091130121354,1.227598114873609,1.1323816013982793
1926,10,16,0.35927346399978555,0.11254565927628278,0.29406857013228244,0.3686882070879855,0.32659981101694435,0.5176862740855324,0.4411593198979518,0.8542958790486401,0.7160744518909166
1926,11,16,0.12850813660574747,0.019405854699526773,0.047224172286977534,0.3237683647632718,0.3237683647632718,0.5006363090356607,0.19492499431332358,0.7109832705211528,0.34706185451156896
1926,12,16,0.04969580095391137,0.007380775850807989,0.026566922070198576,0.14927643079181244,0.17791151195059932,0.31817261625851767,0.07641687300436327,0.4156736129825431,0.3126653574281668
1927,1,16,0.0453288528779313,0.004190079459744589,0.013751951340907955,0.14927643079181244,0.16682317486688875,0.32095935604307185,0.06923225033239602,0.4525117352023692,0.2003119963821429
1927,2,15,0.05389902022729115,0.0058173302207832145,0.03149157005581238,0.21730104717698556,0.23559888620060485,0.36238702830547903,0.10730059399844574,0.4086428666372111,0.23985177015699385
1927,3,16,0.06522496714832947,0.02518019320738531,0.05961232640312615,0.2598724746280262,0.22934869813438946,0.49645459549471266,0.12258330333557428,0.5626521139457117,0.3783276484162285
1927,4,16,0.12972415152498454,0.1506713176328853,0.19315900145758252,0.40172079356742907,0.31540801113137973,0.5442552796955045,0.412144549787289,0.6860046378358027,0.7008968729548893
1927,5,16,0.5580005381692135,0.48409980028010197,0.5864444532726852,0.6713931178777732,0.48409980028010197,0.7315420709985173,0.8907847350400708,0.9415747742506521,0.8784717243721161
1927,6,16,1.2863390427246293,0.9158689278522835,1.08726260559247,1.1555538924006465,0.8424298522376009,1.1021229353130118,1.072579322816437,1.1477837828654396,1.203155701616725
1927,7,16,1.6082994539440802,1.1096199222589602,1.3210048053457164,1.8882735710371172,1.420613139533233,1.6827503744244698,1.3386441251867165,1.3122621379669488,1.6187547517232053
1927,8,16,1.269308536302198,0.8602840519698725,1.2777988017467927,1.3564904741882404,1.094670497867226,1.448900822966736,1.1712333258104757,1.227598114873609,1.4971492289929935
1927,9,16,0.6811031665525672,0.5913115166039266,0.8307097103747596,0.8191338914296127,0.6713931178777732,0.954664952341534,0.8723717863172363,1.0798989561288492,1.094670497867226
1927,10,16,0.2530352713653214,0.16682317486688875,0.266878181327944,0.3915381409802734,0.3531194689923795,0.6201459428547512,0.4300672621977019,0.7964091130121354,0.8365516447503637
1927,11,16,0.051758180737095524,0.03724537207321598,0.04047171674816732,0.16682317486688875,0.16992486857940237,0.3410992862932853,0.17791151195059932,0.6011562116818694,0.45635468386526484
1927,12,16,0.03572261071768334,0.007920678496957026,0.022119824418793375,0.17954950429582245,0.21341567599936426,0.24856893679653677,0.11042003484639329,0.42642685169205674,0.29666185325935435
1928,1,16,0.07202812832738148,0.00343666442404913,0.02094906144511599,0.1862404866303367,0.20770668012725152,0.28141011963293605,0.09937303490530026,0.4923047474399588,0.19140764638397387
1928,2,15,0.08026034110747679,0.006713812972995813,0.0305085575497635,0.20583496036835902,0.22729927434521113,0.3294538560923283,0.11362248012983124,0.4923047474399588,0.2575748666523599
1928,3,16,0.04217959430156561,0.03763528869984914,0.05668952997575408,0.31540801113137973,0.2764877067749383,0.398300035857636,0.14381438104526503,0.5352639731392714,0.35618433205269456
1928,4,16,0.14652207374437068,0.14652207374437068,0.18286696529524105,0.45635468386526484,0.35618433205269456,0.6156636125709467,0.3848811708177017,0.6762327147260709,0.6713931178777732
1928,5,16,0.5397425625539715,0.4192302166946394,0.4602273727626923,0.7263536787716525,0.5264082465960891,0.8249038738819208,0.7964091130121354,0.7742434315983414,0.9880957668592473
1928,6,16,1.260868080178582,0.8784717243721161,0.9880957668592473,1.0580712027538408,0.7633665387912244,1.0295732885200235,1.203155701616725,1.1555538924006465,1.2524769315562716
1928,7,16,1.4971492289929935,1.0508822889252258,1.6504799880996153,1.260868080178582,0.9286433114116314,1.203155701616725,1.3386441251867165,1.639844833837808,1.4776828926964976
1928,8,16,1.1712333258104757,0.9286433114116314,1.4394171188077765,1.2524769315562716,1.0225555012362058,1.203155701616725,1.1870999587710893,1.4020257484057594,1.420613139533233
1928,9,16,0.7160744518909166,0.4680628111464642,0.7633665387912244,0.8602840519698725,0.7008968729548893,0.9350893071965957,0.7964091130121354,1.0798989561288492,1.015579971648209
1928,10,16,0.2740561026347913,0.13095070593900196,0.23985177015699385,0.44869833273275456,0.398300035857636,0.6762327147260709,0.47202597402366464,0.8191338914296127,0.768787974036368
1928,11,16,0.15349697956945987,0.017968150245299776,0.05281862062018365,0.24417479494164704,0.24417479494164704,0.4602273727626923,0.17149542965682388,0.6618057867720727,0.48409980028010197
1928,12,16,0.08593985014995745,0.007468326419519938,0.0305085575497635,0.1683674887956463,0.2021377423750035,0.3531194689923795,0.06143184658040096,0.4337360260741305,0.2692515056329172
1929,1,16,0.060213255511546736,0.00343666442404913,0.012997717470405078,0.17628721146054846,0.19850138908982956,0.25529584412551143,0.06204961469772544,0.29927598984500153,0.17307927276720572
1929,2,15,0.06457819003429092,0.008204124234193508,0.022850954785927996,0.11802493121452227,0.12972415152498454,0.21535034509403772,0.05901691497174316,0.25529584412551143,0.2003119963821429
1929,3,16,0.05335630831318143,0.02260480607455227,0.07793350375656735,0.31817261625851767,0.27893898976889203,0.5133748670827035,0.22934869813438946,0.4923047474399588,0.4602273727626923
1929,4,16,0.18120129268811008,0.12730256715185614,0.19140764638397387,0.3072453012627378,0.23985177015699385,0.47601972367215367,0.5768196564448042,0.5580005381692135,0.7742434315983414
1929,5,16,0.5673389964957174,0.5048501119298575,0.4192302166946394,0.7852571322370795,0.5864444532726852,0.90324992560064,0.6713931178777732,0.9286433114116314,0.8846093259417787
1929,6,16,1.227598114873609,0.9350893071965957,0.8969982073636494,1.1477837828654396,0.8307097103747596,1.1247490617016531,1.2194025622739744,1.1712333258104757,1.2112550905647514
1929,7,16,1.3654919319474887,1.1477837828654396,1.7266393493649983,1.269308536302198,0.9415747742506521,1.2863390427246293,1.3122621379669488,1.411292515987717,1.4873881463835035
1929,8,16,1.203155701616725,0.9949045428992775,1.227598114873609,1.1633703279400431,0.9286433114116314,1.1791432026548052,1.08726260559247,1.2949295106317156,1.4584395527766725
1929,9,16,0.8907847350400708,0.4192302166946394,0.7908157503157398,0.9158689278522835,0.7526249729127923,1.0017546884461395,0.8191338914296127,1.2863390427246293,1.1870999587710893
1929,10,16,0.4156736129825431,0.12374783985926269,0.3294538560923283,0.5308192794794219,0.47202597402366464,0.7109832705211528,0.4337360260741305,0.8723717863172363,0.6909372986442485
1929,11,16,0.12374783985926269,0.010833366843655838,0.06143184658040096,0.3783276484162285,0.3750892448741023,0.5533840320292823,0.20959394243487864,0.6291973956327173,0.44869833273275456
1929,12,16,0.054999703977722116,0.004621716391748746,0.020721885935240394,0.40516834096614107,0.4602273727626923,0.5176862740855324,0.04440768303656688,0.5768196564448042,0.20583496036835902
1930,1,16,0.05281862062018365,0.004852660171764554,0.0400548123995108,0.266878181327944,0.30456758727801414,0.4411593198979518,0.06923225033239602,0.5006363090356607,0.1563711104839952
1930,2,15,0.028023751598297394,0.006325774898019832,0.01626408502997268,0.22934869813438946,0.24636290798927374,0.36238702830547903,0.11580451053422416,0.3848811708177017,0.2021377423750035
1930,3,16,0.0626730820641863,0.054999703977722116,0.06720116641398385,0.25079299123520793,0.219267882329746,0.44869833273275456,0.24200446630808997,0.5580005381692135,0.3949058702736455
1930,4,16,0.1563711104839952,0.13095070593900196,0.14927643079181244,0.47202597402366464,0.37187615395839163,0.6860046378358027,0.3019112099883466,0.6860046378358027,0.6156636125709467
1930,5,16,0.6246571504363365,0.3915381409802734,0.49645459549471266,0.8542958790486401,0.6429939711158054,0.9880957668592473,0.7420172984200354,0.8307097103747596,0.9158689278522835
1930,6,16,1.260868080178582,0.9880957668592473,1.08726260559247,1.2949295106317156,0.9415747742506521,1.3564904741882404,1.1951040714433108,1.3386441251867165,1.203155701616725
1930,7,16,1.639844833837808,1.1477837828654396,1.546805176326376,1.7266393493649983,1.30357054455601,1.6187547517232053,1.269308536302198,1.227598114873609,1.577288853411552
1930,8,16,1.2949295106317156,1.015579971648209,1.094670497867226,1.4394171188077765,1.1791432026548052,1.4680334851609995,1.0580712027538408,1.2441350945812064,1.448900822966736
1930,9,16,0.7852571322370795,0.5442552796955045,0.7263536787716525,0.768787974036368,0.6291973956327173,0.9286433114116314,0.6959013247944554,1.117161912473846,1.036633531776849
1930,10,16,0.28894404236700316,0.10526608567042556,0.21341567599936426,0.5397425625539715,0.47601972367215367,0.7420172984200354,0.4192302166946394,0.8191338914296127,0.7315420709985173
1930,11,16,0.07870213300533878,0.022119824418793375,0.09654146114175859,0.3072453012627378,0.30456758727801414,0.44491426069810724,0.18967087148547238,0.6959013247944554,0.5006363090356607
1930,12,16,0.08593985014995745,0.005887570445048812,0.021410334746245346,0.22526659393251364,0.2621887813592279,0.44491426069810724,0.09288117172492567,0.4680628111464642,0.2764877067749383
1931,1,16,0.06653640231013853,0.0020143325156298172,0.012706870151374351,0.15349697956945987,0.17307927276720572,0.266878181327944,0.06330230264185067,0.42642685169205674,0.2530352713653214
1931,2,15,0.06854903949718019,0.004138834271449922,0.02772662515091659,0.1622677914774175,0.17628721146054846,0.29666185325935435,0.04440768303656688,0.3750892448741023,0.19670575305594534
1931,3,16,0.05389902022729115,0.03724537207321598,0.06653640231013853,0.23559888620060485,0.20583496036835902,0.30994450622404923,0.19140764638397387,0.4156736129825431,0.44491426069810724
1931,4,16,0.17149542965682388,0.07492738624309996,0.16077483068357945,0.4300672621977019,0.33815321250765645,0.5673389964957174,0.3848811708177017,0.6061343432908831,0.768787974036368
1931,5,16,0.48818655886552986,0.44869833273275456,0.4411593198979518,0.8077008647395393,0.6061343432908831,0.9222365804638852,0.6523398503817459,1.015579971648209,0.8542958790486401
1931,6,16,1.2194025622739744,0.9813281660307673,0.9880957668592473,0.9415747742506521,0.6762327147260709,1.015579971648209,1.269308536302198,1.2949295106317156,1.140059840998313
1931,7,16,1.4680334851609995,1.3654919319474887,1.448900822966736,1.6504799880996153,1.235842237785739,1.4971492289929935,1.2194025622739744,1.260868080178582,1.3297987155612054
1931,8,16,1.117161912473846,0.9222365804638852,1.3386441251867165,1.227598114873609,0.9880957668592473,1.2112550905647514,1.30357054455601,1.1555538924006465,1.516840764184815
1931,9,16,0.7579789269694355,0.5768196564448042,0.8191338914296127,0.7420172984200354,0.61121,0.8307097103747596,0.8249038738819208,0.8249038738819208,1.1791432026548052
1931,10,16,0.3072453012627378,0.15929444611831717,0.3019112099883466,0.48818655886552986,0.4300672621977019,0.638365643813706,0.5133748670827035,0.7526249729127923,0.8191338914296127
1931,11,16,0.10627887897313519,0.023099573498777753,0.054999703977722116,0.42642685169205674,0.4192302166946394,0.5864444532726852,0.1578265859330223,0.6429939711158054,0.4525117352023692
1931,12,16,0.05668952997575408,0.007294176062695744,0.0360978295456551,0.264523994068994,0.3126653574281668,0.36552522703715173,0.0974769843398749,0.40516834096614107,0.2740561026347913
1932,1,16,0.03461839744320006,0.006250705371944435,0.02986901694665512,0.28894404236700316,0.3237683647632718,0.42642685169205674,0.1385360277027567,0.44869833273275456,0.24636290798927374
1932,2,15,0.023099573498777753,0.009006509164326843,0.03802896073590573,0.25529584412551143,0.27893898976889203,0.4228145647672206,0.11254565927628278,0.29666185325935435,0.22125103042530414
1932,3,16,0.07346462384548472,0.02893282381748186,0.06587768588614189,0.27893898976889203,0.24417479494164704,0.3848811708177017,0.19315900145758252,0.42642685169205674,0.45635468386526484
1932,4,16,0.21535034509403772,0.11914971439189609,0.2232505536354637,0.45635468386526484,0.35618433205269456,0.5816139153019643,0.5006363090356607,0.61121,0.7742434315983414
1932,5,16,0.6011562116818694,0.3686882070879855,0.5176862740855324,0.6909372986442485,0.5048501119298575,0.8846093259417787,0.7008968729548893,0.8483445262729107,0.8365516447503637
1932,6,16,1.1870999587710893,0.9158689278522835,1.0508822889252258,1.08726260559247,0.7908157503157398,1.117161912473846,1.0653034799455627,1.072579322816437,1.260868080178582
1932,7,16,1.5069667083820484,1.1712333258104757,1.6827503744244698,1.5569083295900081,1.1712333258104757,1.5367598185892122,1.4776828926964976,1.2524769315562716,1.6082994539440802
1932,8,16,1.2194025622739744,0.954664952341534,1.3122621379669488,1.2524769315562716,1.0086464189514435,1.3210048053457164,1.0295732885200235,1.4776828926964976,1.383652717843076
1932,9,16,0.7526249729127923,0.5864444532726852,0.8602840519698725,0.8191338914296127,0.6713931178777732,0.9286433114116314,0.8249038738819208,1.30357054455601,1.1555538924006465
1932,10,16,0.30994450622404923,0.1385360277027567,0.2621887813592279,0.4228145647672206,0.37187615395839163,0.6011562116818694,0.5176862740855324,0.8191338914296127,0.7263536787716525
1932,11,16,0.05020417998115182,0.01359794528591151,0.039232839528359625,0.35927346399978555,0.35618433205269456,0.4923047474399588,0.219267882329746,0.6156636125709467,0.46413001250679403
1932,12,16,0.04919215625157378,0.004190079459744589,0.02986901694665512,0.3531194689923795,0.412144549787289,0.49645459549471266,0.13343575168303975,0.4923047474399588,0.25079299123520793
1933,1,16,0.02628406888141157,0.0054119289723469285,0.028323810281520347,0.2692515056329172,0.29666185325935435,0.3686882070879855,0.048693210779346005,0.3410992862932853,0.17307927276720572
1933,2,15,0.03461839744320006,0.004793942469118124,0.02518019320738531,0.1385360277027567,0.1506713176328853,0.29666185325935435,0.06587768588614189,0.4086428666372111,0.2621887813592279
1933,3,16,0.06143184658040096,0.020053911642457144,0.06457819003429092,0.23141505169093857,0.20397868617401527,0.44491426069810724,0.14927643079181244,0.5533840320292823,0.3783276484162285
1933,4,16,0.18120129268811008,0.10426217354978394,0.19492499431332358,0.38819663243666447,0.30456758727801414,0.5768196564448042,0.4923047474399588,0.6762327147260709,0.6156636125709467
1933,5,16,0.5488023533665455,0.398300035857636,0.35927346399978555,0.7160744518909166,0.5220306584688729,0.8784717243721161,0.7420172984200354,0.8249038738819208,0.9286433114116314
1933,6,16,1.0437364510769724,0.9480999395298644,0.8424298522376009,1.411292515987717,1.036633531776849,1.4776828926964976,1.0580712027538408,0.9813281660307673,1.235842237785739
1933,7,16,1.3745459258895092,1.1247490617016531,1.4020257484057594,1.6504799880996153,1.227598114873609,1.5875668954572382,1.3297987155612054,1.383652717843076,1.6292697461902834
1933,8,16,1.269308536302198,0.9949045428992775,1.4020257484057594,1.269308536302198,1.0225555012362058,1.3297987155612054,1.2777988017467927,1.3928126625622093,1.4394171188077765
1933,9,16,0.705924130446149,0.5768196564448042,0.6246571504363365,0.8846093259417787,0.7315420709985173,1.0580712027538408,0.6959013247944554,1.140059840998313,1.0798989561288492
1933,10,16,0.24856893679653677,0.17791151195059932,0.25529584412551143,0.5176862740855324,0.4602273727626923,0.7211978644987613,0.3531194689923795,0.8483445262729107,0.7526249729127923
1933,11,16,0.08346206010510525,0.030187229878459603,0.0453288528779313,0.264523994068994,0.264523994068994,0.40516834096614107,0.21341567599936426,0.5397425625539715,0.48004426003992595
1933,12,16,0.021644465884067623,0.007380775850807989,0.03149157005581238,0.24636290798927374,0.2914960163141716,0.35618433205269456,0.11362248012983124,0.31540801113137973,0.33523039298113116
1934,1,16,0.02464442853705689,0.006030413327845606,0.028626827550514346,0.3500787030489772,0.3915381409802734,0.43743330854245943,0.08510651534200449,0.4156736129825431,0.1683674887956463
1934,2,15,0.07641687300436327,0.0112118873646689,0.09022002839745802,0.2114969208498173,0.23141505169093857,0.4337360260741305,0.13343575168303975,0.38159157329420146,0.3019112099883466
1934,3,16,0.06143184658040096,0.02386047646350586,0.0826508119514224,0.2764877067749383,0.23985177015699385,0.44869833273275456,0.13596397913418537,0.5133748670827035,0.35927346399978555
1934,4,16,0.18967087148547238,0.09654146114175859,0.17628721146054846,0.398300035857636,0.3126653574281668,0.6061343432908831,0.27164410712512976,0.768787974036368,0.6713931178777732
1934,5,16,0.5533840320292823,0.48409980028010197,0.48004426003992595,0.8542958790486401,0.6337668394955529,0.9679155149713755,0.7633665387912244,0.9880957668592473,0.7742434315983414
1934,6,16,1.140059840998313,0.9095400917805436,1.036633531776849,1.1555538924006465,0.8365516447503637,1.2194025622739744,1.1633703279400431,1.1791432026548052,1.227598114873609
1934,7,16,1.420613139533233,1.3210048053457164,1.516840764184815,1.7943585098523722,1.3386441251867165,1.546805176326376,1.094670497867226,1.448900822966736,1.4776828926964976
1934,8,16,1.1633703279400431,0.9158689278522835,1.227598114873609,1.420613139533233,1.1555538924006465,1.4776828926964976,1.140059840998313,1.2112550905647514,1.4584395527766725
1934,9,16,0.6909372986442485,0.509096225242481,0.6959013247944554,1.1323816013982793,0.9286433114116314,1.1870999587710893,0.6201459428547512,1.227598114873609,1.094670497867226
1934,10,16,0.36238702830547903,0.13469443500118447,0.2740561026347913,0.5720614319145675,0.5048501119298575,0.7579789269694355,0.4086428666372111,0.8307097103747596,0.7008968729548893
1934,11,16,0.09198622408827888,0.018984612986057695,0.05668952997575408,0.3294538560923283,0.3294538560923283,0.48004426003992595,0.16992486857940237,0.5488023533665455,0.44491426069810724
1934,12,16,0.07641687300436327,0.006325774898019832,0.02464442853705689,0.25529584412551143,0.29406857013228244,0.48409980028010197,0.11914971439189609,0.6337668394955529,0.32659981101694435
1935,1,16,0.0360978295456551,0.004241911315464728,0.018777167484551303,0.19850138908982956,0.2232505536354637,0.3126653574281668,0.07419269739260904,0.35927346399978555,0.17628721146054846
1935,2,15,0.0826508119514224,0.008398270949436966,0.06330230264185067,0.18454667789870863,0.2021377423750035,0.36552522703715173,0.14381438104526503,0.45635468386526484,0.25079299123520793
1935,3,16,0.0507173491661864,0.018777167484551303,0.05726332786415311,0.266878181327944,0.23349839875364556,0.3848811708177017,0.23141505169093857,0.47202597402366464,0.4192302166946394
1935,4,16,0.15492793973926253,0.1385360277027567,0.13469443500118447,0.43743330854245943,0.34406878079642395,0.6011562116818694,0.35618433205269456,0.6337668394955529,0.5673389964957174
1935,5,16,0.4602273727626923,0.4602273727626923,0.6156636125709467,0.6337668394955529,0.44869833273275456,0.7633665387912244,0.7579789269694355,0.7964091130121354,0.8969982073636494
1935,6,16,1.140059840998313,0.8663092947491254,1.08726260559247,1.1555538924006465,0.8424298522376009,1.2524769315562716,1.235842237785739,1.2949295106317156,1.1477837828654396
1935,7,16,1.5267716744718602,1.2949295106317156,1.5367598185892122,1.4873881463835035,1.1021229353130118,1.4299878862053648,1.3475413810716863,1.4299878862053648,1.4971492289929935
1935,8,16,1.0580712027538408,0.954664952341534,1.260868080178582,1.2112550905647514,0.9679155149713755,1.3210048053457164,1.1555538924006465,1.2524769315562716,1.4584395527766725
1935,9,16,0.7109832705211528,0.5488023533665455,0.7526249729127923,0.7908157503157398,0.6476519846728149,0.9415747742506521,0.8249038738819208,1.1323816013982793,1.072579322816437
1935,10,16,0.2692515056329172,0.15207812235696033,0.17149542965682388,0.5352639731392714,0.47601972367215367,0.7008968729548893,0.4337360260741305,0.8191338914296127,0.7211978644987613
1935,11,16,0.06204961469772544,0.018984612986057695,0.04261680445039755,0.412144549787289,0.40172079356742907,0.5768196564448042,0.11470874258353453,0.638365643813706,0.4337360260741305
1935,12,16,0.0453288528779313,0.0076463182110477305,0.02386047646350586,0.2740561026347913,0.3237683647632718,0.3949058702736455,0.04486609482788575,0.44491426069810724,0.24856893679653677
1936,1,16,0.03572261071768334,0.0036122258910338757,0.01228186543494312,0.15349697956945987,0.17307927276720572,0.28894404236700316,0.07346462384548472,0.5580005381692135,0.19315900145758252
1936,2,15,0.018984612986057695,0.0098809650159214,0.028023751598297394,0.09937303490530026,0.10937110514827957,0.27164410712512976,0.09022002839745802,0.4300672621977019,0.2692515056329172
1936,3,16,0.06457819003429092,0.02260480607455227,0.06587768588614189,0.2114969208498173,0.18967087148547238,0.4156736129825431,0.14247779281928313,0.5864444532726852,0.32659981101694435
1936,4,16,0.1622677914774175,0.14516244953361535,0.20397868617401527,0.412144549787289,0.3237683647632718,0.5580005381692135,0.28894404236700316,0.638365643813706,0.6291973956327173
1936,5,16,0.5488023533665455,0.5308192794794219,0.49645459549471266,0.8846093259417787,0.6570577273625485,0.9612700806986987,0.6429939711158054,0.9158689278522835,1.0580712027538408
1936,6,16,1.3122621379669488,0.8723717863172363,0.8907847350400708,1.4971492289929935,1.08726260559247,1.448900822966736,1.0508822889252258,1.117161912473846,1.2524769315562716
1936,7,16,1.4776828926964976,1.235842237785739,1.6292697461902834,1.5670694607367222,1.1712333258104757,1.577288853411552,1.2441350945812064,1.235842237785739,1.4971492289929935
1936,8,16,1.3386441251867165,1.0508822889252258,1.269308536302198,1.3386441251867165,1.0798989561288492,1.3654919319474887,0.9746014660652549,1.2441350945812064,1.4394171188077765
1936,9,16,0.6713931178777732,0.5864444532726852,0.802037423816417,0.8907847350400708,0.7315420709985173,0.954664952341534,0.7579789269694355,1.094670497867226,1.1791432026548052
1936,10,16,0.2764877067749383,0.15929444611831717,0.24200446630808997,0.45635468386526484,0.40516834096614107,0.6337668394955529,0.5626521139457117,0.6618057867720727,0.813399624195797
1936,11,16,0.10326704207014978,0.02386047646350586,0.03763528869984914,0.40516834096614107,0.40516834096614107,0.5133748670827035,0.22526659393251364,0.5768196564448042,0.44869833273275456
1936,12,16,0.03535098663873562,0.0076463182110477305,0.04047171674816732,0.36552522703715173,0.42642685169205674,0.5006363090356607,0.11914971439189609,0.48818655886552986,0.28390124109261955
1937,1,16,0.08678066179569702,0.004972098945054145,0.047224172286977534,0.25529584412551143,0.27893898976889203,0.3410992862932853,0.06204961469772544,0.4680628111464642,0.20397868617401527
1937,2,15,0.0400548123995108,0.00954423310465508,0.03216303584623426,0.12374783985926269,0.13724448153248409,0.2621887813592279,0.10730059399844574,0.5220306584688729,0.27164410712512976
1937,3,16,0.07641687300436327,0.02117854189785921,0.03802896073590573,0.22934869813438946,0.2003119963821429,0.3531194689923795,0.13095070593900196,0.48818655886552986,0.3783276484162285
1937,4,16,0.17628721146054846,0.11470874258353453,0.16377343996781998,0.5673389964957174,0.4525117352023692,0.7211978644987613,0.29406857013228244,0.6713931178777732,0.6201459428547512
1937,5,16,0.5048501119298575,0.4680628111464642,0.5768196564448042,0.9222365804638852,0.6909372986442485,1.0653034799455627,0.747304490150718,1.0017546884461395,0.9350893071965957
1937,6,16,1.3297987155612054,0.954664952341534,1.1096199222589602,1.3928126625622093,1.015579971648209,1.2863390427246293,1.072579322816437,1.2112550905647514,1.30357054455601
1937,7,16,1.4394171188077765,1.117161912473846,1.5367598185892122,1.8407902147713004,1.3745459258895092,1.7155738768260158,1.235842237785739,1.3475413810716863,1.4584395527766725
1937,8,16,1.094670497867226,0.90324992560064,1.0086464189514435,1.577288853411552,1.30357054455601,1.577288853411552,1.0508822889252258,1.30357054455601,1.4873881463835035
1937,9,16,0.8483445262729107,0.5397425625539715,0.7526249729127923,0.8784717243721161,0.7211978644987613,1.015579971648209,0.768787974036368,1.072579322816437,1.1096199222589602
1937,10,16,0.3915381409802734,0.14652207374437068,0.22125103042530414,0.6246571504363365,0.5580005381692135,0.8307097103747596,0.44491426069810724,0.8542958790486401,0.7008968729548893
1937,11,16,0.13095070593900196,0.01590625848244087,0.05228593080594312,0.33233065363581776,0.33815321250765645,0.47202597402366464,0.14652207374437068,0.5626521139457117,0.40172079356742907
1937,12,16,0.05123533400532606,0.0093256792806235,0.019405854699526773,0.18967087148547238,0.22526659393251364,0.2914960163141716,0.07717176659535036,0.42642685169205674,0.2598724746280262
1938,1,16,0.04047171674816732,0.00554405920644116,0.028323810281520347,0.20770668012725152,0.23559888620060485,0.33815321250765645,0.060213255511546736,0.44869833273275456,0.2021377423750035
1938,2,15,0.03685917437511559,0.008902387840558903,0.02986901694665512,0.33523039298113116,0.3686882070879855,0.4602273727626923,0.12610739771615176,0.40172079356742907,0.2114969208498173
1938,3,16,0.08105001906543824,0.026566922070198576,0.09469508690933738,0.3237683647632718,0.2864124745918821,0.5626521139457117,0.2021377423750035,0.6291973956327173,0.3750892448741023
1938,4,16,0.19140764638397387,0.1506713176328853,0.23559888620060485,0.47202597402366464,0.3686882070879855,0.6156636125709467,0.5442552796955045,0.5397425625539715,0.7211978644987613
1938,5,16,0.5913115166039266,0.4411593198979518,0.5133748670827035,0.7526249729127923,0.5488023533665455,0.8663092947491254,0.7742434315983414,0.7964091130121354,1.117161912473846
1938,6,16,1.1633703279400431,0.9222365804638852,1.0508822889252258,1.227598114873609,0.8846093259417787,1.1633703279400431,1.015579971648209,1.235842237785739,1.1633703279400431
1938,7,16,1.6082994539440802,1.1477837828654396,1.4394171188077765,1.8290844788602527,1.383652717843076,1.5670694607367222,1.30357054455601,1.269308536302198,1.5069667083820484
1938,8,16,1.269308536302198,0.9095400917805436,1.3386441251867165,1.383652717843076,1.117161912473846,1.4680334851609995,1.08726260559247,1.2524769315562716,1.516840764184815
1938,9,16,0.9679155149713755,0.5913115166039266,0.7526249729127923,0.9813281660307673,0.8077008647395393,1.08726260559247,0.6811031665525672,1.094670497867226,1.0580712027538408
1938,10,16,0.47601972367215367,0.11042003484639329,0.21341567599936426,0.6523398503817459,0.5816139153019643,0.8077008647395393,0.40172079356742907,0.8249038738819208,0.768787974036368
1938,11,16,0.12374783985926269,0.029241844308787325,0.05784246124682873,0.4192302166946394,0.4156736129825431,0.5962153530103731,0.25079299123520793,0.705924130446149,0.4156736129825431
1938,12,16,0.06854903949718019,0.004455240151200444,0.023604311469819294,0.30994450622404923,0.3531194689923795,0.4086428666372111,0.05901691497174316,0.3949058702736455,0.29927598984500153
1939,1,16,0.04969580095391137,0.003070191908266144,0.017002129471667356,0.17628721146054846,0.2003119963821429,0.30994450622404923,0.07717176659535036,0.49645459549471266,0.22526659393251364
1939,2,15,0.03572261071768334,0.010833366843655838,0.06787202182384103,0.25079299123520793,0.2740561026347913,0.48409980028010197,0.12972415152498454,0.43743330854245943,0.22934869813438946
1939,3,16,0.054999703977722116,0.03882769883670972,0.08184682593071502,0.266878181327944,0.23141505169093857,0.42642685169205674,0.16682317486688875,0.4228145647672206,0.32659981101694435
1939,4,16,0.20959394243487864,0.13469443500118447,0.23141505169093857,0.38159157329420146,0.29927598984500153,0.5913115166039266,0.4680628111464642,0.7367632234953649,0.5673389964957174
1939,5,16,0.5864444532726852,0.5397425625539715,0.4300672621977019,0.7008968729548893,0.5048501119298575,0.8723717863172363,0.7526249729127923,0.747304490150718,0.9415747742506521
1939,6,16,1.235842237785739,0.8723717863172363,1.1633703279400431,1.1555538924006465,0.8365516447503637,1.2194025622739744,1.1633703279400431,1.1555538924006465,1.260868080178582
1939,7,16,1.5267716744718602,0.9880957668592473,1.3928126625622093,1.5569083295900081,1.1712333258104757,1.4971492289929935,1.3928126625622093,1.2441350945812064,1.5569083295900081
1939,8,16,1.1951040714433108,1.0225555012362058,1.2949295106317156,1.4776828926964976,1.1870999587710893,1.5569083295900081,1.235842237785739,1.2777988017467927,1.4971492289929935
1939,9,16,0.7109832705211528,0.5816139153019643,0.7633665387912244,0.8249038738819208,0.6762327147260709,1.0225555012362058,0.8365516447503637,1.0437364510769724,1.1791432026548052
1939,10,16,0.25529584412551143,0.12258330333557428,0.23141505169093857,0.48818655886552986,0.4337360260741305,0.6201459428547512,0.36238702830547903,0.7742434315983414,0.7797330895636643
1939,11,16,0.09469508690933738,0.02094906144511599,0.04919215625157378,0.36552522703715173,0.36552522703715173,0.509096225242481,0.14652207374437068,0.6811031665525672,0.47601972367215367
1939,12,16,0.09842081996894843,0.008204124234193508,0.06787202182384103,0.14927643079181244,0.18286696529524105,0.2764877067749383,0.14381438104526503,0.40172079356742907,0.33815321250765645
1940,1,16,0.08428060534070804,0.007556835545331711,0.012005864388001245,0.11690989242945843,0.13596397913418537,0.2021377423750035,0.06204961469772544,0.2598724746280262,0.2530352713653214
1940,2,15,0.06457819003429092,0.009218145798719364,0.03763528869984914,0.12972415152498454,0.14115259635140953,0.1879485152438897,0.10937110514827957,0.398300035857636,0.29927598984500153
1940,3,16,0.08428060534070804,0.03535098663873562,0.08184682593071502,0.1578265859330223,0.13596397913418537,0.2864124745918821,0.22526659393251364,0.5133748670827035,0.398300035857636
1940,4,16,0.29406857013228244,0.13343575168303975,0.22125103042530414,0.40172079356742907,0.3126653574281668,0.5397425625539715,0.47601972367215367,0.6860046378358027,0.6713931178777732
1940,5,16,0.5768196564448042,0.40172079356742907,0.48818655886552986,0.9415747742506521,0.7160744518909166,1.036633531776849,0.7420172984200354,0.8969982073636494,0.9415747742506521
1940,6,16,1.1477837828654396,0.8723717863172363,1.1096199222589602,1.3122621379669488,0.9612700806986987,1.3475413810716863,1.1477837828654396,1.140059840998313,1.269308536302198
1940,7,16,1.6082994539440802,1.2112550905647514,1.420613139533233,1.411292515987717,1.0580712027538408,1.4299878862053648,1.3122621379669488,1.2112550905647514,1.5367598185892122
1940,8,16,1.260868080178582,0.8191338914296127,1.260868080178582,1.2441350945812064,1.0017546884461395,1.2112550905647514,1.117161912473846,1.1712333258104757,1.411292515987717
1940,9,16,0.90324992560064,0.44869833273275456,0.705924130446149,0.9158689278522835,0.747304490150718,0.9158689278522835,0.6811031665525672,1.094670497867226,1.0580712027538408
1940,10,16,0.3848811708177017,0.10228063152095998,0.17307927276720572,0.5816139153019643,0.5133748670827035,0.705924130446149,0.4192302166946394,0.802037423816417,0.7964091130121354
1940,11,16,0.0974769843398749,0.011735610656159148,0.04969580095391137,0.264523994068994,0.264523994068994,0.45635468386526484,0.16377343996781998,0.6476519846728149,0.5048501119298575
1940,12,16,0.07274311876419186,0.006401681577479244,0.01757581962723304,0.17791151195059932,0.20959394243487864,0.31540801113137973,0.15207812235696033,0.3126653574281668,0.30994450622404923
1941,1,16,0.0453288528779313,0.004621716391748746,0.011602601341644469,0.12492251139475548,0.14115259635140953,0.16077483068357945,0.10228063152095998,0.3294538560923283,0.21341567599936426
1941,2,15,0.07346462384548472,0.005477625028239608,0.016445770090947998,0.14516244953361535,0.1563711104839952,0.23771664116048866,0.08678066179569702,0.4337360260741305,0.3019112099883466
1941,3,16,0.07274311876419186,0.019194167470861508,0.03572261071768334,0.20583496036835902,0.17954950429582245,0.3531194689923795,0.21341567599936426,0.5397425625539715,0.5006363090356607
1941,4,16,0.21730104717698556,0.13343575168303975,0.15207812235696033,0.35927346399978555,0.28141011963293605,0.5264082465960891,0.4300672621977019,0.5962153530103731,0.7526249729127923
1941,5,16,0.6061343432908831,0.48409980028010197,0.5352639731392714,0.705924130446149,0.5176862740855324,0.8307097103747596,0.7315420709985173,0.7109832705211528,1.0295732885200235
1941,6,16,1.2949295106317156,0.9095400917805436,1.269308536302198,1.117161912473846,0.802037423816417,1.1951040714433108,1.2441350945812064,1.1791432026548052,1.3210048053457164
1941,7,16,1.5267716744718602,1.2524769315562716,1.6936297975615104,1.9003110921388262,1.4394171188077765,1.7489586676783773,1.2949295106317156,1.383652717843076,1.4971492289929935
1941,8,16,1.2863390427246293,0.9286433114116314,1.383652717843076,1.2194025622739744,0.9813281660307673,1.2777988017467927,1.1791432026548052,1.1791432026548052,1.5569083295900081
1941,9,16,0.7211978644987613,0.4923047474399588,0.7964091130121354,0.8249038738819208,0.6762327147260709,0.9813281660307673,0.7633665387912244,1.0295732885200235,1.1021229353130118
1941,10,16,0.24636290798927374,0.13724448153248409,0.29406857013228244,0.4086428666372111,0.36238702830547903,0.6156636125709467,0.4300672621977019,0.7742434315983414,0.9415747742506521
1941,11,16,0.07641687300436327,0.016445770090947998,0.0435037635091238,0.3019112099883466,0.29666185325935435,0.4300672621977019,0.17467648329282695,0.5488023533665455,0.5048501119298575
1941,12,16,0.048693210779346005,0.003523431481829273,0.01836855047997442,0.12142881110930626,0.14381438104526503,0.2864124745918821,0.11147820564546172,0.44491426069810724,0.31540801113137973
1942,1,16,0.08105001906543824,0.00782822893370881,0.03572261071768334,0.09022002839745802,0.10627887897313519,0.14381438104526503,0.07717176659535036,0.2740561026347913,0.2114969208498173
1942,2,15,0.07202812832738148,0.007380775850807989,0.02386047646350586,0.12028431899640095,0.132187882445143,0.2021377423750035,0.06204961469772544,0.2864124745918821,0.23349839875364556
1942,3,16,0.07131959205445848,0.01626408502997268,0.043058177715543364,0.17467648329282695,0.15207812235696033,0.2740561026347913,0.24856893679653677,0.5488023533665455,0.49645459549471266
1942,4,16,0.19315900145758252,0.10937110514827957,0.16682317486688875,0.44869833273275456,0.3531194689923795,0.6337668394955529,0.4086428666372111,0.6811031665525672,0.7526249729127923
1942,5,16,0.6959013247944554,0.4300672621977019,0.5176862740855324,0.6860046378358027,0.49645459549471266,0.8191338914296127,0.6523398503817459,0.90324992560064,0.9480999395298644
1942,6,16,1.3122621379669488,0.813399624195797,1.0580712027538408,1.1555538924006465,0.8365516447503637,1.1096199222589602,1.1870999587710893,1.1555538924006465,1.2112550905647514
1942,7,16,1.6187547517232053,1.1870999587710893,1.6827503744244698,1.4971492289929935,1.117161912473846,1.3564904741882404,1.2524769315562716,1.30357054455601,1.5367598185892122
1942,8,16,1.269308536302198,0.8307097103747596,1.1951040714433108,1.260868080178582,1.015579971648209,1.3386441251867165,1.1633703279400431,1.3386441251867165,1.448900822966736
1942,9,16,0.8307097103747596,0.49645459549471266,0.802037423816417,0.8602840519698725,0.705924130446149,0.9949045428992775,0.8424298522376009,1.269308536302198,1.117161912473846
1942,10,16,0.40172079356742907,0.1398386906613684,0.19670575305594534,0.47601972367215367,0.4192302166946394,0.705924130446149,0.398300035857636,1.0017546884461395,0.7742434315983414
1942,11,16,0.07202812832738148,0.02335067975465889,0.0481989246401273,0.33523039298113116,0.33233065363581776,0.48409980028010197,0.2232505536354637,0.5176862740855324,0.5488023533665455
1942,12,16,0.0308330472030357,0.010833366843655838,0.05444680443414911,0.17791151195059932,0.20583496036835902,0.37187615395839163,0.10833131212353539,0.5006363090356607,0.28390124109261955
1943,1,16,0.030187229878459603,0.00712378934711142,0.02236110495993857,0.12258330333557428,0.14115259635140953,0.24417479494164704,0.06522496714832947,0.4525117352023692,0.219267882329746
1943,2,15,0.06923225033239602,0.00943437197563172,0.05281862062018365,0.2740561026347913,0.29406857013228244,0.4411593198979518,0.10627887897313519,0.4923047474399588,0.28141011963293605
1943,3,16,0.06393732460114222,0.047709253366456844,0.11254565927628278,0.36238702830547903,0.32095935604307185,0.5442552796955045,0.16682317486688875,0.6156636125709467,0.42642685169205674
1943,4,16,0.22125103042530414,0.1652918735406934,0.3500787030489772,0.4525117352023692,0.3531194689923795,0.6618057867720727,0.42642685169205674,0.7633665387912244,0.6429939711158054
1943,5,16,0.6429939711158054,0.5048501119298575,0.5913115166039266,0.7852571322370795,0.5768196564448042,0.9350893071965957,0.8077008647395393,0.9480999395298644,0.8483445262729107
1943,6,16,1.3654919319474887,0.8191338914296127,1.072579322816437,1.3297987155612054,0.9679155149713755,1.2949295106317156,1.0798989561288492,1.1021229353130118,1.1870999587710893
1943,7,16,1.5569083295900081,1.0295732885200235,1.4584395527766725,1.546805176326376,1.1633703279400431,1.4394171188077765,1.3654919319474887,1.3654919319474887,1.5569083295900081
1943,8,16,1.2441350945812064,0.8542958790486401,1.3386441251867165,1.227598114873609,0.9880957668592473,1.235842237785739,1.2949295106317156,1.448900822966736,1.5069667083820484
1943,9,16,0.8077008647395393,0.5673389964957174,0.8663092947491254,0.90324992560064,0.7420172984200354,1.0017546884461395,0.7852571322370795,1.1712333258104757,1.1791432026548052
1943,10,16,0.398300035857636,0.18120129268811008,0.3019112099883466,0.5397425625539715,0.48004426003992595,0.8077008647395393,0.40516834096614107,0.9415747742506521,0.7526249729127923
1943,11,16,0.17791151195059932,0.017002129471667356,0.04969580095391137,0.37187615395839163,0.3750892448741023,0.4680628111464642,0.15349697956945987,0.5442552796955045,0.48409980028010197
1943,12,16,0.09378410448980266,0.005477625028239608,0.029553897565693595,0.32095935604307185,0.3750892448741023,0.42642685169205674,0.12142881110930626,0.48004426003992595,0.33815321250765645
1944,1,16,0.07131959205445848,0.004241911315464728,0.03149157005581238,0.20770668012725152,0.23559888620060485,0.31540801113137973,0.06720116641398385,0.48004426003992595,0.21341567599936426
1944,2,15,0.07346462384548472,0.008902387840558903,0.04174651587383894,0.22934869813438946,0.24856893679653677,0.3686882070879855,0.10228063152095998,0.3410992862932853,0.23559888620060485
1944,3,16,0.07641687300436327,0.03802896073590573,0.08510651534200449,0.27893898976889203,0.24200446630808997,0.40516834096614107,0.24856893679653677,0.4156736129825431,0.47202597402366464
1944,4,16,0.2232505536354637,0.11147820564546172,0.219267882329746,0.35927346399978555,0.28141011963293605,0.5352639731392714,0.4228145647672206,0.747304490150718,0.7008968729548893
1944,5,16,0.6061343432908831,0.5220306584688729,0.47202597402366464,0.6762327147260709,0.48818655886552986,0.7852571322370795,0.7263536787716525,0.8907847350400708,1.015579971648209
1944,6,16,1.3122621379669488,0.8483445262729107,0.9480999395298644,1.117161912473846,0.8077008647395393,1.1021229353130118,1.235842237785739,1.08726260559247,1.2112550905647514
1944,7,16,1.5267716744718602,1.0653034799455627,1.5069667083820484,1.4873881463835035,1.117161912473846,1.5069667083820484,1.3210048053457164,1.3122621379669488,1.6936297975615104
1944,8,16,1.1951040714433108,0.9480999395298644,1.3122621379669488,1.2524769315562716,1.0086464189514435,1.4020257484057594,1.1870999587710893,1.5670694607367222,1.516840764184815
1944,9,16,0.747304490150718,0.61121,0.7908157503157398,0.9095400917805436,0.7526249729127923,0.9949045428992775,0.7797330895636643,1.0653034799455627,1.0437364510769724
1944,10,16,0.38819663243666447,0.12258330333557428,0.23141505169093857,0.6429939711158054,0.5768196564448042,0.7742434315983414,0.38819663243666447,0.7797330895636643,0.7367632234953649
1944,11,16,0.10326704207014978,0.01757581962723304,0.04626758604580228,0.3410992862932853,0.33815321250765645,0.46413001250679403,0.11802493121452227,0.5864444532726852,0.47202597402366464
1944,12,16,0.08346206010510525,0.006556028356235242,0.03647667475281147,0.3072453012627378,0.36238702830547903,0.45635468386526484,0.05335630831318143,0.43743330854245943,0.264523994068994
1945,1,16,0.06854903949718019,0.003523431481829273,0.020721885935240394,0.14247779281928313,0.16377343996781998,0.24200446630808997,0.05842696928591707,0.2740561026347913,0.18967087148547238
1945,2,15,0.06522496714832947,0.0072085175848667854,0.031825673220943304,0.21730104717698556,0.23771664116048866,0.3686882070879855,0.04486609482788575,0.5220306584688729,0.2114969208498173
1945,3,16,0.07274311876419186,0.02772662515091659,0.05961232640312615,0.2621887813592279,0.23141505169093857,0.5006363090356607,0.14115259635140953,0.6011562116818694,0.3686882070879855
1945,4,16,0.14115259635140953,0.1622677914774175,0.264523994068994,0.509096225242481,0.398300035857636,0.6713931178777732,0.5264082465960891,0.7908157503157398,0.6201459428547512
1945,5,16,0.5133748670827035,0.47601972367215367,0.6201459428547512,0.7315420709985173,0.5352639731392714,0.8846093259417787,0.9746014660652549,1.0653034799455627,0.8602840519698725
1945,6,16,1.1870999587710893,0.8483445262729107,1.3386441251867165,1.1555538924006465,0.8424298522376009,1.2112550905647514,1.203155701616725,1.2949295106317156,1.2112550905647514
1945,7,16,1.4873881463835035,1.1555538924006465,1.6187547517232053,1.6936297975615104,1.269308536302198,1.5979035635521046,1.2863390427246293,1.5069667083820484,1.516840764184815
1945,8,16,1.235842237785739,0.9286433114116314,1.3122621379669488,1.4680334851609995,1.1870999587710893,1.4680334851609995,1.1951040714433108,1.2777988017467927,1.4680334851609995
1945,9,16,0.7211978644987613,0.5048501119298575,0.8723717863172363,0.8483445262729107,0.6909372986442485,0.9612700806986987,0.8365516447503637,1.1555538924006465,1.1870999587710893
1945,10,16,0.3531194689923795,0.147893384369598,0.33523039298113116,0.398300035857636,0.35618433205269456,0.6665841929952824,0.48409980028010197,0.8602840519698725,0.7852571322370795
1945,11,16,0.05961232640312615,0.02335067975465889,0.047224172286977534,0.32095935604307185,0.32659981101694435,0.4602273727626923,0.20397868617401527,0.5442552796955045,0.48409980028010197
1945,12,16,0.05901691497174316,0.0054119289723469285,0.01626408502997268,0.14927643079181244,0.17628721146054846,0.3237683647632718,0.10526608567042556,0.49645459549471266,0.2740561026347913
1946,1,16,0.05020417998115182,0.0038912164342173746,0.014875941604115525,0.24636290798927374,0.27893898976889203,0.30994450622404923,0.11362248012983124,0.3686882070879855,0.23771664116048866
1946,2,15,0.043058177715543364,0.005346963508337208,0.021644465884067623,0.11580451053422416,0.12492251139475548,0.264523994068994,0.17791151195059932,0.5220306584688729,0.30994450622404923
1946,3,16,0.06854903949718019,0.01836855047997442,0.06457819003429092,0.219267882329746,0.18967087148547238,0.38819663243666447,0.13343575168303975,0.5580005381692135,0.43743330854245943
1946,4,16,0.17628721146054846,0.12850813660574747,0.23349839875364556,0.45635468386526484,0.35927346399978555,0.6713931178777732,0.48818655886552986,0.8077008647395393,0.8483445262729107
1946,5,16,0.6476519846728149,0.3531194689923795,0.46413001250679403,0.7633665387912244,0.5626521139457117,0.9222365804638852,0.6959013247944554,0.9612700806986987,1.0580712027538408
1946,6,16,1.3928126625622093,0.8191338914296127,0.9612700806986987,1.235842237785739,0.8969982073636494,1.1870999587710893,1.072579322816437,1.1247490617016531,1.2441350945812064
1946,7,16,1.5670694607367222,1.1712333258104757,1.6082994539440802,1.661175819861426,1.2441350945812064,1.5670694607367222,1.3745459258895092,1.4299878862053648,1.516840764184815
1946,8,16,1.2863390427246293,0.8784717243721161,1.2524769315562716,1.3386441251867165,1.0798989561288492,1.3745459258895092,1.094670497867226,1.2777988017467927,1.516840764184815
1946,9,16,0.7211978644987613,0.47202597402366464,0.5720614319145675,1.0086464189514435,0.8249038738819208,1.0798989561288492,0.6860046378358027,1.1633703279400431,1.1323816013982793
1946,10,16,0.33815321250765645,0.12028431899640095,0.24636290798927374,0.5133748670827035,0.4525117352023692,0.6811031665525672,0.47202597402366464,0.768787974036368,0.8602840519698725
1946,11,16,0.07870213300533878,0.01816733226475303,0.03882769883670972,0.2864124745918821,0.2864124745918821,0.4923047474399588,0.19850138908982956,0.5816139153019643,0.4300672621977019
1946,12,16,0.027432398944789025,0.006794019327363853,0.014875941604115525,0.35927346399978555,0.4156736129825431,0.4228145647672206,0.06720116641398385,0.3915381409802734,0.2530352713653214
1947,1,16,0.03149157005581238,0.004294337040720999,0.015383137786159068,0.23141505169093857,0.2598724746280262,0.31540801113137973,0.05961232640312615,0.32095935604307185,0.2003119963821429
1947,2,15,0.03802896073590573,0.0098809650159214,0.017968150245299776,0.08510651534200449,0.0974769843398749,0.15929444611831717,0.08026034110747679,0.33233065363581776,0.2575748666523599
1947,3,16,0.11580451053422416,0.028023751598297394,0.07641687300436327,0.15207812235696033,0.13343575168303975,0.27164410712512976,0.1879485152438897,0.5580005381692135,0.5133748670827035
1947,4,16,0.17954950429582245,0.15207812235696033,0.2530352713653214,0.4337360260741305,0.33815321250765645,0.5864444532726852,0.5352639731392714,0.813399624195797,0.7742434315983414
1947,5,16,0.5768196564448042,0.3750892448741023,0.6201459428547512,0.7964091130121354,0.5962153530103731,1.036633531776849,0.7579789269694355,1.0437364510769724,0.9949045428992775
1947,6,16,1.0580712027538408,0.8969982073636494,1.1477837828654396,1.4020257484057594,1.036633531776849,1.3745459258895092,1.072579322816437,1.3122621379669488,1.2863390427246293
1947,7,16,1.5267716744718602,1.1323816013982793,1.639844833837808,1.6936297975615104,1.269308536302198,1.5875668954572382,1.269308536302198,1.5267716744718602,1.516840764184815
1947,8,16,1.0295732885200235,0.8907847350400708,1.2112550905647514,1.3475413810716863,1.08726260559247,1.5069667083820484,1.094670497867226,1.5367598185892122,1.577288853411552
1947,9,16,0.7315420709985173,0.5626521139457117,0.7160744518909166,1.0017546884461395,0.813399624195797,1.117161912473846,0.7797330895636643,1.3297987155612054,1.203155701616725
1947,10,16,0.3531194689923795,0.20397868617401527,0.4337360260741305,0.5352639731392714,0.4680628111464642,0.6762327147260709,0.38159157329420146,0.8424298522376009,0.7263536787716525
1947,11,16,0.1398386906613684,0.018984612986057695,0.03763528869984914,0.2575748666523599,0.2575748666523599,0.3848811708177017,0.16077483068357945,0.6713931178777732,0.5048501119298575
1947,12,16,0.09288117172492567,0.00434736287750065,0.03149157005581238,0.17467648329282695,0.20583496036835902,0.3072453012627378,0.055557756621748985,0.47202597402366464,0.28141011963293605
1948,1,16,0.05961232640312615,0.004793942469118124,0.02986901694665512,0.10228063152095998,0.11914971439189609,0.20583496036835902,0.09654146114175859,0.5488023533665455,0.20770668012725152
1948,2,15,0.05123533400532606,0.010347038358293,0.030187229878459603,0.2114969208498173,0.23559888620060485,0.3410992862932853,0.09022002839745802,0.4337360260741305,0.24200446630808997
1948,3,16,0.06457819003429092,0.03647667475281147,0.09561417474235036,0.34706185451156896,0.30456758727801414,0.5488023533665455,0.27893898976889203,0.6665841929952824,0.38159157329420146
1948,4,16,0.16377343996781998,0.15207812235696033,0.23349839875364556,0.5442552796955045,0.4337360260741305,0.7109832705211528,0.5220306584688729,0.7367632234953649,0.7008968729548893
1948,5,16,0.5580005381692135,0.46413001250679403,0.48818655886552986,0.8424298522376009,0.6246571504363365,0.9415747742506521,0.6665841929952824,0.9949045428992775,0.9350893071965957
1948,6,16,1.227598114873609,0.9813281660307673,1.0017546884461395,1.1633703279400431,0.8483445262729107,1.1870999587710893,1.0580712027538408,1.094670497867226,1.1323816013982793
1948,7,16,1.5979035635521046,1.1555538924006465,1.6504799880996153,1.6082994539440802,1.203155701616725,1.5569083295900081,1.4776828926964976,1.1633703279400431,1.5069667083820484
1948,8,16,1.1951040714433108,1.0225555012362058,1.269308536302198,1.117161912473846,0.90324992560064,1.227598114873609,1.1633703279400431,1.260868080178582,1.4394171188077765
1948,9,16,0.7008968729548893,0.509096225242481,0.8723717863172363,0.9158689278522835,0.747304490150718,1.0017546884461395,0.7633665387912244,1.08726260559247,1.140059840998313
1948,10,16,0.29666185325935435,0.16682317486688875,0.33815321250765645,0.5048501119298575,0.44869833273275456,0.638365643813706,0.4086428666372111,0.8542958790486401,0.7742434315983414
1948,11,16,0.07419269739260904,0.02386047646350586,0.0974769843398749,0.35927346399978555,0.36552522703715173,0.48409980028010197,0.14516244953361535,0.6061343432908831,0.4337360260741305
1948,12,16,0.028626827550514346,0.005887570445048812,0.028323810281520347,0.3294538560923283,0.38819663243666447,0.5048501119298575,0.13095070593900196,0.46413001250679403,0.2764877067749383
1949,1,16,0.04919215625157378,0.004793942469118124,0.04174651587383894,0.2575748666523599,0.2914960163141716,0.38159157329420146,0.11147820564546172,0.4525117352023692,0.23141505169093857
1949,2,15,0.03250369025569642,0.0076463182110477305,0.03647667475281147,0.2864124745918821,0.30994450622404923,0.4525117352023692,0.14652207374437068,0.4337360260741305,0.22729927434521113
1949,3,16,0.11914971439189609,0.022850954785927996,0.07793350375656735,0.25529584412551143,0.2232505536354637,0.40516834096614107,0.1652918735406934,0.4525117352023692,0.4192302166946394
1949,4,16,0.1578265859330223,0.14652207374437068,0.264523994068994,0.46413001250679403,0.36552522703715173,0.6476519846728149,0.49645459549471266,0.8307097103747596,0.7263536787716525
1949,5,16,0.46413001250679403,0.47601972367215367,0.5397425625539715,0.7852571322370795,0.5864444532726852,0.9813281660307673,0.7263536787716525,0.8424298522376009,1.0086464189514435
1949,6,16,1.036633531776849,1.0653034799455627,0.954664952341534,1.1323816013982793,0.8249038738819208,1.1870999587710893,1.0653034799455627,1.1323816013982793,1.0508822889252258
1949,7,16,1.4394171188077765,1.1633703279400431,1.448900822966736,1.3386441251867165,0.9949045428992775,1.3928126625622093,1.2441350945812064,1.4680334851609995,1.5569083295900081
1949,8,16,1.3745459258895092,0.9286433114116314,1.2949295106317156,1.1870999587710893,0.954664952341534,1.235842237785739,1.227598114873609,1.383652717843076,1.4020257484057594
1949,9,16,0.9286433114116314,0.5768196564448042,0.7964091130121354,1.0580712027538408,0.8723717863172363,1.203155701616725,0.7008968729548893,1.3654919319474887,1.1791432026548052
1949,10,16,0.36552522703715173,0.1578265859330223,0.3294538560923283,0.5133748670827035,0.45635468386526484,0.7367632234953649,0.44491426069810724,0.9679155149713755,0.7420172984200354
1949,11,16,0.16077483068357945,0.012005864388001245,0.029553897565693595,0.4411593198979518,0.43743330854245943,0.5533840320292823,0.1622677914774175,0.5816139153019643,0.4086428666372111
1949,12,16,0.051758180737095524,0.004912043758393882,0.03802896073590573,0.24417479494164704,0.28141011963293605,0.38819663243666447,0.05668952997575408,0.5397425625539715,0.2692515056329172
1950,1,16,0.05335630831318143,0.006556028356235242,0.01329470212120037,0.11802493121452227,0.13724448153248409,0.23985177015699385,0.10627887897313519,0.40172079356742907,0.21535034509403772
1950,2,15,0.025452080972784546,0.009218145798719364,0.026852578878525903,0.16377343996781998,0.18120129268811008,0.3410992862932853,0.08934865358533446,0.5220306584688729,0.19850138908982956
1950,3,16,0.09842081996894843,0.026003988631438022,0.06653640231013853,0.2914960163141716,0.2575748666523599,0.47202597402366464,0.20583496036835902,0.5768196564448042,0.38819663243666447
1950,4,16,0.19315900145758252,0.11914971439189609,0.17791151195059932,0.5442552796955045,0.4337360260741305,0.6618057867720727,0.29666185325935435,0.6337668394955529,0.5864444532726852
1950,5,16,0.61121,0.4086428666372111,0.5533840320292823,0.7633665387912244,0.5626521139457117,0.9158689278522835,0.8249038738819208,1.0225555012362058,0.9095400917805436
1950,6,16,1.3475413810716863,0.8723717863172363,1.117161912473846,1.2949295106317156,0.9415747742506521,1.2524769315562716,1.1555538924006465,1.383652717843076,1.2524769315562716
1950,7,16,1.5367598185892122,0.9949045428992775,1.4680334851609995,1.4971492289929935,1.1247490617016531,1.420613139533233,1.3654919319474887,1.5670694607367222,1.5569083295900081
1950,8,16,1.227598114873609,0.7964091130121354,1.2441350945812064,1.4680334851609995,1.1870999587710893,1.4971492289929935,1.1477837828654396,1.3654919319474887,1.4394171188077765
1950,9,16,0.8602840519698725,0.44869833273275456,0.7211978644987613,0.9415747742506521,0.7742434315983414,1.0295732885200235,0.802037423816417,1.072579322816437,1.0508822889252258
1950,10,16,0.30456758727801414,0.11690989242945843,0.23985177015699385,0.6201459428547512,0.5442552796955045,0.7526249729127923,0.3531194689923795,0.813399624195797,0.7160744518909166
1950,11,16,0.07870213300533878,0.013445530883189316,0.034257370297132626,0.29406857013228244,0.29666185325935435,0.4411593198979518,0.11254565927628278,0.6337668394955529,0.42642685169205674
1950,12,16,0.06330230264185067,0.0033940294001770462,0.02518019320738531,0.20770668012725152,0.24200446630808997,0.3072453012627378,0.08593985014995745,0.3949058702736455,0.24856893679653677
1951,1,16,0.02628406888141157,0.0033940294001770462,0.01836855047997442,0.11362248012983124,0.13095070593900196,0.24200446630808997,0.07717176659535036,0.48818655886552986,0.21341567599936426
1951,2,15,0.04395358491471006,0.0072085175848667854,0.01590625848244087,0.16992486857940237,0.18286696529524105,0.3531194689923795,0.08184682593071502,0.4680628111464642,0.219267882329746
1951,3,16,0.047709253366456844,0.02260480607455227,0.06143184658040096,0.2232505536354637,0.2003119963821429,0.3237683647632718,0.15349697956945987,0.47601972367215367,0.40172079356742907
1951,4,16,0.19140764638397387,0.10228063152095998,0.19670575305594534,0.48004426003992595,0.38159157329420146,0.5816139153019643,0.398300035857636,0.6570577273625485,0.6011562116818694
1951,5,16,0.5913115166039266,0.398300035857636,0.5133748670827035,0.6429939711158054,0.4602273727626923,0.7908157503157398,0.8723717863172363,0.8483445262729107,0.8723717863172363
1951,6,16,1.140059840998313,0.8483445262729107,0.9158689278522835,1.0225555012362058,0.7420172984200354,1.1247490617016531,1.235842237785739,1.117161912473846,1.1096199222589602
1951,7,16,1.5875668954572382,1.1096199222589602,1.4020257484057594,1.2949295106317156,0.9679155149713755,1.30357054455601,1.4020257484057594,1.3386441251867165,1.4299878862053648
1951,8,16,1.4776828926964976,1.0017546884461395,1.1323816013982793,1.5267716744718602,1.235842237785739,1.4584395527766725,1.0580712027538408,1.2777988017467927,1.448900822966736
1951,9,16,0.8483445262729107,0.5220306584688729,0.8542958790486401,0.954664952341534,0.7852571322370795,1.094670497867226,0.802037423816417,1.1712333258104757,1.1791432026548052
1951,10,16,0.28894404236700316,0.1622677914774175,0.31817261625851767,0.6959013247944554,0.6337668394955529,0.7908157503157398,0.4337360260741305,0.7633665387912244,0.8784717243721161
1951,11,16,0.132187882445143,0.022850954785927996,0.05901691497174316,0.23349839875364556,0.23349839875364556,0.48409980028010197,0.1862404866303367,0.6909372986442485,0.5220306584688729
1951,12,16,0.051758180737095524,0.011870028041322447,0.051758180737095524,0.21730104717698556,0.264523994068994,0.44869833273275456,0.15349697956945987,0.47601972367215367,0.3531194689923795
1952,1,16,0.029553897565693595,0.002740264558971559,0.01681477090160313,0.19315900145758252,0.22729927434521113,0.2692515056329172,0.09378410448980266,0.4086428666372111,0.23141505169093857
1952,2,15,0.03802896073590573,0.004793942469118124,0.02986901694665512,0.2021377423750035,0.219267882329746,0.33523039298113116,0.06992171256404357,0.37187615395839163,0.3019112099883466
1952,3,16,0.06923225033239602,0.03842642107501674,0.047709253366456844,0.2021377423750035,0.17791151195059932,0.36238702830547903,0.17307927276720572,0.5442552796955045,0.3949058702736455
1952,4,16,0.1862404866303367,0.13095070593900196,0.1622677914774175,0.4923047474399588,0.3848811708177017,0.7160744518909166,0.3848811708177017,0.7742434315983414,0.747304490150718
1952,5,16,0.5220306584688729,0.3686882070879855,0.44491426069810724,0.7211978644987613,0.5220306584688729,0.8784717243721161,0.768787974036368,0.9415747742506521,0.9158689278522835
1952,6,16,1.1712333258104757,0.813399624195797,1.0225555012362058,1.235842237785739,0.8969982073636494,1.1555538924006465,1.094670497867226,1.2441350945812064,1.2112550905647514
1952,7,16,1.5367598185892122,1.2863390427246293,1.448900822966736,1.448900822966736,1.08726260559247,1.3745459258895092,1.2949295106317156,1.5875668954572382,1.4971492289929935
1952,8,16,1.1791432026548052,1.0225555012362058,1.2524769315562716,1.094670497867226,0.8784717243721161,1.2112550905647514,1.235842237785739,1.3928126625622093,1.420613139533233
1952,9,16,0.6811031665525672,0.4923047474399588,0.8307097103747596,0.8077008647395393,0.6618057867720727,0.8365516447503637,0.8191338914296127,0.9095400917805436,1.1247490617016531
1952,10,16,0.3686882070879855,0.07870213300533878,0.15492793973926253,0.4192302166946394,0.36238702830547903,0.6156636125709467,0.36552522703715173,0.7852571322370795,0.7797330895636643
1952,11,16,0.17467648329282695,0.006478429370981873,0.025452080972784546,0.264523994068994,0.2621887813592279,0.37187615395839163,0.10937110514827957,0.5264082465960891,0.4602273727626923
1952,12,16,0.07641687300436327,0.005611237756490901,0.015555720478925434,0.14247779281928313,0.17467648329282695,0.30456758727801414,0.08510651534200449,0.44491426069810724,0.3126653574281668
1953,1,16,0.029241844308787325,0.005032836344570506,0.021410334746245346,0.18454667789870863,0.21341567599936426,0.28390124109261955,0.08934865358533446,0.3500787030489772,0.21341567599936426
1953,2,15,0.05961232640312615,0.0076463182110477305,0.03647667475281147,0.12492251139475548,0.13596397913418537,0.27893898976889203,0.10730059399844574,0.3848811708177017,0.3072453012627378
1953,3,16,0.06923225033239602,0.03149157005581238,0.08346206010510525,0.3500787030489772,0.30456758727801414,0.5580005381692135,0.22125103042530414,0.5533840320292823,0.509096225242481
1953,4,16,0.2598724746280262,0.15929444611831717,0.266878181327944,0.5133748670827035,0.40516834096614107,0.6570577273625485,0.37187615395839163,0.7315420709985173,0.7160744518909166
1953,5,16,0.5768196564448042,0.509096225242481,0.5048501119298575,0.768787974036368,0.5673389964957174,0.9095400917805436,0.8077008647395393,0.9949045428992775,0.9679155149713755
1953,6,16,1.269308536302198,0.8969982073636494,1.094670497867226,1.661175819861426,1.2194025622739744,1.5569083295900081,1.235842237785739,1.0653034799455627,1.2441350945812064
1953,7,16,1.5569083295900081,1.0086464189514435,1.7602128942422874,1.5069667083820484,1.117161912473846,1.5069667083820484,1.4020257484057594,1.3386441251867165,1.6082994539440802
1953,8,16,1.2777988017467927,0.8846093259417787,1.1712333258104757,1.3297987155612054,1.072579322816437,1.3745459258895092,1.094670497867226,1.2949295106317156,1.4299878862053648
1953,9,16,0.813399624195797,0.5220306584688729,0.7315420709985173,0.8307097103747596,0.6762327147260709,0.9949045428992775,0.9480999395298644,1.1477837828654396,1.1477837828654396
1953,10,16,0.3237683647632718,0.1385360277027567,0.266878181327944,0.6337668394955529,0.5626521139457117,0.8483445262729107,0.4156736129825431,0.90324992560064,0.7367632234953649
1953,11,16,0.09654146114175859,0.017002129471667356,0.0481989246401273,0.398300035857636,0.398300035857636,0.5673389964957174,0.14927643079181244,0.5673389964957174,0.4680628111464642
1953,12,16,0.05281862062018365,0.006401681577479244,0.0435037635091238,0.3237683647632718,0.38159157329420146,0.45635468386526484,0.10426217354978394,0.5488023533665455,0.33523039298113116
1954,1,16,0.03284766567953099,0.004565594270021053,0.01590625848244087,0.19850138908982956,0.23141505169093857,0.25529584412551143,0.08593985014995745,0.33815321250765645,0.19492499431332358
1954,2,15,0.04261680445039755,0.010958207258983348,0.01757581962723304,0.13343575168303975,0.14652207374437068,0.24417479494164704,0.10426217354978394,0.33815321250765645,0.23771664116048866
1954,3,16,0.10833131212353539,0.018984612986057695,0.08105001906543824,0.30994450622404923,0.2740561026347913,0.4411593198979518,0.16682317486688875,0.5626521139457117,0.4228145647672206
1954,4,16,0.13343575168303975,0.1506713176328853,0.19315900145758252,0.4411593198979518,0.34406878079642395,0.5720614319145675,0.3949058702736455,0.5962153530103731,0.7109832705211528
1954,5,16,0.509096225242481,0.33233065363581776,0.42642685169205674,0.9095400917805436,0.6811031665525672,1.0437364510769724,0.61121,0.8365516447503637,0.954664952341534
1954,6,16,1.117161912473846,0.9480999395298644,1.2112550905647514,1.1477837828654396,0.8307097103747596,1.1951040714433108,1.117161912473846,1.1633703279400431,1.203155701616725
1954,7,16,1.5670694607367222,1.2441350945812064,1.5267716744718602,1.6504799880996153,1.2441350945812064,1.4584395527766725,1.2194025622739744,1.1633703279400431,1.4299878862053648
1954,8,16,1.577288853411552,0.9813281660307673,1.4873881463835035,1.2777988017467927,1.036633531776849,1.3210048053457164,1.2863390427246293,1.1870999587710893,1.4584395527766725
1954,9,16,0.802037423816417,0.509096225242481,0.6665841929952824,0.9158689278522835,0.7526249729127923,0.9746014660652549,0.802037423816417,1.1247490617016531,1.1712333258104757
1954,10,16,0.36238702830547903,0.14927643079181244,0.2575748666523599,0.46413001250679403,0.4156736129825431,0.6811031665525672,0.412144549787289,0.8723717863172363,0.6811031665525672
1954,11,16,0.12142881110930626,0.01738263383640961,0.056121022884503914,0.2764877067749383,0.2740561026347913,0.4525117352023692,0.17307927276720572,0.6291973956327173,0.45635468386526484
1954,12,16,0.039232839528359625,0.006030413327845606,0.03461839744320006,0.31540801113137973,0.3686882070879855,0.4300672621977019,0.05020417998115182,0.5580005381692135,0.27164410712512976
1955,1,16,0.05123533400532606,0.006794019327363853,0.0507173491661864,0.1506713176328853,0.17628721146054846,0.2740561026347913,0.05842696928591707,0.42642685169205674,0.20583496036835902
1955,2,15,0.0305085575497635,0.008596660917070098,0.014875941604115525,0.11254565927628278,0.12730256715185614,0.2530352713653214,0.11580451053422416,0.40172079356742907,0.3126653574281668
1955,3,16,0.05389902022729115,0.017968150245299776,0.03647667475281147,0.20959394243487864,0.18120129268811008,0.3500787030489772,0.1652918735406934,0.42642685169205674,0.5006363090356607
1955,4,16,0.18967087148547238,0.10627887897313519,0.1862404866303367,0.33523039298113116,0.264523994068994,0.509096225242481,0.3531194689923795,0.6762327147260709,0.5913115166039266
1955,5,16,0.5626521139457117,0.49645459549471266,0.48004426003992595,0.6337668394955529,0.45635468386526484,0.7367632234953649,0.7908157503157398,0.8483445262729107,0.7852571322370795
1955,6,16,1.2777988017467927,0.9095400917805436,1.0437364510769724,0.9949045428992775,0.7160744518909166,1.094670497867226,1.1247490617016531,1.1323816013982793,1.2112550905647514
1955,7,16,1.639844833837808,0.954664952341534,1.6187547517232053,1.5267716744718602,1.140059840998313,1.5875668954572382,1.2949295106317156,1.3122621379669488,1.4680334851609995
1955,8,16,1.094670497867226,0.8846093259417787,1.2949295106317156,1.3928126625622093,1.1247490617016531,1.4971492289929935,1.2524769315562716,1.2524769315562716,1.4776828926964976
1955,9,16,0.7797330895636643,0.4602273727626923,0.6762327147260709,0.9813281660307673,0.802037423816417,1.094670497867226,0.768787974036368,1.072579322816437,1.1477837828654396
1955,10,16,0.33233065363581776,0.132187882445143,0.25079299123520793,0.4602273727626923,0.4086428666372111,0.6476519846728149,0.398300035857636,0.7742434315983414,0.7367632234953649
1955,11,16,0.05228593080594312,0.01777098166753715,0.0507173491661864,0.21535034509403772,0.219267882329746,0.48004426003992595,0.22729927434521113,0.5488023533665455,0.47601972367215367
1955,12,16,0.04131753361337308,0.004793942469118124,0.011735610656159148,0.08428060534070804,0.10033368685496828,0.2598724746280262,0.14115259635140953,0.5720614319145675,0.32659981101694435
1956,1,16,0.034257370297132626,0.0054119289723469285,0.014710338656814701,0.13724448153248409,0.1578265859330223,0.24636290798927374,0.06787202182384103,0.4680628111464642,0.2003119963821429
1956,2,15,0.03216303584623426,0.009006509164326843,0.03284766567953099,0.11254565927628278,0.12258330333557428,0.22729927434521113,0.09022002839745802,0.23349839875364556,0.2740561026347913
1956,3,16,0.08848501037985207,0.020721885935240394,0.06204961469772544,0.266878181327944,0.23985177015699385,0.4086428666372111,0.17149542965682388,0.4923047474399588,0.4228145647672206
1956,4,16,0.20397868617401527,0.08678066179569702,0.15492793973926253,0.3237683647632718,0.2530352713653214,0.5264082465960891,0.4411593198979518,0.5913115166039266,0.7420172984200354
1956,5,16,0.5488023533665455,0.32659981101694435,0.398300035857636,0.7908157503157398,0.5913115166039266,0.9222365804638852,0.747304490150718,0.9350893071965957,1.1323816013982793
1956,6,16,1.1555538924006465,0.9415747742506521,1.117161912473846,1.2524769315562716,0.9095400917805436,1.1633703279400431,1.0086464189514435,0.9949045428992775,1.227598114873609
1956,7,16,1.6082994539440802,1.08726260559247,1.7489586676783773,1.4873881463835035,1.1096199222589602,1.3928126625622093,1.3564904741882404,1.2863390427246293,1.546805176326376
1956,8,16,1.117161912473846,0.8602840519698725,1.1712333258104757,1.1247490617016531,0.90324992560064,1.1555538924006465,1.1633703279400431,1.1477837828654396,1.3928126625622093
1956,9,16,0.747304490150718,0.5176862740855324,0.7526249729127923,0.8307097103747596,0.6762327147260709,0.9679155149713755,0.7964091130121354,1.1555538924006465,1.1791432026548052
1956,10,16,0.23985177015699385,0.09288117172492567,0.2021377423750035,0.4602273727626923,0.412144549787289,0.6860046378358027,0.4156736129825431,0.7742434315983414,0.7367632234953649
1956,11,16,0.07717176659535036,0.02094906144511599,0.08184682593071502,0.18120129268811008,0.18454667789870863,0.3783276484162285,0.16077483068357945,0.5176862740855324,0.4680628111464642
1956,12,16,0.04131753361337308,0.008014135615253692,0.034257370297132626,0.17307927276720572,0.20959394243487864,0.37187615395839163,0.07717176659535036,0.5006363090356607,0.29666185325935435
1957,1,16,0.08678066179569702,0.007039987105011562,0.03498292226328315,0.23771664116048866,0.266878181327944,0.36238702830547903,0.06923225033239602,0.38819663243666447,0.20770668012725152
1957,2,15,0.0400548123995108,0.006634487179964336,0.017191409854635322,0.18120129268811008,0.2021377423750035,0.3237683647632718,0.07641687300436327,0.5626521139457117,0.2114969208498173
1957,3,16,0.08678066179569702,0.020721885935240394,0.06393732460114222,0.22526659393251364,0.19670575305594534,0.3915381409802734,0.20583496036835902,0.6618057867720727,0.3848811708177017
1957,4,16,0.22934869813438946,0.11470874258353453,0.17467648329282695,0.47202597402366464,0.3750892448741023,0.5864444532726852,0.412144549787289,0.6665841929952824,0.5864444532726852
1957,5,16,0.5264082465960891,0.4337360260741305,0.48409980028010197,0.7008968729548893,0.5176862740855324,0.813399624195797,0.6762327147260709,0.7526249729127923,0.7633665387912244
1957,6,16,1.1323816013982793,0.8723717863172363,1.1555538924006465,1.0437364510769724,0.7579789269694355,1.0798989561288492,1.2112550905647514,1.1791432026548052,1.117161912473846
1957,7,16,1.4873881463835035,1.0798989561288492,1.577288853411552,1.7266393493649983,1.30357054455601,1.4873881463835035,1.2441350945812064,1.3386441251867165,1.4584395527766725
1957,8,16,1.5875668954572382,0.8784717243721161,1.2949295106317156,1.2777988017467927,1.0295732885200235,1.269308536302198,1.1096199222589602,1.1791432026548052,1.4020257484057594
1957,9,16,0.802037423816417,0.45635468386526484,0.6337668394955529,0.8542958790486401,0.7008968729548893,0.9350893071965957,0.7526249729127923,1.0508822889252258,1.08726260559247
1957,10,16,0.36552522703715173,0.101302872602053,0.2003119963821429,0.5264082465960891,0.4680628111464642,0.7211978644987613,0.412144549787289,0.8249038738819208,0.705924130446149
1957,11,16,0.07870213300533878,0.01738263383640961,0.024910985533895952,0.35618433205269456,0.35927346399978555,0.4923047474399588,0.21341567599936426,0.6156636125709467,0.44869833273275456
1957,12,16,0.03149157005581238,0.0072085175848667854,0.02628406888141157,0.18454667789870863,0.22125103042530414,0.36552522703715173,0.13095070593900196,0.45635468386526484,0.2740561026347913
1958,1,16,0.05020417998115182,0.0037030919881834126,0.02188095681496661,0.11802493121452227,0.132187882445143,0.24856893679653677,0.08593985014995745,0.4228145647672206,0.2598724746280262
1958,2,15,0.031825673220943304,0.007468326419519938,0.028023751598297394,0.14247779281928313,0.16377343996781998,0.21535034509403772,0.132187882445143,0.5220306584688729,0.2575748666523599
1958,3,16,0.08184682593071502,0.01816733226475303,0.043058177715543364,0.2003119963821429,0.17791151195059932,0.27893898976889203,0.19315900145758252,0.3915381409802734,0.4525117352023692
1958,4,16,0.19492499431332358,0.10426217354978394,0.132187882445143,0.3848811708177017,0.30456758727801414,0.5533840320292823,0.4156736129825431,0.5580005381692135,0.7633665387912244
1958,5,16,0.6011562116818694,0.3783276484162285,0.44491426069810724,0.6762327147260709,0.4923047474399588,0.8191338914296127,0.7526249729127923,1.015579971648209,0.8307097103747596
1958,6,16,1.4299878862053648,0.7263536787716525,0.9158689278522835,1.1791432026548052,0.8542958790486401,1.1791432026548052,1.0295732885200235,1.094670497867226,1.1712333258104757
1958,7,16,1.7602128942422874,1.036633531776849,1.6187547517232053,1.3475413810716863,1.0017546884461395,1.3475413810716863,1.30357054455601,1.3386441251867165,1.5569083295900081
1958,8,16,1.5069667083820484,0.9158689278522835,1.1555538924006465,1.3654919319474887,1.1096199222589602,1.3475413810716863,1.1791432026548052,1.3386441251867165,1.4020257484057594
1958,9,16,0.8907847350400708,0.5133748670827035,0.6762327147260709,0.9286433114116314,0.7579789269694355,1.1096199222589602,0.7908157503157398,1.2112550905647514,1.140059840998313
1958,10,16,0.29927598984500153,0.10937110514827957,0.1862404866303367,0.5864444532726852,0.5176862740855324,0.8249038738819208,0.4086428666372111,0.813399624195797,0.7579789269694355
1958,11,16,0.09378410448980266,0.012143141630172763,0.04674362778746634,0.45635468386526484,0.45635468386526484,0.5864444532726852,0.18967087148547238,0.5913115166039266,0.48818655886552986
1958,12,16,0.051758180737095524,0.005958594040892903,0.01590625848244087,0.13596397913418537,0.1622677914774175,0.3019112099883466,0.13343575168303975,0.5308192794794219,0.34406878079642395
1959,1,16,0.031160707555319744,0.004190079459744589,0.015043261510432858,0.15349697956945987,0.17954950429582245,0.2232505536354637,0.07566876715450438,0.42642685169205674,0.20397868617401527
1959,2,15,0.08105001906543824,0.009006509164326843,0.03461839744320006,0.3686882070879855,0.398300035857636,0.40172079356742907,0.101302872602053,0.4156736129825431,0.21535034509403772
1959,3,16,0.04626758604580228,0.04089260801153246,0.12142881110930626,0.4228145647672206,0.3750892448741023,0.5442552796955045,0.19492499431332358,0.6246571504363365,0.43743330854245943
1959,4,16,0.16992486857940237,0.12142881110930626,0.17467648329282695,0.4192302166946394,0.3294538560923283,0.6665841929952824,0.4525117352023692,0.7211978644987613,0.7211978644987613
1959,5,16,0.48409980028010197,0.4525117352023692,0.4086428666372111,0.7964091130121354,0.5962153530103731,0.90324992560064,0.6811031665525672,0.9286433114116314,0.8542958790486401
1959,6,16,1.1096199222589602,0.954664952341534,1.2777988017467927,1.2524769315562716,0.9222365804638852,1.2441350945812064,1.0508822889252258,1.1870999587710893,1.2524769315562716
1959,7,16,1.420613139533233,1.0437364510769724,1.4873881463835035,1.5069667083820484,1.1247490617016531,1.516840764184815,1.3475413810716863,1.516840764184815,1.420613139533233
1959,8,16,1.0437364510769724,1.0580712027538408,1.3564904741882404,1.3564904741882404,1.094670497867226,1.4394171188077765,1.1633703279400431,1.2949295106317156,1.516840764184815
1959,9,16,0.705924130446149,0.5913115166039266,0.8365516447503637,0.8424298522376009,0.6860046378358027,1.0017546884461395,0.8907847350400708,1.1712333258104757,1.2194025622739744
1959,10,16,0.27164410712512976,0.13095070593900196,0.2232505536354637,0.5442552796955045,0.48004426003992595,0.7579789269694355,0.46413001250679403,0.8249038738819208,0.8365516447503637
1959,11,16,0.06522496714832947,0.02772662515091659,0.06081974870243936,0.32659981101694435,0.3237683647632718,0.5533840320292823,0.11802493121452227,0.5533840320292823,0.43743330854245943
1959,12,16,0.04626758604580228,0.006713812972995813,0.0204969806903192,0.2003119963821429,0.22934869813438946,0.398300035857636,0.07641687300436327,0.5488023533665455,0.28390124109261955
1960,1,16,0.028023751598297394,0.004241911315464728,0.013751951340907955,0.12374783985926269,0.14927643079181244,0.24636290798927374,0.08848501037985207,0.4156736129825431,0.20959394243487864
1960,2,15,0.06522496714832947,0.007920678496957026,0.022119824418793375,0.12142881110930626,0.13724448153248409,0.2530352713653214,0.14381438104526503,0.4525117352023692,0.3410992862932853
1960,3,16,0.06587768588614189,0.02772662515091659,0.04261680445039755,0.3126653574281668,0.2764877067749383,0.4525117352023692,0.20770668012725152,0.5673389964957174,0.38159157329420146
1960,4,16,0.1622677914774175,0.10033368685496828,0.17628721146054846,0.5133748670827035,0.4086428666372111,0.6337668394955529,0.3915381409802734,0.6762327147260709,0.6061343432908831
1960,5,16,0.6156636125709467,0.4156736129825431,0.48004426003992595,0.9480999395298644,0.7160744518909166,0.9679155149713755,0.6429939711158054,0.954664952341534,0.8784717243721161
1960,6,16,1.3122621379669488,0.9286433114116314,1.1021229353130118,1.3297987155612054,0.9679155149713755,1.30357054455601,1.036633531776849,1.203155701616725,1.2441350945812064
1960,7,16,1.420613139533233,1.1323816013982793,1.420613139533233,1.7943585098523722,1.3564904741882404,1.448900822966736,1.3386441251867165,1.1555538924006465,1.5069667083820484
1960,8,16,1.1951040714433108,0.8784717243721161,1.1323816013982793,1.383652717843076,1.117161912473846,1.3564904741882404,1.1633703279400431,1.2194025622739744,1.5569083295900081
1960,9,16,0.7526249729127923,0.47601972367215367,0.7109832705211528,0.9350893071965957,0.7633665387912244,1.0437364510769724,0.7852571322370795,0.9880957668592473,1.1247490617016531
1960,10,16,0.3126653574281668,0.10526608567042556,0.19140764638397387,0.3686882070879855,0.33233065363581776,0.6061343432908831,0.37187615395839163,0.8307097103747596,0.7579789269694355
1960,11,16,0.0626730820641863,0.015383137786159068,0.03250369025569642,0.2598724746280262,0.2621887813592279,0.47202597402366464,0.15349697956945987,0.6860046378358027,0.4300672621977019
1960,12,16,0.08346206010510525,0.006634487179964336,0.0435037635091238,0.19492499431332358,0.23559888620060485,0.35927346399978555,0.08428060534070804,0.46413001250679403,0.264523994068994
1961,1,16,0.04486609482788575,0.0034797975404868868,0.012706870151374351,0.17628721146054846,0.20397868617401527,0.2764877067749383,0.07641687300436327,0.4156736129825431,0.23141505169093857
1961,2,15,0.03354569765565716,0.011735610656159148,0.0305085575497635,0.23349839875364556,0.2598724746280262,0.4228145647672206,0.10426217354978394,0.5720614319145675,0.21341567599936426
1961,3,16,0.04674362778746634,0.022850954785927996,0.11254565927628278,0.3237683647632718,0.28390124109261955,0.5220306584688729,0.17791151195059932,0.6156636125709467,0.4411593198979518
1961,4,16,0.11470874258353453,0.10228063152095998,0.2003119963821429,0.37187615395839163,0.2914960163141716,0.61121,0.5580005381692135,0.8191338914296127,0.6713931178777732
1961,5,16,0.5816139153019643,0.38159157329420146,0.45635468386526484,0.7367632234953649,0.5442552796955045,0.8969982073636494,0.6959013247944554,0.8077008647395393,0.9813281660307673
1961,6,16,1.3210048053457164,0.8846093259417787,0.8483445262729107,1.3745459258895092,1.0086464189514435,1.3122621379669488,0.9679155149713755,1.1633703279400431,1.2441350945812064
1961,7,16,1.6292697461902834,1.0653034799455627,1.3928126625622093,1.6292697461902834,1.227598114873609,1.3928126625622093,1.2777988017467927,1.2112550905647514,1.5670694607367222
1961,8,16,1.2441350945812064,0.9612700806986987,1.1323816013982793,1.2863390427246293,1.0295732885200235,1.2524769315562716,1.094670497867226,1.269308536302198,1.4680334851609995
1961,9,16,0.7797330895636643,0.5673389964957174,0.8365516447503637,0.9222365804638852,0.7526249729127923,1.094670497867226,0.7742434315983414,1.383652717843076,1.2112550905647514
1961,10,16,0.25079299123520793,0.11580451053422416,0.19315900145758252,0.7526249729127923,0.6811031665525672,0.9480999395298644,0.30456758727801414,0.9286433114116314,0.7211978644987613
1961,11,16,0.07870213300533878,0.022119824418793375,0.05444680443414911,0.3915381409802734,0.38819663243666447,0.5488023533665455,0.219267882329746,0.5816139153019643,0.4086428666372111
1961,12,16,0.02893282381748186,0.010228651837241544,0.018984612986057695,0.1385360277027567,0.16682317486688875,0.2914960163141716,0.11914971439189609,0.47601972367215367,0.2764877067749383
1962,1,16,0.06787202182384103,0.006875110344043346,0.03882769883670972,0.1563711104839952,0.18454667789870863,0.30994450622404923,0.07641687300436327,0.48409980028010197,0.21535034509403772
1962,2,15,0.06787202182384103,0.0112118873646689,0.047709253366456844,0.18286696529524105,0.20397868617401527,0.3531194689923795,0.10627887897313519,0.4086428666372111,0.29406857013228244
1962,3,16,0.06143184658040096,0.026852578878525903,0.07061747806888345,0.13343575168303975,0.12028431899640095,0.2864124745918821,0.23141505169093857,0.3949058702736455,0.47202597402366464
1962,4,16,0.17954950429582245,0.13724448153248409,0.19850138908982956,0.5006363090356607,0.40172079356742907,0.61121,0.3949058702736455,0.6860046378358027,0.6959013247944554
1962,5,16,0.45635468386526484,0.42642685169205674,0.412144549787289,0.7420172984200354,0.5533840320292823,0.8191338914296127,0.8542958790486401,0.7797330895636643,0.8846093259417787
1962,6,16,1.2863390427246293,0.7964091130121354,0.9813281660307673,1.08726260559247,0.7908157503157398,1.1021229353130118,1.1633703279400431,1.08726260559247,1.1951040714433108
1962,7,16,1.5670694607367222,1.1323816013982793,1.6082994539440802,1.3122621379669488,0.9746014660652549,1.269308536302198,1.2949295106317156,1.2524769315562716,1.4873881463835035
1962,8,16,1.4584395527766725,0.90324992560064,1.3386441251867165,1.140059840998313,0.9158689278522835,1.203155701616725,1.269308536302198,1.4020257484057594,1.4776828926964976
1962,9,16,0.7633665387912244,0.4525117352023692,0.7797330895636643,0.8483445262729107,0.7008968729548893,0.954664952341534,0.8907847350400708,1.094670497867226,1.0580712027538408
1962,10,16,0.4086428666372111,0.11690989242945843,0.22125103042530414,0.5962153530103731,0.5308192794794219,0.7742434315983414,0.4192302166946394,0.8483445262729107,0.747304490150718
1962,11,16,0.101302872602053,0.015212324783125212,0.03389981383776069,0.35618433205269456,0.35618433205269456,0.43743330854245943,0.14652207374437068,0.5176862740855324,0.4192302166946394
1962,12,16,0.07492738624309996,0.008902387840558903,0.022119824418793375,0.1385360277027567,0.16377343996781998,0.29666185325935435,0.1622677914774175,0.34706185451156896,0.2740561026347913
1963,1,16,0.039232839528359625,0.011602601341644469,0.027432398944789025,0.15929444611831717,0.1862404866303367,0.2232505536354637,0.09842081996894843,0.2621887813592279,0.22526659393251364
1963,2,15,0.051758180737095524,0.012422052514363952,0.04969580095391137,0.13343575168303975,0.14927643079181244,0.21341567599936426,0.132187882445143,0.2692515056329172,0.31540801113137973
1963,3,16,0.06143184658040096,0.0308330472030357,0.0826508119514224,0.1862404866303367,0.1622677914774175,0.35618433205269456,0.31540801113137973,0.47601972367215367,0.43743330854245943
1963,4,16,0.264523994068994,0.10033368685496828,0.14652207374437068,0.48004426003992595,0.3848811708177017,0.6337668394955529,0.2864124745918821,0.7160744518909166,0.6860046378358027
1963,5,16,0.6762327147260709,0.34406878079642395,0.412144549787289,1.0437364510769724,0.7964091130121354,1.0295732885200235,0.7633665387912244,0.8483445262729107,0.8365516447503637
1963,6,16,1.235842237785739,0.8424298522376009,0.9415747742506521,1.1323816013982793,0.813399624195797,1.2949295106317156,1.0798989561288492,1.1096199222589602,1.2863390427246293
1963,7,16,1.5670694607367222,1.0295732885200235,1.546805176326376,1.3745459258895092,1.0225555012362058,1.3654919319474887,1.2949295106317156,1.383652717843076,1.5069667083820484
1963,8,16,1.3745459258895092,0.9286433114116314,1.3654919319474887,1.3475413810716863,1.08726260559247,1.4299878862053648,1.2194025622739744,1.1951040714433108,1.420613139533233
1963,9,16,0.7420172984200354,0.5176862740855324,0.7109832705211528,1.036633531776849,0.8602840519698725,1.0580712027538408,0.7211978644987613,1.117161912473846,1.1021229353130118
1963,10,16,0.30994450622404923,0.12492251139475548,0.31540801113137973,0.5913115166039266,0.5220306584688729,0.7742434315983414,0.3915381409802734,0.8077008647395393,0.8191338914296127
1963,11,16,0.06587768588614189,0.025726673137137838,0.0626730820641863,0.2740561026347913,0.27893898976889203,0.44491426069810724,0.2621887813592279,0.7526249729127923,0.4680628111464642
1963,12,16,0.08678066179569702,0.012563716970911033,0.024119202932341027,0.21535034509403772,0.2575748666523599,0.3783276484162285,0.14247779281928313,0.35618433205269456,0.3126653574281668
1964,1,16,0.03498292226328315,0.006030413327845606,0.031160707555319744,0.3294538560923283,0.3750892448741023,0.37187615395839163,0.10228063152095998,0.33815321250765645,0.18286696529524105
1964,2,15,0.04579600866150087,0.007920678496957026,0.0453288528779313,0.147893384369598,0.16377343996781998,0.32659981101694435,0.0453288528779313,0.4602273727626923,0.24856893679653677
1964,3,16,0.039641864726607086,0.026003988631438022,0.047224172286977534,0.2530352713653214,0.22125103042530414,0.4337360260741305,0.23141505169093857,0.43743330854245943,0.45635468386526484
1964,4,16,0.11362248012983124,0.09561417474235036,0.14247779281928313,0.42642685169205674,0.33523039298113116,0.6713931178777732,0.4411593198979518,0.7160744518909166,0.6762327147260709
1964,5,16,0.5133748670827035,0.38159157329420146,0.412144549787289,0.802037423816417,0.6011562116818694,0.9679155149713755,0.7633665387912244,0.9880957668592473,0.8249038738819208
1964,6,16,1.117161912473846,0.8663092947491254,0.9158689278522835,1.1021229353130118,0.802037423816417,1.1555538924006465,1.203155701616725,1.2441350945812064,1.140059840998313
1964,7,16,1.420613139533233,1.0580712027538408,1.661175819861426,1.4584395527766725,1.094670497867226,1.3122621379669488,1.3386441251867165,1.4971492289929935,1.411292515987717
1964,8,16,1.2112550905647514,0.8307097103747596,1.3210048053457164,1.2112550905647514,0.9813281660307673,1.2194025622739744,1.2194025622739744,1.2524769315562716,1.4680334851609995
1964,9,16,0.7211978644987613,0.4192302166946394,0.813399624195797,0.8077008647395393,0.6618057867720727,0.9286433114116314,0.747304490150718,1.1323816013982793,1.1323816013982793
1964,10,16,0.34706185451156896,0.101302872602053,0.19315900145758252,0.6860046378358027,0.6246571504363365,0.7579789269694355,0.31540801113137973,0.7526249729127923,0.7420172984200354
1964,11,16,0.101302872602053,0.01314543492326594,0.04089260801153246,0.3072453012627378,0.3019112099883466,0.47601972367215367,0.20770668012725152,0.6429939711158054,0.43743330854245943
1964,12,16,0.03389981383776069,0.00434736287750065,0.028626827550514346,0.21730104717698556,0.2598724746280262,0.35927346399978555,0.15349697956945987,0.44491426069810724,0.266878181327944
1965,1,16,0.0308330472030357,0.004038085570814418,0.01681477090160313,0.1622677914774175,0.18967087148547238,0.29406857013228244,0.11580451053422416,0.4602273727626923,0.24200446630808997
1965,2,15,0.021410334746245346,0.007736778807620648,0.01681477090160313,0.2114969208498173,0.22729927434521113,0.3500787030489772,0.10937110514827957,0.3237683647632718,0.23349839875364556
1965,3,16,0.12258330333557428,0.027432398944789025,0.08184682593071502,0.219267882329746,0.19492499431332358,0.3915381409802734,0.20959394243487864,0.48004426003992595,0.38819663243666447
1965,4,16,0.24636290798927374,0.11042003484639329,0.20583496036835902,0.46413001250679403,0.36552522703715173,0.6570577273625485,0.3848811708177017,0.6201459428547512,0.5768196564448042
1965,5,16,0.5533840320292823,0.412144549787289,0.44869833273275456,0.6337668394955529,0.4525117352023692,0.8191338914296127,0.8846093259417787,0.8365516447503637,0.8307097103747596
1965,6,16,1.094670497867226,0.802037423816417,0.8191338914296127,1.1951040714433108,0.8663092947491254,1.2441350945812064,1.2112550905647514,1.1633703279400431,1.203155701616725
1965,7,16,1.5069667083820484,1.08726260559247,1.5670694607367222,1.2949295106317156,0.9612700806986987,1.235842237785739,1.3297987155612054,1.1951040714433108,1.4394171188077765
1965,8,16,1.2777988017467927,0.8723717863172363,1.383652717843076,1.1870999587710893,0.9612700806986987,1.2112550905647514,1.140059840998313,1.1712333258104757,1.3564904741882404
1965,9,16,0.7420172984200354,0.5962153530103731,0.7211978644987613,0.9746014660652549,0.802037423816417,1.1096199222589602,0.7852571322370795,0.9746014660652549,1.0798989561288492
1965,10,16,0.24856893679653677,0.13724448153248409,0.266878181327944,0.5673389964957174,0.5006363090356607,0.7797330895636643,0.4337360260741305,0.802037423816417,0.802037423816417
1965,11,16,0.12492251139475548,0.012422052514363952,0.02464442853705689,0.21730104717698556,0.219267882329746,0.33815321250765645,0.20770668012725152,0.5580005381692135,0.5133748670827035
1965,12,16,0.051758180737095524,0.00326904772762077,0.02236110495993857,0.11914971439189609,0.147893384369598,0.22125103042530414,0.10730059399844574,0.5533840320292823,0.2692515056329172
1966,1,16,0.019194167470861508,0.003523431481829273,0.01314543492326594,0.08762903653241891,0.10033368685496828,0.18286696529524105,0.11802493121452227,0.3531194689923795,0.2692515056329172
1966,2,15,0.03842642107501674,0.00343666442404913,0.00999562727149135,0.06330230264185067,0.07346462384548472,0.16682317486688875,0.1652918735406934,0.6246571504363365,0.3237683647632718
1966,3,16,0.05961232640312615,0.028323810281520347,0.04089260801153246,0.15929444611831717,0.13724448153248409,0.3915381409802734,0.266878181327944,0.48818655886552986,0.4086428666372111
1966,4,16,0.12730256715185614,0.12142881110930626,0.12610739771615176,0.3500787030489772,0.27164410712512976,0.48818655886552986,0.36552522703715173,0.747304490150718,0.6337668394955529
1966,5,16,0.5816139153019643,0.44869833273275456,0.5264082465960891,0.7109832705211528,0.5220306584688729,0.8784717243721161,0.7008968729548893,0.9222365804638852,0.8723717863172363
1966,6,16,1.2777988017467927,1.0017546884461395,0.9880957668592473,1.4020257484057594,1.015579971648209,1.4680334851609995,1.1633703279400431,1.227598114873609,1.2441350945812064
1966,7,16,1.5875668954572382,0.9813281660307673,1.411292515987717,1.5367598185892122,1.1477837828654396,1.4299878862053648,1.2194025622739744,1.1712333258104757,1.4299878862053648
1966,8,16,1.1712333258104757,0.8907847350400708,1.2441350945812064,1.1951040714433108,0.9612700806986987,1.260868080178582,1.1951040714433108,1.1633703279400431,1.4394171188077765
1966,9,16,0.8663092947491254,0.48004426003992595,0.7964091130121354,0.7315420709985173,0.5962153530103731,0.9095400917805436,0.9286433114116314,1.1555538924006465,1.0437364510769724
1966,10,16,0.3237683647632718,0.12730256715185614,0.19140764638397387,0.44491426069810724,0.3949058702736455,0.6860046378358027,0.4086428666372111,1.0017546884461395,0.7109832705211528
1966,11,16,0.08848501037985207,0.010958207258983348,0.030187229878459603,0.36238702830547903,0.3686882070879855,0.4680628111464642,0.2021377423750035,0.5006363090356607,0.42642685169205674
1966,12,16,0.05784246124682873,0.007039987105011562,0.04261680445039755,0.21535034509403772,0.25079299123520793,0.35927346399978555,0.05961232640312615,0.5006363090356607,0.28390124109261955
1967,1,16,0.047224172286977534,0.00408817268308723,0.028023751598297394,0.09654146114175859,0.11580451053422416,0.21535034509403772,0.06787202182384103,0.42642685169205674,0.19850138908982956
1967,2,15,0.03685917437511559,0.007920678496957026,0.02386047646350586,0.21341567599936426,0.23141505169093857,0.3750892448741023,0.09654146114175859,0.48409980028010197,0.2864124745918821
1967,3,16,0.07947773415510528,0.02464442853705689,0.08184682593071502,0.3783276484162285,0.33815321250765645,0.5176862740855324,0.20583496036835902,0.5816139153019643,0.38819663243666447
1967,4,16,0.2114969208498173,0.12028431899640095,0.21535034509403772,0.4680628111464642,0.37187615395839163,0.5913115166039266,0.42642685169205674,0.6246571504363365,0.6523398503817459
1967,5,16,0.5913115166039266,0.5176862740855324,0.47202597402366464,0.7742434315983414,0.5720614319145675,0.8907847350400708,0.9286433114116314,0.8784717243721161,0.8307097103747596
1967,6,16,1.1791432026548052,0.9415747742506521,1.1555538924006465,1.1791432026548052,0.8483445262729107,1.1870999587710893,1.0798989561288492,1.08726260559247,1.227598114873609
1967,7,16,1.4299878862053648,1.117161912473846,1.8643991806493525,1.4394171188077765,1.072579322816437,1.4020257484057594,1.30357054455601,1.4971492289929935,1.5267716744718602
1967,8,16,1.140059840998313,0.8602840519698725,1.1951040714433108,1.3745459258895092,1.117161912473846,1.3297987155612054,1.036633531776849,1.2777988017467927,1.4394171188077765
1967,9,16,0.7211978644987613,0.48004426003992595,0.7315420709985173,1.0017546884461395,0.8249038738819208,1.094670497867226,0.6909372986442485,1.0798989561288492,1.1555538924006465
1967,10,16,0.2764877067749383,0.1622677914774175,0.4156736129825431,0.5264082465960891,0.47202597402366464,0.7367632234953649,0.40172079356742907,0.9880957668592473,0.6909372986442485
1967,11,16,0.10526608567042556,0.01757581962723304,0.07870213300533878,0.44869833273275456,0.44869833273275456,0.5816139153019643,0.12492251139475548,0.6011562116818694,0.45635468386526484
1967,12,16,0.07061747806888345,0.005094259388067346,0.054999703977722116,0.0974769843398749,0.11914971439189609,0.27164410712512976,0.06854903949718019,0.4228145647672206,0.29927598984500153
1968,1,16,0.047224172286977534,0.004793942469118124,0.017191409854635322,0.09198622408827888,0.101302872602053,0.21730104717698556,0.06204961469772544,0.3949058702736455,0.18967087148547238
1968,2,15,0.03724537207321598,0.012563716970911033,0.03535098663873562,0.132187882445143,0.14927643079181244,0.28390124109261955,0.05961232640312615,0.4602273727626923,0.2114969208498173
1968,3,16,0.10526608567042556,0.04089260801153246,0.16077483068357945,0.266878181327944,0.23985177015699385,0.4411593198979518,0.20397868617401527,0.5352639731392714,0.44869833273275456
1968,4,16,0.16682317486688875,0.20397868617401527,0.2530352713653214,0.4602273727626923,0.36238702830547903,0.6570577273625485,0.38819663243666447,0.7211978644987613,0.7008968729548893
1968,5,16,0.6061343432908831,0.5006363090356607,0.48004426003992595,0.6246571504363365,0.4525117352023692,0.7964091130121354,0.7633665387912244,0.8365516447503637,0.813399624195797
1968,6,16,1.2441350945812064,0.8424298522376009,0.90324992560064,1.2194025622739744,0.8907847350400708,1.3564904741882404,1.227598114873609,1.1247490617016531,1.2441350945812064
1968,7,16,1.661175819861426,1.072579322816437,1.639844833837808,1.3210048053457164,0.9746014660652549,1.3745459258895092,1.420613139533233,1.260868080178582,1.5267716744718602
1968,8,16,1.2524769315562716,0.9222365804638852,1.1477837828654396,1.1712333258104757,0.9415747742506521,1.3122621379669488,1.0653034799455627,1.1555538924006465,1.4394171188077765
1968,9,16,0.7633665387912244,0.5397425625539715,0.6156636125709467,0.7908157503157398,0.6523398503817459,1.0225555012362058,0.6429939711158054,1.0437364510769724,1.1477837828654396
1968,10,16,0.34706185451156896,0.11914971439189609,0.24636290798927374,0.3237683647632718,0.28894404236700316,0.61121,0.32095935604307185,0.9350893071965957,0.6959013247944554
1968,11,16,0.08848501037985207,0.013751951340907955,0.017968150245299776,0.27893898976889203,0.28894404236700316,0.3410992862932853,0.21341567599936426,0.5864444532726852,0.4680628111464642
1968,12,16,0.04440768303656688,0.005477625028239608,0.014223687464446603,0.30456758727801414,0.36238702830547903,0.33233065363581776,0.14381438104526503,0.412144549787289,0.27893898976889203
1969,1,16,0.03149157005581238,0.005156376404540671,0.010347038358293,0.1385360277027567,0.15349697956945987,0.29406857013228244,0.047224172286977534,0.44491426069810724,0.21341567599936426
1969,2,15,0.03802896073590573,0.0038912164342173746,0.008204124234193508,0.10033368685496828,0.10937110514827957,0.22125103042530414,0.07131959205445848,0.35927346399978555,0.22526659393251364
1969,3,16,0.07717176659535036,0.020274329470932283,0.05228593080594312,0.21341567599936426,0.18967087148547238,0.32095935604307185,0.2114969208498173,0.47601972367215367,0.5176862740855324
1969,4,16,0.2764877067749383,0.09654146114175859,0.14115259635140953,0.4156736129825431,0.32659981101694435,0.6246571504363365,0.4680628111464642,0.638365643813706,0.6618057867720727
1969,5,16,0.61121,0.3848811708177017,0.45635468386526484,0.6860046378358027,0.49645459549471266,0.8846093259417787,0.7797330895636643,0.954664952341534,0.8307097103747596
1969,6,16,1.235842237785739,0.8307097103747596,0.9813281660307673,1.2949295106317156,0.9350893071965957,1.4394171188077765,1.2194025622739744,1.0017546884461395,1.2194025622739744
1969,7,16,1.4299878862053648,1.117161912473846,1.7943585098523722,1.5069667083820484,1.1323816013982793,1.4873881463835035,1.3928126625622093,1.3928126625622093,1.4971492289929935
1969,8,16,0.9949045428992775,1.094670497867226,1.2949295106317156,1.4873881463835035,1.1951040714433108,1.639844833837808,1.0086464189514435,1.227598114873609,1.5069667083820484
1969,9,16,0.7797330895636643,0.4525117352023692,0.61121,0.8424298522376009,0.6860046378358027,0.9746014660652549,0.6959013247944554,1.1247490617016531,1.094670497867226
1969,10,16,0.4680628111464642,0.12850813660574747,0.19315900145758252,0.5864444532726852,0.5220306584688729,0.7579789269694355,0.4192302166946394,0.8663092947491254,0.7852571322370795
1969,11,16,0.06854903949718019,0.017002129471667356,0.06923225033239602,0.25079299123520793,0.2575748666523599,0.36552522703715173,0.18454667789870863,0.6337668394955529,0.4923047474399588
1969,12,16,0.09654146114175859,0.004852660171764554,0.03389981383776069,0.16377343996781998,0.19315900145758252,0.2740561026347913,0.09288117172492567,0.33233065363581776,0.31540801113137973
1970,1,16,0.039232839528359625,0.005346963508337208,0.020721885935240394,0.13724448153248409,0.15929444611831717,0.20583496036835902,0.10526608567042556,0.4086428666372111,0.24636290798927374
1970,2,15,0.04969580095391137,0.007380775850807989,0.020274329470932283,0.08346206010510525,0.0974769843398749,0.18286696529524105,0.12850813660574747,0.42642685169205674,0.3019112099883466
1970,3,16,0.07566876715450438,0.027141064616775668,0.06457819003429092,0.2914960163141716,0.2575748666523599,0.398300035857636,0.12374783985926269,0.4228145647672206,0.4411593198979518
1970,4,16,0.19315900145758252,0.13343575168303975,0.17467648329282695,0.3500787030489772,0.2740561026347913,0.5308192794794219,0.40172079356742907,0.5720614319145675,0.7797330895636643
1970,5,16,0.5533840320292823,0.398300035857636,0.3848811708177017,0.7852571322370795,0.5816139153019643,0.9480999395298644,0.7160744518909166,0.8249038738819208,1.0086464189514435
1970,6,16,1.1951040714433108,0.8602840519698725,0.9222365804638852,1.4873881463835035,1.0798989561288492,1.4776828926964976,1.094670497867226,1.235842237785739,1.2441350945812064
1970,7,16,1.5875668954572382,1.30357054455601,1.7602128942422874,1.5979035635521046,1.1951040714433108,1.3654919319474887,1.383652717843076,1.2777988017467927,1.4584395527766725
1970,8,16,1.3386441251867165,0.7852571322370795,1.1247490617016531,1.3475413810716863,1.08726260559247,1.3654919319474887,1.1555538924006465,1.30357054455601,1.5670694607367222
1970,9,16,0.6246571504363365,0.5720614319145675,0.7742434315983414,0.8663092947491254,0.7109832705211528,0.9612700806986987,0.6811031665525672,1.1323816013982793,1.1477837828654396
1970,10,16,0.20959394243487864,0.09288117172492567,0.19140764638397387,0.5397425625539715,0.48004426003992595,0.7211978644987613,0.3848811708177017,0.813399624195797,0.813399624195797
1970,11,16,0.11470874258353453,0.014875941604115525,0.056121022884503914,0.24856893679653677,0.25079299123520793,0.3848811708177017,0.1578265859330223,0.6811031665525672,0.47601972367215367
1970,12,16,0.0453288528779313,0.006103032129406082,0.028023751598297394,0.24636290798927374,0.2914960163141716,0.3915381409802734,0.09561417474235036,0.4192302166946394,0.3126653574281668
1971,1,16,0.024119202932341027,0.004455240151200444,0.025452080972784546,0.1862404866303367,0.21535034509403772,0.33233065363581776,0.11802493121452227,0.3750892448741023,0.22934869813438946
1971,2,15,0.03284766567953099,0.007039987105011562,0.01816733226475303,0.14516244953361535,0.16077483068357945,0.3686882070879855,0.10426217354978394,0.42642685169205674,0.29406857013228244
1971,3,16,0.0626730820641863,0.023604311469819294,0.05842696928591707,0.1622677914774175,0.14516244953361535,0.3500787030489772,0.2003119963821429,0.38819663243666447,0.5264082465960891
1971,4,16,0.14516244953361535,0.12374783985926269,0.1683674887956463,0.38159157329420146,0.29666185325935435,0.5768196564448042,0.5048501119298575,0.7579789269694355,0.813399624195797
1971,5,16,0.6061343432908831,0.5176862740855324,0.5048501119298575,0.7315420709985173,0.5352639731392714,0.9746014660652549,0.7315420709985173,0.9612700806986987,0.9880957668592473
1971,6,16,1.4299878862053648,0.8846093259417787,1.0225555012362058,1.227598114873609,0.8969982073636494,1.2112550905647514,1.0295732885200235,1.0295732885200235,1.2863390427246293
1971,7,16,1.661175819861426,1.2194025622739744,1.5979035635521046,1.411292515987717,1.0437364510769724,1.4020257484057594,1.227598114873609,1.448900822966736,1.4873881463835035
1971,8,16,1.1096199222589602,0.9222365804638852,1.4680334851609995,1.2777988017467927,1.0295732885200235,1.2949295106317156,1.117161912473846,1.4020257484057594,1.448900822966736
1971,9,16,0.7852571322370795,0.5626521139457117,0.7797330895636643,0.8307097103747596,0.6762327147260709,0.9480999395298644,0.7420172984200354,1.0225555012362058,1.0580712027538408
1971,10,16,0.30994450622404923,0.14652207374437068,0.266878181327944,0.48818655886552986,0.4337360260741305,0.7109832705211528,0.4300672621977019,0.8542958790486401,0.7797330895636643
1971,11,16,0.08762903653241891,0.0204969806903192,0.11147820564546172,0.1879485152438897,0.19140764638397387,0.3949058702736455,0.219267882329746,0.5533840320292823,0.4923047474399588
1971,12,16,0.048693210779346005,0.006713812972995813,0.03535098663873562,0.25529584412551143,0.29406857013228244,0.44491426069810724,0.10228063152095998,0.509096225242481,0.3410992862932853
1972,1,16,0.039232839528359625,0.002810601101124482,0.014064808591255489,0.19315900145758252,0.219267882329746,0.24200446630808997,0.11147820564546172,0.412144549787289,0.264523994068994
1972,2,15,0.03685917437511559,0.008902387840558903,0.02438051421516266,0.17791151195059932,0.19315900145758252,0.34706185451156896,0.09022002839745802,0.5048501119298575,0.2003119963821429
1972,3,16,0.06081974870243936,0.0305085575497635,0.06143184658040096,0.30456758727801414,0.264523994068994,0.4602273727626923,0.25079299123520793,0.5864444532726852,0.42642685169205674
1972,4,16,0.14516244953361535,0.16377343996781998,0.22125103042530414,0.4525117352023692,0.35618433205269456,0.6061343432908831,0.5220306584688729,0.6429939711158054,0.6570577273625485
1972,5,16,0.4923047474399588,0.4300672621977019,0.43743330854245943,0.7420172984200354,0.5442552796955045,0.9415747742506521,0.8542958790486401,0.8365516447503637,0.8846093259417787
1972,6,16,1.2524769315562716,0.7633665387912244,1.1323816013982793,1.4776828926964976,1.0798989561288492,1.3745459258895092,1.269308536302198,1.0437364510769724,1.2112550905647514
1972,7,16,1.546805176326376,1.1323816013982793,1.5069667083820484,1.8058690527730668,1.3654919319474887,1.6292697461902834,1.2524769315562716,1.30357054455601,1.3745459258895092
1972,8,16,1.3928126625622093,0.7797330895636643,1.2194025622739744,1.3475413810716863,1.08726260559247,1.30357054455601,1.1951040714433108,1.2194025622739744,1.4020257484057594
1972,9,16,0.6665841929952824,0.5048501119298575,0.6201459428547512,0.8602840519698725,0.705924130446149,0.90324992560064,0.7008968729548893,0.8846093259417787,1.0798989561288492
1972,10,16,0.35927346399978555,0.147893384369598,0.2232505536354637,0.5442552796955045,0.48004426003992595,0.7160744518909166,0.3949058702736455,0.7315420709985173,0.7263536787716525
1972,11,16,0.09654146114175859,0.009655280826482862,0.02893282381748186,0.264523994068994,0.266878181327944,0.47601972367215367,0.22125103042530414,0.6061343432908831,0.5048501119298575
1972,12,16,0.07061747806888345,0.007294176062695744,0.026003988631438022,0.33815321250765645,0.398300035857636,0.5048501119298575,0.11042003484639329,0.4411593198979518,0.3019112099883466
1973,1,16,0.04969580095391137,0.0058173302207832145,0.028323810281520347,0.28390124109261955,0.30994450622404923,0.4228145647672206,0.12374783985926269,0.40172079356742907,0.20770668012725152
1973,2,15,0.05335630831318143,0.008902387840558903,0.03882769883670972,0.17307927276720572,0.19315900145758252,0.35927346399978555,0.12492251139475548,0.412144549787289,0.29666185325935435
1973,3,16,0.04969580095391137,0.024910985533895952,0.08346206010510525,0.32659981101694435,0.28390124109261955,0.5580005381692135,0.219267882329746,0.48004426003992595,0.3949058702736455
1973,4,16,0.2003119963821429,0.10326704207014978,0.1506713176328853,0.4300672621977019,0.33815321250765645,0.5533840320292823,0.47601972367215367,0.5488023533665455,0.7367632234953649
1973,5,16,0.6523398503817459,0.5220306584688729,0.5006363090356607,0.7526249729127923,0.5580005381692135,0.90324992560064,0.6523398503817459,0.9415747742506521,0.954664952341534
1973,6,16,1.2949295106317156,0.9480999395298644,0.954664952341534,1.3210048053457164,0.9679155149713755,1.3210048053457164,1.1712333258104757,1.1791432026548052,1.4020257484057594
1973,7,16,1.6292697461902834,1.203155701616725,1.5569083295900081,1.9003110921388262,1.420613139533233,1.5979035635521046,1.260868080178582,1.2863390427246293,1.577288853411552
1973,8,16,1.2777988017467927,1.0086464189514435,1.383652717843076,1.1870999587710893,0.954664952341534,1.2441350945812064,1.117161912473846,1.4299878862053648,1.4873881463835035
1973,9,16,0.9222365804638852,0.5816139153019643,0.8249038738819208,0.7315420709985173,0.5962153530103731,0.8969982073636494,0.8723717863172363,1.1791432026548052,1.1712333258104757
1973,10,16,0.31817261625851767,0.11254565927628278,0.23349839875364556,0.38159157329420146,0.3410992862932853,0.5913115166039266,0.38819663243666447,0.7633665387912244,0.7420172984200354
1973,11,16,0.09109918868383418,0.011340750434101536,0.05228593080594312,0.219267882329746,0.219267882329746,0.35927346399978555,0.22125103042530414,0.5768196564448042,0.509096225242481
1973,12,16,0.07061747806888345,0.00712378934711142,0.03216303584623426,0.12028431899640095,0.14652207374437068,0.3126653574281668,0.11470874258353453,0.44491426069810724,0.30456758727801414
1974,1,16,0.05389902022729115,0.007039987105011562,0.010958207258983348,0.24636290798927374,0.27164410712512976,0.40172079356742907,0.09561417474235036,0.5580005381692135,0.22125103042530414
1974,2,15,0.02772662515091659,0.005958594040892903,0.014223687464446603,0.2598724746280262,0.28390124109261955,0.4156736129825431,0.09022002839745802,0.5176862740855324,0.19315900145758252
1974,3,16,0.05228593080594312,0.02628406888141157,0.06854903949718019,0.32095935604307185,0.2864124745918821,0.4525117352023692,0.18454667789870863,0.61121,0.46413001250679403
1974,4,16,0.13095070593900196,0.13724448153248409,0.19850138908982956,0.5133748670827035,0.40172079356742907,0.6713931178777732,0.5048501119298575,0.6665841929952824,0.7908157503157398
1974,5,16,0.5220306584688729,0.5220306584688729,0.42642685169205674,0.7797330895636643,0.5720614319145675,0.9480999395298644,0.8365516447503637,0.8424298522376009,0.9222365804638852
1974,6,16,1.094670497867226,0.9095400917805436,0.8602840519698725,1.3654919319474887,0.9949045428992775,1.3122621379669488,1.1633703279400431,1.0437364510769724,1.1555538924006465
1974,7,16,1.4584395527766725,1.203155701616725,1.2949295106317156,1.546805176326376,1.1555538924006465,1.3297987155612054,1.420613139533233,1.269308536302198,1.4776828926964976
1974,8,16,1.1870999587710893,0.9158689278522835,1.3210048053457164,1.2949295106317156,1.0437364510769724,1.3122621379669488,1.2863390427246293,1.3745459258895092,1.383652717843076
1974,9,16,0.7367632234953649,0.5220306584688729,0.7526249729127923,1.015579971648209,0.8365516447503637,1.0798989561288492,0.7008968729548893,1.072579322816437,1.08726260559247
1974,10,16,0.19670575305594534,0.10730059399844574,0.13095070593900196,0.509096225242481,0.45635468386526484,0.6523398503817459,0.3237683647632718,0.6429939711158054,0.7160744518909166
1974,11,16,0.07274311876419186,0.013907567319376597,0.02464442853705689,0.29666185325935435,0.29927598984500153,0.4602273727626923,0.19492499431332358,0.6201459428547512,0.46413001250679403
1974,12,16,0.03216303584623426,0.004400994048463207,0.02464442853705689,0.25529584412551143,0.30456758727801414,0.40516834096614107,0.06992171256404357,0.6156636125709467,0.24636290798927374
1975,1,16,0.02260480607455227,0.00554405920644116,0.03216303584623426,0.18967087148547238,0.219267882329746,0.38159157329420146,0.10833131212353539,0.5673389964957174,0.18120129268811008
1975,2,15,0.048693210779346005,0.007294176062695744,0.028626827550514346,0.2864124745918821,0.31540801113137973,0.40516834096614107,0.12258330333557428,0.4525117352023692,0.22934869813438946
1975,3,16,0.09378410448980266,0.04089260801153246,0.09469508690933738,0.3750892448741023,0.3294538560923283,0.4680628111464642,0.2530352713653214,0.4923047474399588,0.40172079356742907
1975,4,16,0.19315900145758252,0.17149542965682388,0.22125103042530414,0.4411593198979518,0.34706185451156896,0.5816139153019643,0.33523039298113116,0.6523398503817459,0.6713931178777732
1975,5,16,0.61121,0.5442552796955045,0.5626521139457117,0.8249038738819208,0.6201459428547512,0.9095400917805436,0.6713931178777732,0.8784717243721161,0.8663092947491254
1975,6,16,1.30357054455601,1.0086464189514435,1.1951040714433108,1.0653034799455627,0.768787974036368,1.140059840998313,1.1247490617016531,1.0508822889252258,1.2112550905647514
1975,7,16,1.5979035635521046,1.0295732885200235,1.6292697461902834,1.3564904741882404,1.0017546884461395,1.448900822966736,1.3210048053457164,1.3654919319474887,1.4299878862053648
1975,8,16,1.235842237785739,0.8846093259417787,1.235842237785739,1.1791432026548052,0.9415747742506521,1.448900822966736,1.227598114873609,1.3564904741882404,1.4299878862053648
1975,9,16,0.6959013247944554,0.48004426003992595,0.7579789269694355,0.9480999395298644,0.7797330895636643,1.0508822889252258,0.8077008647395393,1.2441350945812064,1.140059840998313
1975,10,16,0.264523994068994,0.1622677914774175,0.24856893679653677,0.5626521139457117,0.5006363090356607,0.747304490150718,0.40172079356742907,0.7579789269694355,0.768787974036368
1975,11,16,0.05444680443414911,0.020721885935240394,0.054999703977722116,0.36238702830547903,0.35927346399978555,0.5308192794794219,0.19315900145758252,0.5816139153019643,0.4086428666372111
1975,12,16,0.03498292226328315,0.011870028041322447,0.05123533400532606,0.19492499431332358,0.23141505169093857,0.4086428666372111,0.08026034110747679,0.4411593198979518,0.2692515056329172
1976,1,16,0.0360978295456551,0.006556028356235242,0.028323810281520347,0.09561417474235036,0.11254565927628278,0.23985177015699385,0.0974769843398749,0.47601972367215367,0.23559888620060485
1976,2,15,0.034257370297132626,0.0072085175848667854,0.020274329470932283,0.219267882329746,0.23771664116048866,0.36238702830547903,0.16377343996781998,0.43743330854245943,0.23985177015699385
1976,3,16,0.06204961469772544,0.022850954785927996,0.051758180737095524,0.22526659393251364,0.19670575305594534,0.36238702830547903,0.1862404866303367,0.46413001250679403,0.38159157329420146
1976,4,16,0.2740561026347913,0.14516244953361535,0.23349839875364556,0.4411593198979518,0.34706185451156896,0.5720614319145675,0.3848811708177017,0.6476519846728149,0.6762327147260709
1976,5,16,0.6201459428547512,0.4300672621977019,0.4411593198979518,0.8907847350400708,0.6618057867720727,1.0086464189514435,0.7211978644987613,0.9679155149713755,0.9480999395298644
1976,6,16,1.1791432026548052,0.8249038738819208,1.015579971648209,1.1477837828654396,0.8249038738819208,1.235842237785739,1.1633703279400431,1.3475413810716863,1.140059840998313
1976,7,16,1.5670694607367222,1.0295732885200235,1.420613139533233,1.4299878862053648,1.0580712027538408,1.4299878862053648,1.203155701616725,1.4971492289929935,1.5875668954572382
1976,8,16,1.383652717843076,0.9222365804638852,1.1712333258104757,1.3122621379669488,1.0580712027538408,1.3475413810716863,1.0580712027538408,1.1870999587710893,1.4020257484057594
1976,9,16,0.9415747742506521,0.5133748670827035,0.7742434315983414,0.7263536787716525,0.5962153530103731,0.8191338914296127,0.7964091130121354,0.9949045428992775,1.117161912473846
1976,10,16,0.3072453012627378,0.10627887897313519,0.1622677914774175,0.42642685169205674,0.37187615395839163,0.6811031665525672,0.4156736129825431,0.8907847350400708,0.768787974036368
1976,11,16,0.16077483068357945,0.014546439854506514,0.0507173491661864,0.264523994068994,0.264523994068994,0.4680628111464642,0.12730256715185614,0.6201459428547512,0.412144549787289
1976,12,16,0.03802896073590573,0.005346963508337208,0.01681477090160313,0.17149542965682388,0.20583496036835902,0.28141011963293605,0.0974769843398749,0.4156736129825431,0.30994450622404923
1977,1,16,0.05389902022729115,0.006794019327363853,0.016629327421559377,0.15207812235696033,0.17307927276720572,0.24856893679653677,0.048693210779346005,0.4525117352023692,0.18454667789870863
1977,2,15,0.06992171256404357,0.006713812972995813,0.01626408502997268,0.13095070593900196,0.14652207374437068,0.24417479494164704,0.11690989242945843,0.5580005381692135,0.24856893679653677
1977,3,16,0.0507173491661864,0.02518019320738531,0.05726332786415311,0.28390124109261955,0.25079299123520793,0.46413001250679403,0.23141505169093857,0.638365643813706,0.5133748670827035
1977,4,16,0.17954950429582245,0.14516244953361535,0.22125103042530414,0.3686882070879855,0.2914960163141716,0.509096225242481,0.4228145647672206,0.5962153530103731,0.7797330895636643
1977,5,16,0.638365643813706,0.5442552796955045,0.5397425625539715,0.7008968729548893,0.5133748670827035,0.8542958790486401,0.6665841929952824,0.8424298522376009,0.8784717243721161
1977,6,16,1.269308536302198,0.9612700806986987,1.0225555012362058,1.1021229353130118,0.802037423816417,1.1791432026548052,1.1712333258104757,1.094670497867226,1.2441350945812064
1977,7,16,1.4971492289929935,1.0225555012362058,1.3928126625622093,1.4394171188077765,1.072579322816437,1.3210048053457164,1.2949295106317156,1.2863390427246293,1.5670694607367222
1977,8,16,1.420613139533233,0.8307097103747596,1.1477837828654396,1.235842237785739,0.9949045428992775,1.269308536302198,1.269308536302198,1.1870999587710893,1.4584395527766725
1977,9,16,0.8969982073636494,0.4337360260741305,0.7109832705211528,0.802037423816417,0.6523398503817459,0.8969982073636494,0.9480999395298644,1.0017546884461395,1.1477837828654396
1977,10,16,0.38159157329420146,0.08428060534070804,0.13469443500118447,0.4923047474399588,0.4337360260741305,0.7797330895636643,0.48409980028010197,0.9158689278522835,0.8077008647395393
1977,11,16,0.08346206010510525,0.014546439854506514,0.06457819003429092,0.3237683647632718,0.32095935604307185,0.47202597402366464,0.19492499431332358,0.6337668394955529,0.5048501119298575
1977,12,16,0.05444680443414911,0.006250705371944435,0.02386047646350586,0.219267882329746,0.25529584412551143,0.3949058702736455,0.1398386906613684,0.5048501119298575,0.3019112099883466
1978,1,16,0.07492738624309996,0.003749315737279804,0.01438422915658281,0.13469443500118447,0.15349697956945987,0.29666185325935435,0.09842081996894843,0.4411593198979518,0.18967087148547238
1978,2,15,0.07947773415510528,0.008204124234193508,0.04047171674816732,0.12850813660574747,0.14115259635140953,0.22729927434521113,0.10326704207014978,0.3848811708177017,0.22125103042530414
1978,3,16,0.09469508690933738,0.03498292226328315,0.06522496714832947,0.25079299123520793,0.2232505536354637,0.40516834096614107,0.2575748666523599,0.5488023533665455,0.36238702830547903
1978,4,16,0.19492499431332358,0.147893384369598,0.2114969208498173,0.398300035857636,0.3126653574281668,0.5533840320292823,0.5220306584688729,0.6201459428547512,0.7315420709985173
1978,5,16,0.4411593198979518,0.37187615395839163,0.45635468386526484,0.802037423816417,0.5962153530103731,0.9222365804638852,0.747304490150718,0.8077008647395393,1.036633531776849
1978,6,16,1.1021229353130118,0.8483445262729107,0.9880957668592473,1.2524769315562716,0.9095400917805436,1.3210048053457164,1.30357054455601,1.0580712027538408,1.3564904741882404
1978,7,16,1.5979035635521046,0.9415747742506521,1.6187547517232053,1.4776828926964976,1.1021229353130118,1.420613139533233,1.3475413810716863,1.227598114873609,1.5267716744718602
1978,8,16,1.1791432026548052,0.9222365804638852,1.2863390427246293,1.1951040714433108,0.954664952341534,1.269308536302198,1.094670497867226,1.1791432026548052,1.5069667083820484
1978,9,16,0.9350893071965957,0.49645459549471266,0.6959013247944554,0.8249038738819208,0.6762327147260709,0.8969982073636494,0.8663092947491254,1.0653034799455627,1.1633703279400431
1978,10,16,0.22125103042530414,0.15492793973926253,0.28894404236700316,0.4923047474399588,0.43743330854245943,0.6959013247944554,0.40172079356742907,0.8077008647395393,0.8077008647395393
1978,11,16,0.13469443500118447,0.0308330472030357,0.12374783985926269,0.29406857013228244,0.3019112099883466,0.5048501119298575,0.2232505536354637,0.5533840320292823,0.4411593198979518
1978,12,16,0.06787202182384103,0.004294337040720999,0.020274329470932283,0.09198622408827888,0.11042003484639329,0.19492499431332358,0.14652207374437068,0.509096225242481,0.30994450622404923
1979,1,16,0.08346206010510525,0.004510104371230356,0.006875110344043346,0.10228063152095998,0.12028431899640095,0.19140764638397387,0.132187882445143,0.3686882070879855,0.24200446630808997
1979,2,15,0.03389981383776069,0.008596660917070098,0.010587621208163252,0.14115259635140953,0.1563711104839952,0.25529584412551143,0.23141505169093857,0.4525117352023692,0.27164410712512976
1979,3,16,0.048693210779346005,0.020721885935240394,0.0507173491661864,0.2914960163141716,0.2575748666523599,0.4228145647672206,0.23141505169093857,0.5533840320292823,0.3848811708177017
1979,4,16,0.18967087148547238,0.11802493121452227,0.15929444611831717,0.4228145647672206,0.3294538560923283,0.5864444532726852,0.3848811708177017,0.5864444532726852,0.7633665387912244
1979,5,16,0.6337668394955529,0.4923047474399588,0.4192302166946394,0.7852571322370795,0.5913115166039266,0.8663092947491254,0.7797330895636643,0.8907847350400708,0.768787974036368
1979,6,16,1.203155701616725,0.7964091130121354,1.2441350945812064,1.3210048053457164,0.9612700806986987,1.3297987155612054,1.3122621379669488,1.1870999587710893,1.227598114873609
1979,7,16,1.8058690527730668,0.9746014660652549,1.661175819861426,1.5979035635521046,1.1870999587710893,1.3210048053457164,1.3122621379669488,1.2863390427246293,1.5979035635521046
1979,8,16,1.516840764184815,0.8602840519698725,1.1951040714433108,1.3386441251867165,1.0798989561288492,1.269308536302198,1.117161912473846,1.1712333258104757,1.4394171188077765
1979,9,16,0.8784717243721161,0.47601972367215367,0.7211978644987613,0.8723717863172363,0.7160744518909166,0.9350893071965957,0.7964091130121354,1.094670497867226,1.094670497867226
1979,10,16,0.4086428666372111,0.09654146114175859,0.16992486857940237,0.43743330854245943,0.38819663243666447,0.6476519846728149,0.5442552796955045,0.8846093259417787,0.8077008647395393
1979,11,16,0.2003119963821429,0.012706870151374351,0.047224172286977534,0.30994450622404923,0.3126653574281668,0.4411593198979518,0.2021377423750035,0.5816139153019643,0.48004426003992595
1979,12,16,0.051758180737095524,0.0093256792806235,0.03802896073590573,0.21535034509403772,0.2621887813592279,0.30456758727801414,0.14927643079181244,0.5962153530103731,0.33233065363581776
1980,1,16,0.04089260801153246,0.008697473554975065,0.014710338656814701,0.12374783985926269,0.14516244953361535,0.22729927434521113,0.09378410448980266,0.3848811708177017,0.24200446630808997
1980,2,15,0.09022002839745802,0.0098809650159214,0.02772662515091659,0.11580451053422416,0.13095070593900196,0.25529584412551143,0.101302872602053,0.5176862740855324,0.264523994068994
1980,3,16,0.07793350375656735,0.021644465884067623,0.05020417998115182,0.20959394243487864,0.18454667789870863,0.36238702830547903,0.14115259635140953,0.5176862740855324,0.398300035857636
1980,4,16,0.16992486857940237,0.10326704207014978,0.18967087148547238,0.5308192794794219,0.4192302166946394,0.6476519846728149,0.34706185451156896,0.5768196564448042,0.7908157503157398
1980,5,16,0.5626521139457117,0.3949058702736455,0.38819663243666447,0.7742434315983414,0.5768196564448042,0.8907847350400708,0.8077008647395393,0.7797330895636643,0.9350893071965957
1980,6,16,1.420613139533233,0.8663092947491254,1.0017546884461395,1.4971492289929935,1.094670497867226,1.4020257484057594,1.117161912473846,1.0295732885200235,1.260868080178582
1980,7,16,1.4680334851609995,1.2441350945812064,1.7045707564203871,1.6292697461902834,1.2194025622739744,1.5367598185892122,1.3745459258895092,1.1323816013982793,1.5367598185892122
1980,8,16,1.269308536302198,1.0580712027538408,1.5069667083820484,1.2949295106317156,1.0437364510769724,1.3475413810716863,1.2777988017467927,1.3475413810716863,1.448900822966736
1980,9,16,0.6201459428547512,0.5048501119298575,0.7852571322370795,0.9350893071965957,0.7633665387912244,1.0580712027538408,0.8602840519698725,1.1633703279400431,1.1021229353130118
1980,10,16,0.4228145647672206,0.12610739771615176,0.2864124745918821,0.45635468386526484,0.412144549787289,0.6156636125709467,0.398300035857636,0.7964091130121354,0.7742434315983414
1980,11,16,0.11147820564546172,0.01757581962723304,0.03802896073590573,0.19492499431332358,0.2003119963821429,0.3500787030489772,0.23985177015699385,0.5442552796955045,0.5006363090356607
1980,12,16,0.03572261071768334,0.012706870151374351,0.02772662515091659,0.12610739771615176,0.15349697956945987,0.3237683647632718,0.10833131212353539,0.4337360260741305,0.3072453012627378
1981,1,16,0.16077483068357945,0.00943437197563172,0.0507173491661864,0.1563711104839952,0.1879485152438897,0.266878181327944,0.06204961469772544,0.3783276484162285,0.25529584412551143
1981,2,15,0.060213255511546736,0.012143141630172763,0.03284766567953099,0.13469443500118447,0.14516244953361535,0.3072453012627378,0.09937303490530026,0.3750892448741023,0.2864124745918821
1981,3,16,0.10627887897313519,0.02893282381748186,0.07202812832738148,0.15349697956945987,0.13469443500118447,0.33815321250765645,0.25079299123520793,0.6570577273625485,0.43743330854245943
1981,4,16,0.21730104717698556,0.1563711104839952,0.264523994068994,0.4525117352023692,0.35618433205269456,0.5768196564448042,0.5533840320292823,0.7109832705211528,0.7526249729127923
1981,5,16,0.7633665387912244,0.48818655886552986,0.5048501119298575,0.8307097103747596,0.6291973956327173,1.0508822889252258,0.8249038738819208,0.8723717863172363,1.0017546884461395
1981,6,16,1.235842237785739,0.954664952341534,1.0580712027538408,1.0295732885200235,0.747304490150718,1.1021229353130118,1.260868080178582,1.1477837828654396,1.1951040714433108
1981,7,16,1.5569083295900081,1.1021229353130118,1.546805176326376,1.5069667083820484,1.1247490617016531,1.3928126625622093,1.383652717843076,1.2441350945812064,1.4776828926964976
1981,8,16,1.235842237785739,0.8969982073636494,1.260868080178582,1.203155701616725,0.9612700806986987,1.235842237785739,1.0653034799455627,1.3210048053457164,1.3928126625622093
1981,9,16,0.747304490150718,0.4525117352023692,0.6909372986442485,0.8602840519698725,0.7008968729548893,1.0437364510769724,0.8191338914296127,1.140059840998313,1.1021229353130118
1981,10,16,0.35618433205269456,0.13469443500118447,0.18120129268811008,0.5352639731392714,0.48004426003992595,0.6860046378358027,0.29927598984500153,0.8424298522376009,0.7008968729548893
1981,11,16,0.10228063152095998,0.01626408502997268,0.06720116641398385,0.27164410712512976,0.2740561026347913,0.412144549787289,0.12374783985926269,0.6061343432908831,0.44869833273275456
1981,12,16,0.07947773415510528,0.00712378934711142,0.04579600866150087,0.09469508690933738,0.12142881110930626,0.19670575305594534,0.08510651534200449,0.44491426069810724,0.29927598984500153
1982,1,16,0.027432398944789025,0.0037960740961913357,0.015043261510432858,0.11690989242945843,0.13724448153248409,0.2003119963821429,0.12258330333557428,0.412144549787289,0.23771664116048866
1982,2,15,0.06393732460114222,0.012143141630172763,0.0453288528779313,0.24200446630808997,0.2692515056329172,0.34706185451156896,0.10730059399844574,0.412144549787289,0.21535034509403772
1982,3,16,0.06992171256404357,0.022850954785927996,0.0507173491661864,0.32659981101694435,0.28894404236700316,0.49645459549471266,0.2114969208498173,0.5133748670827035,0.3750892448741023
1982,4,16,0.1879485152438897,0.15207812235696033,0.2914960163141716,0.47601972367215367,0.3750892448741023,0.61121,0.5488023533665455,0.6246571504363365,0.7160744518909166
1982,5,16,0.49645459549471266,0.48004426003992595,0.5006363090356607,0.747304490150718,0.5580005381692135,0.8784717243721161,0.8191338914296127,0.9158689278522835,0.8663092947491254
1982,6,16,1.269308536302198,0.8365516447503637,1.0437364510769724,0.9746014660652549,0.6959013247944554,1.1021229353130118,1.1323816013982793,1.227598114873609,1.2112550905647514
1982,7,16,1.7266393493649983,1.1712333258104757,1.577288853411552,1.516840764184815,1.1323816013982793,1.4971492289929935,1.2777988017467927,1.4776828926964976,1.5069667083820484
1982,8,16,1.1951040714433108,0.8077008647395393,1.3386441251867165,1.2524769315562716,1.0086464189514435,1.383652717843076,1.140059840998313,1.2777988017467927,1.4584395527766725
1982,9,16,0.8784717243721161,0.5220306584688729,0.6713931178777732,0.8483445262729107,0.6959013247944554,0.9949045428992775,0.8602840519698725,1.2524769315562716,1.0437364510769724
1982,10,16,0.23141505169093857,0.10033368685496828,0.11914971439189609,0.5264082465960891,0.4680628111464642,0.7420172984200354,0.5488023533665455,0.8424298522376009,0.7420172984200354
1982,11,16,0.0507173491661864,0.008014135615253692,0.05020417998115182,0.34706185451156896,0.35618433205269456,0.5133748670827035,0.18286696529524105,0.6811031665525672,0.45635468386526484
1982,12,16,0.05020417998115182,0.004510104371230356,0.03461839744320006,0.23771664116048866,0.2864124745918821,0.38159157329420146,0.11254565927628278,0.5488023533665455,0.28390124109261955
1983,1,16,0.03216303584623426,0.006478429370981873,0.02893282381748186,0.19850138908982956,0.22729927434521113,0.36238702830547903,0.08593985014995745,0.5488023533665455,0.219267882329746
1983,2,15,0.04261680445039755,0.007380775850807989,0.03250369025569642,0.18967087148547238,0.20770668012725152,0.31817261625851767,0.11042003484639329,0.35927346399978555,0.2530352713653214
1983,3,16,0.056121022884503914,0.03647667475281147,0.0974769843398749,0.2764877067749383,0.23985177015699385,0.4300672621977019,0.19315900145758252,0.5442552796955045,0.35927346399978555
1983,4,16,0.19140764638397387,0.13596397913418537,0.1506713176328853,0.5264082465960891,0.4156736129825431,0.6337668394955529,0.34706185451156896,0.6909372986442485,0.6201459428547512
1983,5,16,0.40172079356742907,0.4680628111464642,0.4525117352023692,0.8663092947491254,0.6523398503817459,0.9746014660652549,0.7526249729127923,0.7964091130121354,0.8723717863172363
1983,6,16,1.3475413810716863,0.9286433114116314,1.0437364510769724,1.1870999587710893,0.8602840519698725,1.1791432026548052,0.9415747742506521,1.2112550905647514,1.1096199222589602
1983,7,16,1.5670694607367222,1.08726260559247,1.448900822966736,1.5069667083820484,1.1247490617016531,1.4584395527766725,1.235842237785739,1.7155738768260158,1.411292515987717
1983,8,16,1.2949295106317156,1.0086464189514435,1.2777988017467927,1.1633703279400431,0.9286433114116314,1.2777988017467927,1.1555538924006465,1.3928126625622093,1.516840764184815
1983,9,16,0.6713931178777732,0.6665841929952824,0.8424298522376009,0.9679155149713755,0.7964091130121354,1.0225555012362058,0.7579789269694355,1.1477837828654396,1.1633703279400431
1983,10,16,0.22125103042530414,0.10730059399844574,0.2575748666523599,0.5264082465960891,0.4680628111464642,0.7211978644987613,0.47202597402366464,0.8723717863172363,0.747304490150718
1983,11,16,0.132187882445143,0.02772662515091659,0.11690989242945843,0.19140764638397387,0.19492499431332358,0.43743330854245943,0.2621887813592279,0.5580005381692135,0.4923047474399588
1983,12,16,0.07641687300436327,0.007556835545331711,0.04261680445039755,0.14652207374437068,0.17954950429582245,0.35927346399978555,0.10627887897313519,0.47601972367215367,0.32095935604307185
1984,1,16,0.0453288528779313,0.008204124234193508,0.02986901694665512,0.12850813660574747,0.1506713176328853,0.24200446630808997,0.06522496714832947,0.4680628111464642,0.24636290798927374
1984,2,15,0.0308330472030357,0.0072085175848667854,0.02772662515091659,0.27893898976889203,0.3019112099883466,0.3750892448741023,0.05961232640312615,0.38819663243666447,0.2114969208498173
1984,3,16,0.0626730820641863,0.02628406888141157,0.0626730820641863,0.22526659393251364,0.19850138908982956,0.36552522703715173,0.19492499431332358,0.4411593198979518,0.5048501119298575
1984,4,16,0.20397868617401527,0.15349697956945987,0.11470874258353453,0.5006363090356607,0.3949058702736455,0.6713931178777732,0.3783276484162285,0.6201459428547512,0.6909372986442485
1984,5,16,0.638365643813706,0.5864444532726852,0.5488023533665455,1.015579971648209,0.7742434315983414,1.0437364510769724,0.7908157503157398,0.7420172984200354,0.9679155149713755
1984,6,16,1.4020257484057594,0.8424298522376009,1.1870999587710893,1.269308536302198,0.9286433114116314,1.2112550905647514,1.08726260559247,1.0798989561288492,1.3654919319474887
1984,7,16,1.4873881463835035,1.094670497867226,1.8525617954264453,1.4020257484057594,1.0437364510769724,1.3564904741882404,1.1712333258104757,1.3475413810716863,1.516840764184815
1984,8,16,1.1712333258104757,0.7742434315983414,1.3122621379669488,1.2194025622739744,0.9746014660652549,1.3210048053457164,1.0437364510769724,1.2863390427246293,1.5367598185892122
1984,9,16,0.7852571322370795,0.4228145647672206,0.8249038738819208,0.813399624195797,0.6713931178777732,0.9415747742506521,0.802037423816417,1.015579971648209,1.0437364510769724
1984,10,16,0.2914960163141716,0.11470874258353453,0.18454667789870863,0.5220306584688729,0.4680628111464642,0.7852571322370795,0.43743330854245943,0.8969982073636494,0.7263536787716525
1984,11,16,0.055557756621748985,0.016084254778722294,0.0305085575497635,0.2530352713653214,0.25529584412551143,0.5220306584688729,0.18286696529524105,0.6665841929952824,0.46413001250679403
1984,12,16,0.0400548123995108,0.005282719897761972,0.031160707555319744,0.2692515056329172,0.30994450622404923,0.4300672621977019,0.07717176659535036,0.509096225242481,0.28141011963293605
1985,1,16,0.07566876715450438,0.004138834271449922,0.012851535038458643,0.08428060534070804,0.10033368685496828,0.19140764638397387,0.10833131212353539,0.28390124109261955,0.22125103042530414
1985,2,15,0.03389981383776069,0.012005864388001245,0.016084254778722294,0.06081974870243936,0.06992171256404357,0.19140764638397387,0.10937110514827957,0.36238702830547903,0.29927598984500153
1985,3,16,0.09469508690933738,0.029241844308787325,0.05901691497174316,0.27164410712512976,0.23985177015699385,0.40516834096614107,0.13343575168303975,0.4602273727626923,0.5220306584688729
1985,4,16,0.11802493121452227,0.16992486857940237,0.22125103042530414,0.3686882070879855,0.28894404236700316,0.5220306584688729,0.49645459549471266,0.6811031665525672,0.7579789269694355
1985,5,16,0.6476519846728149,0.4228145647672206,0.5006363090356607,0.6959013247944554,0.509096225242481,0.9095400917805436,0.7160744518909166,0.90324992560064,0.9222365804638852
1985,6,16,1.2949295106317156,0.8602840519698725,1.269308536302198,1.2441350945812064,0.90324992560064,1.235842237785739,1.0225555012362058,1.036633531776849,1.227598114873609
1985,7,16,1.3297987155612054,1.0580712027538408,1.4299878862053648,1.5670694607367222,1.1712333258104757,1.4584395527766725,1.2524769315562716,1.4584395527766725,1.5569083295900081
1985,8,16,1.203155701616725,0.8663092947491254,1.2441350945812064,1.3122621379669488,1.0580712027538408,1.3475413810716863,1.1247490617016531,1.30357054455601,1.4873881463835035
1985,9,16,0.7964091130121354,0.5133748670827035,0.747304490150718,0.8784717243721161,0.7263536787716525,0.8907847350400708,0.7315420709985173,1.203155701616725,1.1633703279400431
1985,10,16,0.24856893679653677,0.132187882445143,0.27164410712512976,0.5913115166039266,0.5264082465960891,0.7964091130121354,0.4192302166946394,0.8542958790486401,0.7263536787716525
1985,11,16,0.08848501037985207,0.02386047646350586,0.06653640231013853,0.2621887813592279,0.264523994068994,0.36552522703715173,0.17954950429582245,0.48004426003992595,0.47202597402366464
1985,12,16,0.09288117172492567,0.00879937891734024,0.027141064616775668,0.09109918868383418,0.11362248012983124,0.23985177015699385,0.10627887897313519,0.5816139153019643,0.3072453012627378
1986,1,16,0.04217959430156561,0.0054119289723469285,0.018984612986057695,0.09469508690933738,0.11042003484639329,0.2021377423750035,0.10730059399844574,0.45635468386526484,0.2021377423750035
1986,2,15,0.07492738624309996,0.013445530883189316,0.04919215625157378,0.15929444611831717,0.17791151195059932,0.23559888620060485,0.10833131212353539,0.264523994068994,0.2764877067749383
1986,3,16,0.05842696928591707,0.025726673137137838,0.06522496714832947,0.36238702830547903,0.32095935604307185,0.48409980028010197,0.2232505536354637,0.48818655886552986,0.3949058702736455
1986,4,16,0.12850813660574747,0.14115259635140953,0.17149542965682388,0.4156736129825431,0.32659981101694435,0.5264082465960891,0.40172079356742907,0.5913115166039266,0.6665841929952824
1986,5,16,0.49645459549471266,0.398300035857636,0.46413001250679403,0.8424298522376009,0.6337668394955529,1.0225555012362058,0.9286433114116314,1.0225555012362058,0.8424298522376009
1986,6,16,1.260868080178582,1.0017546884461395,1.036633531776849,1.4584395527766725,1.0653034799455627,1.3745459258895092,1.1021229353130118,1.1791432026548052,1.1555538924006465
1986,7,16,1.5267716744718602,1.0798989561288492,1.7489586676783773,1.4971492289929935,1.117161912473846,1.4020257484057594,1.3475413810716863,1.3386441251867165,1.4776828926964976
1986,8,16,1.203155701616725,0.9480999395298644,1.3297987155612054,1.1021229353130118,0.8846093259417787,1.1870999587710893,1.1477837828654396,1.30357054455601,1.4020257484057594
1986,9,16,0.8969982073636494,0.5176862740855324,0.747304490150718,0.7315420709985173,0.5962153530103731,0.8365516447503637,0.8542958790486401,1.0653034799455627,1.1247490617016531
1986,10,16,0.3126653574281668,0.1385360277027567,0.30994450622404923,0.6156636125709467,0.5442552796955045,0.7420172984200354,0.38159157329420146,0.9158689278522835,0.7908157503157398
1986,11,16,0.06143184658040096,0.019194167470861508,0.07061747806888345,0.3848811708177017,0.38819663243666447,0.5580005381692135,0.11914971439189609,0.6570577273625485,0.47601972367215367
1986,12,16,0.08026034110747679,0.007468326419519938,0.025452080972784546,0.10833131212353539,0.12850813660574747,0.30456758727801414,0.11254565927628278,0.509096225242481,0.266878181327944
1987,1,16,0.06923225033239602,0.0036122258910338757,0.013751951340907955,0.08428060534070804,0.09937303490530026,0.15492793973926253,0.12972415152498454,0.3072453012627378,0.23349839875364556
1987,2,15,0.05123533400532606,0.009006509164326843,0.028023751598297394,0.14381438104526503,0.15929444611831717,0.2864124745918821,0.1652918735406934,0.4228145647672206,0.27893898976889203
1987,3,16,0.07346462384548472,0.02335067975465889,0.054999703977722116,0.2021377423750035,0.17954950429582245,0.32095935604307185,0.17954950429582245,0.40516834096614107,0.44491426069810724
1987,4,16,0.147893384369598,0.10033368685496828,0.17467648329282695,0.4300672621977019,0.33815321250765645,0.6476519846728149,0.5006363090356607,0.7263536787716525,0.6959013247944554
1987,5,16,0.5626521139457117,0.3072453012627378,0.4411593198979518,0.7420172984200354,0.5488023533665455,0.8249038738819208,0.7420172984200354,0.7579789269694355,0.747304490150718
1987,6,16,1.30357054455601,0.8424298522376009,0.7797330895636643,1.1555538924006465,0.8424298522376009,1.1247490617016531,0.9813281660307673,1.0437364510769724,1.094670497867226
1987,7,16,1.6719325169568817,1.0580712027538408,1.5569083295900081,1.3745459258895092,1.0225555012362058,1.383652717843076,1.2863390427246293,1.3654919319474887,1.420613139533233
1987,8,16,1.2949295106317156,0.9222365804638852,1.3386441251867165,1.072579322816437,0.8663092947491254,1.1323816013982793,1.1555538924006465,1.2777988017467927,1.516840764184815
1987,9,16,0.8483445262729107,0.4337360260741305,0.7579789269694355,0.8542958790486401,0.7008968729548893,0.9286433114116314,0.8365516447503637,1.3297987155612054,1.1951040714433108
1987,10,16,0.4337360260741305,0.09654146114175859,0.22729927434521113,0.7579789269694355,0.6860046378358027,0.8307097103747596,0.3686882070879855,0.9095400917805436,0.7109832705211528
1987,11,16,0.09109918868383418,0.013445530883189316,0.024119202932341027,0.28141011963293605,0.27164410712512976,0.47202597402366464,0.20959394243487864,0.6337668394955529,0.48818655886552986
1987,12,16,0.08346206010510525,0.0037030919881834126,0.029241844308787325,0.147893384369598,0.17791151195059932,0.36238702830547903,0.14115259635140953,0.5264082465960891,0.33523039298113116
1988,1,16,0.05668952997575408,0.004510104371230356,0.026852578878525903,0.18120129268811008,0.20397868617401527,0.36238702830547903,0.09288117172492567,0.5673389964957174,0.2621887813592279
1988,2,15,0.06143184658040096,0.00810861601415457,0.021410334746245346,0.16377343996781998,0.17954950429582245,0.35618433205269456,0.08934865358533446,0.4680628111464642,0.2914960163141716
1988,3,16,0.11042003484639329,0.026852578878525903,0.06854903949718019,0.23141505169093857,0.2021377423750035,0.36552522703715173,0.1652918735406934,0.5006363090356607,0.4228145647672206
1988,4,16,0.25079299123520793,0.15349697956945987,0.1622677914774175,0.38159157329420146,0.3019112099883466,0.5264082465960891,0.4525117352023692,0.705924130446149,0.768787974036368
1988,5,16,0.5768196564448042,0.509096225242481,0.509096225242481,0.802037423816417,0.6061343432908831,1.0017546884461395,0.7160744518909166,0.9813281660307673,0.9746014660652549
1988,6,16,1.3745459258895092,0.9480999395298644,1.0086464189514435,1.383652717843076,1.0017546884461395,1.3564904741882404,1.094670497867226,1.1247490617016531,1.227598114873609
1988,7,16,1.6719325169568817,1.269308536302198,1.4680334851609995,1.7489586676783773,1.3210048053457164,1.5875668954572382,1.260868080178582,1.3475413810716863,1.5569083295900081
1988,8,16,1.30357054455601,0.8365516447503637,1.269308536302198,1.260868080178582,1.0225555012362058,1.3475413810716863,1.260868080178582,1.3745459258895092,1.420613139533233
1988,9,16,0.7908157503157398,0.5864444532726852,0.8723717863172363,0.9612700806986987,0.7908157503157398,1.0798989561288492,0.9222365804638852,1.1021229353130118,1.1555538924006465
1988,10,16,0.25529584412551143,0.1578265859330223,0.2692515056329172,0.5352639731392714,0.48004426003992595,0.6762327147260709,0.4228145647672206,0.9415747742506521,0.7315420709985173
1988,11,16,0.04969580095391137,0.024119202932341027,0.07492738624309996,0.22934869813438946,0.23559888620060485,0.4086428666372111,0.23349839875364556,0.5352639731392714,0.5006363090356607
1988,12,16,0.08510651534200449,0.01359794528591151,0.06330230264185067,0.15929444611831717,0.19315900145758252,0.3410992862932853,0.1578265859330223,0.5533840320292823,0.33523039298113116
1989,1,16,0.03461839744320006,0.005032836344570506,0.024119202932341027,0.28894404236700316,0.3237683647632718,0.46413001250679403,0.09937303490530026,0.4680628111464642,0.20397868617401527
1989,2,15,0.11362248012983124,0.014875941604115525,0.05784246124682873,0.2598724746280262,0.2864124745918821,0.47202597402366464,0.11470874258353453,0.509096225242481,0.24417479494164704
1989,3,16,0.06522496714832947,0.05020417998115182,0.10833131212353539,0.38159157329420146,0.33523039298113116,0.5308192794794219,0.2740561026347913,0.6762327147260709,0.4192302166946394
1989,4,16,0.2692515056329172,0.12972415152498454,0.15929444611831717,0.5626521139457117,0.44869833273275456,0.6665841929952824,0.5048501119298575,0.6337668394955529,0.6201459428547512
1989,5,16,0.5533840320292823,0.4602273727626923,0.5308192794794219,0.8542958790486401,0.6429939711158054,0.9415747742506521,0.8424298522376009,1.0017546884461395,0.8483445262729107
1989,6,16,1.3386441251867165,0.9612700806986987,0.813399624195797,1.3210048053457164,0.9679155149713755,1.2949295106317156,1.0653034799455627,1.117161912473846,1.1096199222589602
1989,7,16,1.8058690527730668,1.0798989561288492,1.3297987155612054,1.420613139533233,1.0508822889252258,1.420613139533233,1.30357054455601,1.4299878862053648,1.4020257484057594
1989,8,16,1.6187547517232053,0.8249038738819208,1.1951040714433108,1.3122621379669488,1.0653034799455627,1.2949295106317156,1.203155701616725,1.3654919319474887,1.3475413810716863
1989,9,16,0.8602840519698725,0.509096225242481,0.6429939711158054,0.9286433114116314,0.768787974036368,1.0295732885200235,0.8191338914296127,1.1247490617016531,1.094670497867226
1989,10,16,0.3500787030489772,0.10627887897313519,0.23349839875364556,0.48818655886552986,0.4300672621977019,0.7315420709985173,0.509096225242481,0.9158689278522835,0.7742434315983414
1989,11,16,0.04919215625157378,0.01757581962723304,0.0453288528779313,0.3750892448741023,0.3750892448741023,0.509096225242481,0.16682317486688875,0.5352639731392714,0.45635468386526484
1989,12,16,0.06330230264185067,0.009111760200843113,0.039232839528359625,0.17954950429582245,0.21730104717698556,0.32095935604307185,0.19140764638397387,0.5352639731392714,0.3237683647632718
1990,1,16,0.028323810281520347,0.00473588379113069,0.012851535038458643,0.15207812235696033,0.17467648329282695,0.35927346399978555,0.09561417474235036,0.4602273727626923,0.2598724746280262
1990,2,15,0.02518019320738531,0.008204124234193508,0.02893282381748186,0.38819663243666447,0.4192302166946394,0.5308192794794219,0.15207812235696033,0.6476519846728149,0.27893898976889203
1990,3,16,0.12730256715185614,0.054999703977722116,0.16377343996781998,0.33523039298113116,0.29406857013228244,0.5488023533665455,0.2575748666523599,0.6570577273625485,0.3915381409802734
1990,4,16,0.31817261625851767,0.1578265859330223,0.21535034509403772,0.5308192794794219,0.4192302166946394,0.6909372986442485,0.3949058702736455,0.6291973956327173,0.6618057867720727
1990,5,16,0.6665841929952824,0.5626521139457117,0.6246571504363365,0.802037423816417,0.5962153530103731,0.9415747742506521,0.8307097103747596,1.036633531776849,1.0086464189514435
1990,6,16,1.3386441251867165,0.9679155149713755,1.1870999587710893,1.2777988017467927,0.9222365804638852,1.3210048053457164,1.094670497867226,1.1096199222589602,1.2949295106317156
1990,7,16,1.7943585098523722,0.9949045428992775,1.7045707564203871,1.516840764184815,1.1323816013982793,1.420613139533233,1.3654919319474887,1.3745459258895092,1.4776828926964976
1990,8,16,1.2524769315562716,0.9415747742506521,1.3122621379669488,1.3564904741882404,1.094670497867226,1.383652717843076,1.072579322816437,1.4584395527766725,1.4971492289929935
1990,9,16,0.7908157503157398,0.4337360260741305,0.747304490150718,0.8663092947491254,0.705924130446149,0.9612700806986987,0.813399624195797,1.0653034799455627,1.2112550905647514
1990,10,16,0.3294538560923283,0.1862404866303367,0.23771664116048866,0.5913115166039266,0.5220306584688729,0.7579789269694355,0.5816139153019643,0.9612700806986987,0.7211978644987613
1990,11,16,0.055557756621748985,0.021644465884067623,0.03882769883670972,0.2575748666523599,0.2530352713653214,0.4525117352023692,0.2003119963821429,0.6156636125709467,0.5006363090356607
1990,12,16,0.04174651587383894,0.007468326419519938,0.029241844308787325,0.3237683647632718,0.3848811708177017,0.4156736129825431,0.16077483068357945,0.44491426069810724,0.2914960163141716
1991,1,16,0.05961232640312615,0.01011151653100848,0.02772662515091659,0.23985177015699385,0.2692515056329172,0.3500787030489772,0.09109918868383418,0.46413001250679403,0.2114969208498173
1991,2,15,0.04440768303656688,0.009218145798719364,0.021410334746245346,0.12142881110930626,0.13724448153248409,0.29666185325935435,0.13469443500118447,0.3531194689923795,0.24856893679653677
1991,3,16,0.06854903949718019,0.023099573498777753,0.054999703977722116,0.2598724746280262,0.22526659393251364,0.5048501119298575,0.19850138908982956,0.6429939711158054,0.4228145647672206
1991,4,16,0.24636290798927374,0.15929444611831717,0.22934869813438946,0.5048501119298575,0.3949058702736455,0.6665841929952824,0.3531194689923795,0.6337668394955529,0.6476519846728149
1991,5,16,0.8077008647395393,0.4337360260741305,0.5397425625539715,0.7211978644987613,0.5308192794794219,0.8191338914296127,0.7526249729127923,0.7579789269694355,0.8191338914296127
1991,6,16,1.2863390427246293,0.8191338914296127,0.9880957668592473,1.1870999587710893,0.8602840519698725,1.1021229353130118,1.1712333258104757,1.072579322816437,1.1870999587710893
1991,7,16,1.4680334851609995,1.3654919319474887,1.7602128942422874,1.546805176326376,1.1477837828654396,1.5670694607367222,1.4394171188077765,1.546805176326376,1.4971492289929935
1991,8,16,1.1477837828654396,1.0580712027538408,1.3210048053457164,1.3928126625622093,1.1247490617016531,1.420613139533233,1.2863390427246293,1.5267716744718602,1.4299878862053648
1991,9,16,0.8077008647395393,0.4525117352023692,0.8424298522376009,0.7908157503157398,0.6476519846728149,0.954664952341534,0.7964091130121354,1.2949295106317156,1.1323816013982793
1991,10,16,0.30994450622404923,0.12258330333557428,0.23985177015699385,0.5580005381692135,0.5006363090356607,0.7211978644987613,0.45635468386526484,0.802037423816417,0.7008968729548893
1991,11,16,0.06653640231013853,0.02464442853705689,0.07566876715450438,0.34406878079642395,0.34706185451156896,0.5220306584688729,0.21730104717698556,0.6011562116818694,0.44491426069810724
1991,12,16,0.04174651587383894,0.007294176062695744,0.026852578878525903,0.29927598984500153,0.35618433205269456,0.4337360260741305,0.13095070593900196,0.4411593198979518,0.33815321250765645
1992,1,16,0.0453288528779313,0.006250705371944435,0.03535098663873562,0.28894404236700316,0.3294538560923283,0.412144549787289,0.12142881110930626,0.4300672621977019,0.22526659393251364
1992,2,15,0.04626758604580228,0.009767520148086349,0.04047171674816732,0.30456758727801414,0.3294538560923283,0.4156736129825431,0.13724448153248409,0.48409980028010197,0.2764877067749383
1992,3,16,0.12492251139475548,0.03250369025569642,0.08026034110747679,0.38819663243666447,0.3410992862932853,0.5133748670827035,0.17791151195059932,0.5768196564448042,0.3750892448741023
1992,4,16,0.17791151195059932,0.1578265859330223,0.15929444611831717,0.38159157329420146,0.29927598984500153,0.5533840320292823,0.5220306584688729,0.6860046378358027,0.6570577273625485
1992,5,16,0.5308192794794219,0.48818655886552986,0.5673389964957174,0.8969982073636494,0.6713931178777732,1.0580712027538408,0.8365516447503637,1.0508822889252258,0.7964091130121354
1992,6,16,1.3475413810716863,0.9222365804638852,0.9415747742506521,1.4020257484057594,1.0225555012362058,1.4680334851609995,1.1791432026548052,1.1555538924006465,1.1477837828654396
1992,7,16,1.639844833837808,1.0580712027538408,1.5069667083820484,1.3386441251867165,1.0017546884461395,1.383652717843076,1.30357054455601,1.448900822966736,1.4394171188077765
1992,8,16,1.3654919319474887,0.7964091130121354,1.4020257484057594,1.140059840998313,0.9158689278522835,1.2777988017467927,1.117161912473846,1.5979035635521046,1.3745459258895092
1992,9,16,0.5913115166039266,0.46413001250679403,0.6762327147260709,0.9813281660307673,0.8191338914296127,1.0295732885200235,0.6713931178777732,1.1247490617016531,1.0437364510769724
1992,10,16,0.24856893679653677,0.132187882445143,0.22526659393251364,0.34706185451156896,0.30456758727801414,0.5220306584688729,0.3750892448741023,0.7526249729127923,0.7160744518909166
1992,11,16,0.11362248012983124,0.010709839937352264,0.03842642107501674,0.23985177015699385,0.23771664116048866,0.4411593198979518,0.20770668012725152,0.6959013247944554,0.47601972367215367
1992,12,16,0.05784246124682873,0.008014135615253692,0.0360978295456551,0.33815321250765645,0.398300035857636,0.42642685169205674,0.14516244953361535,0.49645459549471266,0.3410992862932853
1993,1,16,0.06992171256404357,0.008398270949436966,0.03572261071768334,0.23771664116048866,0.27164410712512976,0.36552522703715173,0.08510651534200449,0.5442552796955045,0.20770668012725152
1993,2,15,0.07870213300533878,0.012005864388001245,0.04440768303656688,0.2530352713653214,0.28390124109261955,0.3949058702736455,0.1652918735406934,0.3949058702736455,0.3294538560923283
1993,3,16,0.11690989242945843,0.02893282381748186,0.10426217354978394,0.3019112099883466,0.266878181327944,0.46413001250679403,0.2575748666523599,0.5220306584688729,0.38819663243666447
1993,4,16,0.2530352713653214,0.132187882445143,0.1879485152438897,0.4411593198979518,0.34406878079642395,0.6713931178777732,0.3750892448741023,0.7742434315983414,0.7263536787716525
1993,5,16,0.6429939711158054,0.4923047474399588,0.44491426069810724,0.8307097103747596,0.6201459428547512,1.015579971648209,0.7160744518909166,1.0086464189514435,0.8907847350400708
1993,6,16,1.3475413810716863,0.8907847350400708,1.0798989561288492,1.0295732885200235,0.747304490150718,1.0653034799455627,1.0653034799455627,1.227598114873609,1.1870999587710893
1993,7,16,1.6827503744244698,1.1633703279400431,1.448900822966736,1.5670694607367222,1.1712333258104757,1.3928126625622093,1.2112550905647514,1.2863390427246293,1.3745459258895092
1993,8,16,1.30357054455601,0.8846093259417787,1.3297987155612054,1.2441350945812064,0.9949045428992775,1.1951040714433108,1.072579322816437,1.3475413810716863,1.383652717843076
1993,9,16,0.7964091130121354,0.43743330854245943,0.7420172984200354,0.7315420709985173,0.5962153530103731,0.8723717863172363,0.7908157503157398,1.0437364510769724,1.140059840998313
1993,10,16,0.398300035857636,0.10730059399844574,0.23559888620060485,0.42642685169205674,0.3848811708177017,0.638365643813706,0.46413001250679403,0.7908157503157398,0.705924130446149
1993,11,16,0.11254565927628278,0.014875941604115525,0.05726332786415311,0.31817261625851767,0.31817261625851767,0.4228145647672206,0.1622677914774175,0.48818655886552986,0.48004426003992595
1993,12,16,0.06720116641398385,0.005156376404540671,0.030187229878459603,0.17791151195059932,0.20770668012725152,0.31817261625851767,0.1506713176328853,0.5913115166039266,0.33233065363581776
1994,1,16,0.03724537207321598,0.004400994048463207,0.014546439854506514,0.11362248012983124,0.13343575168303975,0.264523994068994,0.13596397913418537,0.5264082465960891,0.24636290798927374
1994,2,15,0.03572261071768334,0.011470986593665345,0.02236110495993857,0.13596397913418537,0.15207812235696033,0.219267882329746,0.1563711104839952,0.46413001250679403,0.2621887813592279
1994,3,16,0.08848501037985207,0.023604311469819294,0.08593985014995745,0.2764877067749383,0.24417479494164704,0.42642685169205674,0.21730104717698556,0.7109832705211528,0.4602273727626923
1994,4,16,0.21535034509403772,0.11690989242945843,0.19315900145758252,0.5673389964957174,0.44869833273275456,0.6811031665525672,0.5220306584688729,0.6476519846728149,0.6337668394955529
1994,5,16,0.7008968729548893,0.49645459549471266,0.4680628111464642,0.7315420709985173,0.5397425625539715,0.8663092947491254,0.802037423816417,0.9415747742506521,0.8969982073636494
1994,6,16,1.30357054455601,0.8077008647395393,1.072579322816437,1.1633703279400431,0.8483445262729107,1.1247490617016531,1.1477837828654396,1.2441350945812064,1.2524769315562716
1994,7,16,1.9003110921388262,1.1633703279400431,1.6827503744244698,1.6082994539440802,1.1870999587710893,1.6827503744244698,1.2949295106317156,1.6936297975615104,1.5267716744718602
1994,8,16,1.5875668954572382,0.8846093259417787,1.269308536302198,1.3386441251867165,1.0798989561288492,1.3928126625622093,1.1323816013982793,1.4776828926964976,1.4873881463835035
1994,9,16,0.7263536787716525,0.6011562116818694,0.7315420709985173,0.8424298522376009,0.6959013247944554,0.9746014660652549,0.7263536787716525,1.094670497867226,1.0017546884461395
1994,10,16,0.398300035857636,0.16682317486688875,0.264523994068994,0.509096225242481,0.45635468386526484,0.6570577273625485,0.38819663243666447,0.8424298522376009,0.6811031665525672
1994,11,16,0.08184682593071502,0.017191409854635322,0.04969580095391137,0.2864124745918821,0.2914960163141716,0.48409980028010197,0.29666185325935435,0.7852571322370795,0.5220306584688729
1994,12,16,0.05726332786415311,0.00554405920644116,0.02438051421516266,0.30994450622404923,0.36552522703715173,0.4411593198979518,0.11254565927628278,0.5962153530103731,0.30456758727801414
1995,1,16,0.07061747806888345,0.006103032129406082,0.0308330472030357,0.23141505169093857,0.266878181327944,0.31540801113137973,0.09469508690933738,0.4525117352023692,0.19670575305594534
1995,2,15,0.05961232640312615,0.017191409854635322,0.04579600866150087,0.25079299123520793,0.27164410712512976,0.398300035857636,0.14247779281928313,0.6011562116818694,0.2764877067749383
1995,3,16,0.06143184658040096,0.02986901694665512,0.07566876715450438,0.37187615395839163,0.32659981101694435,0.46413001250679403,0.2864124745918821,0.49645459549471266,0.3848811708177017
1995,4,16,0.2575748666523599,0.10526608567042556,0.23141505169093857,0.43743330854245943,0.34706185451156896,0.5533840320292823,0.4602273727626923,0.7109832705211528,0.5864444532726852
1995,5,16,0.7420172984200354,0.44869833273275456,0.47202597402366464,0.7160744518909166,0.5264082465960891,0.8542958790486401,0.6570577273625485,0.9222365804638852,0.8969982073636494
1995,6,16,1.4680334851609995,0.9949045428992775,0.9880957668592473,1.3122621379669488,0.954664952341534,1.2441350945812064,1.0508822889252258,1.072579322816437,1.235842237785739
1995,7,16,1.5670694607367222,1.1323816013982793,1.516840764184815,1.3745459258895092,1.0225555012362058,1.383652717843076,1.3386441251867165,1.6292697461902834,1.4680334851609995
1995,8,16,1.269308536302198,0.9612700806986987,1.3745459258895092,1.260868080178582,1.0086464189514435,1.3297987155612054,1.2112550905647514,1.383652717843076,1.4394171188077765
1995,9,16,0.8542958790486401,0.5816139153019643,0.7109832705211528,0.8663092947491254,0.7109832705211528,1.0086464189514435,0.8723717863172363,0.9880957668592473,1.0508822889252258
1995,10,16,0.34706185451156896,0.17954950429582245,0.2598724746280262,0.5397425625539715,0.48409980028010197,0.8249038738819208,0.46413001250679403,1.0508822889252258,0.7315420709985173
1995,11,16,0.08678066179569702,0.022119824418793375,0.06204961469772544,0.23349839875364556,0.23985177015699385,0.3949058702736455,0.2740561026347913,0.6011562116818694,0.4680628111464642
1995,12,16,0.055557756621748985,0.00999562727149135,0.04174651587383894,0.1385360277027567,0.16992486857940237,0.2692515056329172,0.12730256715185614,0.45635468386526484,0.27893898976889203
1996,1,16,0.03319498809041182,0.0072085175848667854,0.01738263383640961,0.24200446630808997,0.2764877067749383,0.2864124745918821,0.08848501037985207,0.4300672621977019,0.21730104717698556
1996,2,15,0.06522496714832947,0.010958207258983348,0.03461839744320006,0.14115259635140953,0.15492793973926253,0.24636290798927374,0.11254565927628278,0.3915381409802734,0.27893898976889203
1996,3,16,0.08510651534200449,0.026566922070198576,0.08105001906543824,0.29406857013228244,0.2575748666523599,0.4156736129825431,0.20959394243487864,0.46413001250679403,0.42642685169205674
1996,4,16,0.18120129268811008,0.1578265859330223,0.18967087148547238,0.44869833273275456,0.35618433205269456,0.6476519846728149,0.4602273727626923,0.7160744518909166,0.6762327147260709
1996,5,16,0.5533840320292823,0.5133748670827035,0.45635468386526484,0.6860046378358027,0.49645459549471266,0.8077008647395393,0.802037423816417,0.8723717863172363,0.7964091130121354
1996,6,16,1.3745459258895092,0.954664952341534,0.9949045428992775,1.1712333258104757,0.8483445262729107,1.1951040714433108,1.0295732885200235,1.2524769315562716,1.140059840998313
1996,7,16,1.6827503744244698,1.1555538924006465,1.7155738768260158,1.4394171188077765,1.072579322816437,1.3297987155612054,1.5367598185892122,1.30357054455601,1.420613139533233
1996,8,16,1.094670497867226,0.9158689278522835,1.1791432026548052,1.5069667083820484,1.2194025622739744,1.5875668954572382,1.1633703279400431,1.2949295106317156,1.3745459258895092
1996,9,16,0.7008968729548893,0.5352639731392714,0.6665841929952824,0.8663092947491254,0.705924130446149,0.9350893071965957,0.802037423816417,0.9350893071965957,1.1477837828654396
1996,10,16,0.2003119963821429,0.1563711104839952,0.22526659393251364,0.61121,0.5397425625539715,0.7852571322370795,0.42642685169205674,0.8663092947491254,0.7160744518909166
1996,11,16,0.09022002839745802,0.01757581962723304,0.05784246124682873,0.266878181327944,0.27164410712512976,0.40172079356742907,0.19850138908982956,0.6291973956327173,0.4525117352023692
1996,12,16,0.06587768588614189,0.0056791724031539405,0.025452080972784546,0.17467648329282695,0.20959394243487864,0.3072453012627378,0.17467648329282695,0.4337360260741305,0.29927598984500153
1997,1,16,0.04089260801153246,0.009767520148086349,0.021644465884067623,0.2232505536354637,0.2575748666523599,0.34406878079642395,0.13596397913418537,0.3750892448741023,0.23771664116048866
1997,2,15,0.06854903949718019,0.010228651837241544,0.031160707555319744,0.2021377423750035,0.219267882329746,0.3783276484162285,0.16077483068357945,0.5673389964957174,0.2692515056329172
1997,3,16,0.05784246124682873,0.03149157005581238,0.0826508119514224,0.31540801113137973,0.27164410712512976,0.47202597402366464,0.34406878079642395,0.6570577273625485,0.43743330854245943
1997,4,16,0.20770668012725152,0.18454667789870863,0.30994450622404923,0.35927346399978555,0.2764877067749383,0.5442552796955045,0.6011562116818694,0.6570577273625485,0.6909372986442485
1997,5,16,0.5864444532726852,0.4923047474399588,0.5626521139457117,0.7211978644987613,0.5264082465960891,0.8307097103747596,0.9415747742506521,0.9612700806986987,0.7964091130121354
1997,6,16,1.30357054455601,1.0017546884461395,0.9222365804638852,1.3386441251867165,0.9746014660652549,1.3654919319474887,1.203155701616725,1.1477837828654396,1.094670497867226
1997,7,16,1.661175819861426,1.2949295106317156,1.4776828926964976,1.7602128942422874,1.3122621379669488,1.661175819861426,1.2863390427246293,1.2949295106317156,1.546805176326376
1997,8,16,1.4299878862053648,1.117161912473846,1.30357054455601,1.4584395527766725,1.1791432026548052,1.5875668954572382,1.2112550905647514,1.516840764184815,1.3928126625622093
1997,9,16,0.9415747742506521,0.5048501119298575,0.7852571322370795,1.0017546884461395,0.8191338914296127,1.0580712027538408,0.813399624195797,1.2112550905647514,1.140059840998313
1997,10,16,0.2764877067749383,0.17467648329282695,0.27893898976889203,0.5006363090356607,0.44491426069810724,0.6291973956327173,0.48004426003992595,0.8424298522376009,0.7008968729548893
1997,11,16,0.15349697956945987,0.015043261510432858,0.04174651587383894,0.264523994068994,0.266878181327944,0.45635468386526484,0.17149542965682388,0.6337668394955529,0.43743330854245943
1997,12,16,0.08593985014995745,0.005094259388067346,0.022119824418793375,0.2232505536354637,0.266878181327944,0.37187615395839163,0.14516244953361535,0.5488023533665455,0.28141011963293605
1998,1,16,0.03535098663873562,0.006103032129406082,0.018984612986057695,0.20959394243487864,0.23985177015699385,0.35927346399978555,0.09022002839745802,0.5006363090356607,0.22125103042530414
1998,2,15,0.07641687300436327,0.0093256792806235,0.03389981383776069,0.12850813660574747,0.14381438104526503,0.4228145647672206,0.19140764638397387,0.5264082465960891,0.27893898976889203
1998,3,16,0.12142881110930626,0.02464442853705689,0.08848501037985207,0.22125103042530414,0.19315900145758252,0.4192302166946394,0.28390124109261955,0.5816139153019643,0.3949058702736455
1998,4,16,0.34406878079642395,0.12610739771615176,0.19140764638397387,0.3848811708177017,0.3019112099883466,0.6011562116818694,0.5580005381692135,0.6860046378358027,0.7579789269694355
1998,5,16,0.8077008647395393,0.40172079356742907,0.4525117352023692,0.7526249729127923,0.5533840320292823,0.90324992560064,0.7964091130121354,1.0295732885200235,0.8784717243721161
1998,6,16,1.411292515987717,1.1555538924006465,0.9949045428992775,1.1633703279400431,0.8483445262729107,1.1870999587710893,1.1951040714433108,1.260868080178582,1.1323816013982793
1998,7,16,1.936828788604336,1.260868080178582,1.6082994539440802,1.6504799880996153,1.2194025622739744,1.420613139533233,1.420613139533233,1.3928126625622093,1.516840764184815
1998,8,16,1.4776828926964976,0.954664952341534,1.4971492289929935,1.2441350945812064,0.9880957668592473,1.235842237785739,1.3928126625622093,1.420613139533233,1.411292515987717
1998,9,16,0.9222365804638852,0.49645459549471266,0.6476519846728149,0.8907847350400708,0.7367632234953649,1.08726260559247,0.9350893071965957,1.094670497867226,1.140059840998313
1998,10,16,0.3783276484162285,0.09937303490530026,0.1862404866303367,0.5533840320292823,0.48818655886552986,0.6811031665525672,0.5264082465960891,0.8784717243721161,0.8307097103747596
1998,11,16,0.13343575168303975,0.01681477090160313,0.028323810281520347,0.21535034509403772,0.21535034509403772,0.3848811708177017,0.29666185325935435,0.5006363090356607,0.49645459549471266
1998,12,16,0.08848501037985207,0.0056791724031539405,0.031160707555319744,0.19315900145758252,0.22934869813438946,0.38159157329420146,0.1563711104839952,0.4923047474399588,0.33233065363581776
1999,1,16,0.04395358491471006,0.008902387840558903,0.01757581962723304,0.12374783985926269,0.14516244953361535,0.2914960163141716,0.13596397913418537,0.5176862740855324,0.23349839875364556
1999,2,15,0.05444680443414911,0.007556835545331711,0.0400548123995108,0.15349697956945987,0.1683674887956463,0.33815321250765645,0.17467648329282695,0.4156736129825431,0.3072453012627378
1999,3,16,0.08184682593071502,0.019405854699526773,0.04579600866150087,0.2864124745918821,0.2530352713653214,0.4525117352023692,0.17149542965682388,0.5913115166039266,0.4602273727626923
1999,4,16,0.21535034509403772,0.13343575168303975,0.19315900145758252,0.5176862740855324,0.4192302166946394,0.6909372986442485,0.5352639731392714,0.7160744518909166,0.7633665387912244
1999,5,16,0.6011562116818694,0.47601972367215367,0.5533840320292823,0.7263536787716525,0.5264082465960891,0.8723717863172363,0.9813281660307673,1.0580712027538408,0.954664952341534
1999,6,16,1.383652717843076,1.0225555012362058,0.9350893071965957,1.411292515987717,1.036633531776849,1.3297987155612054,1.227598114873609,1.1477837828654396,1.2777988017467927
1999,7,16,1.448900822966736,1.1791432026548052,1.6292697461902834,1.5267716744718602,1.140059840998313,1.4971492289929935,1.6082994539440802,1.4873881463835035,1.5267716744718602
1999,8,16,1.4776828926964976,0.8723717863172363,1.2194025622739744,1.140059840998313,0.9222365804638852,1.269308536302198,1.260868080178582,1.383652717843076,1.4971492289929935
1999,9,16,0.8542958790486401,0.5006363090356607,0.7263536787716525,1.036633531776849,0.8602840519698725,1.227598114873609,0.7797330895636643,1.3297987155612054,1.269308536302198
1999,10,16,0.29666185325935435,0.132187882445143,0.21730104717698556,0.6061343432908831,0.5397425625539715,0.747304490150718,0.48409980028010197,0.8784717243721161,0.8365516447503637
1999,11,16,0.09937303490530026,0.017002129471667356,0.05281862062018365,0.45635468386526484,0.44869833273275456,0.6011562116818694,0.2232505536354637,0.5533840320292823,0.5133748670827035
1999,12,16,0.06081974870243936,0.008300672425022217,0.0400548123995108,0.1506713176328853,0.1879485152438897,0.29406857013228244,0.17149542965682388,0.5176862740855324,0.3531194689923795
2000,1,16,0.05668952997575408,0.0058173302207832145,0.018777167484551303,0.22729927434521113,0.2598724746280262,0.3949058702736455,0.07717176659535036,0.44869833273275456,0.25529584412551143
2000,2,15,0.08346206010510525,0.012706870151374351,0.029553897565693595,0.21535034509403772,0.23349839875364556,0.4086428666372111,0.10937110514827957,0.5533840320292823,0.25529584412551143
2000,3,16,0.09109918868383418,0.028626827550514346,0.0826508119514224,0.29927598984500153,0.264523994068994,0.4525117352023692,0.25079299123520793,0.5913115166039266,0.4337360260741305
2000,4,16,0.18286696529524105,0.17149542965682388,0.20959394243487864,0.4923047474399588,0.3915381409802734,0.6811031665525672,0.5533840320292823,0.7579789269694355,0.813399624195797
2000,5,16,0.49645459549471266,0.5176862740855324,0.5176862740855324,0.8663092947491254,0.6523398503817459,1.0295732885200235,0.8969982073636494,1.072579322816437,1.140059840998313
2000,6,16,1.3745459258895092,0.9480999395298644,1.1247490617016531,1.2112550905647514,0.8723717863172363,1.140059840998313,1.2777988017467927,1.3386441251867165,1.1951040714433108
2000,7,16,1.6292697461902834,1.1870999587710893,1.4776828926964976,1.5875668954572382,1.1791432026548052,1.3745459258895092,1.546805176326376,1.227598114873609,1.4584395527766725
2000,8,16,1.1712333258104757,0.9350893071965957,1.3928126625622093,1.2949295106317156,1.0437364510769724,1.30357054455601,1.2863390427246293,1.4680334851609995,1.4776828926964976
2000,9,16,0.7633665387912244,0.5133748670827035,0.7315420709985173,0.9095400917805436,0.7526249729127923,1.015579971648209,0.8969982073636494,1.1951040714433108,1.1247490617016531
2000,10,16,0.30994450622404923,0.11362248012983124,0.2003119963821429,0.7008968729548893,0.638365643813706,0.90324992560064,0.31817261625851767,0.9480999395298644,0.8077008647395393
2000,11,16,0.12850813660574747,0.011602601341644469,0.034257370297132626,0.42642685169205674,0.4192302166946394,0.6618057867720727,0.13596397913418537,0.6860046378358027,0.4923047474399588
2000,12,16,0.06522496714832947,0.006794019327363853,0.014875941604115525,0.22125103042530414,0.2621887813592279,0.42642685169205674,0.1563711104839952,0.61121,0.3237683647632718
2001,1,16,0.09842081996894843,0.003567572462480195,0.013445530883189316,0.24856893679653677,0.2740561026347913,0.3410992862932853,0.10228063152095998,0.48818655886552986,0.23349839875364556
2001,2,15,0.07566876715450438,0.007039987105011562,0.022850954785927996,0.1398386906613684,0.15349697956945987,0.2692515056329172,0.13343575168303975,0.5308192794794219,0.3019112099883466
2001,3,16,0.07419269739260904,0.031825673220943304,0.06720116641398385,0.19492499431332358,0.17149542965682388,0.36238702830547903,0.28894404236700316,0.6337668394955529,0.48004426003992595
2001,4,16,0.2003119963821429,0.14115259635140953,0.17467648329282695,0.47202597402366464,0.3686882070879855,0.6156636125709467,0.48004426003992595,0.638365643813706,0.7633665387912244
2001,5,16,0.48818655886552986,0.5533840320292823,0.5220306584688729,0.7420172984200354,0.5488023533665455,0.9095400917805436,0.8663092947491254,1.08726260559247,1.0798989561288492
2001,6,16,1.269308536302198,0.9286433114116314,1.203155701616725,1.3745459258895092,0.9813281660307673,1.1951040714433108,1.3564904741882404,1.1247490617016531,1.260868080178582
2001,7,16,1.5569083295900081,1.3475413810716863,1.6187547517232053,1.5367598185892122,1.1555538924006465,1.516840764184815,1.5069667083820484,1.4394171188077765,1.4680334851609995
2001,8,16,1.3475413810716863,0.8663092947491254,1.448900822966736,1.2777988017467927,1.0295732885200235,1.3654919319474887,1.4020257484057594,1.4680334851609995,1.420613139533233
2001,9,16,0.9095400917805436,0.3949058702736455,0.7263536787716525,0.9949045428992775,0.8191338914296127,1.0225555012362058,0.8663092947491254,0.954664952341534,1.1247490617016531
2001,10,16,0.3072453012627378,0.12492251139475548,0.23349839875364556,0.5626521139457117,0.5006363090356607,0.8307097103747596,0.49645459549471266,1.08726260559247,0.802037423816417
2001,11,16,0.10730059399844574,0.024119202932341027,0.06992171256404357,0.28390124109261955,0.28894404236700316,0.48004426003992595,0.24636290798927374,0.5533840320292823,0.509096225242481
2001,12,16,0.06923225033239602,0.006957096586523958,0.030187229878459603,0.16077483068357945,0.19492499431332358,0.31540801113137973,0.07947773415510528,0.4337360260741305,0.31540801113137973
2002,1,16,0.07492738624309996,0.005094259388067346,0.02628406888141157,0.16682317486688875,0.19315900145758252,0.33233065363581776,0.12142881110930626,0.4337360260741305,0.24200446630808997
2002,2,15,0.05123533400532606,0.010228651837241544,0.03647667475281147,0.219267882329746,0.23985177015699385,0.4192302166946394,0.14516244953361535,0.6061343432908831,0.266878181327944
2002,3,16,0.07274311876419186,0.034257370297132626,0.09288117172492567,0.27893898976889203,0.24200446630808997,0.47601972367215367,0.23559888620060485,0.6201459428547512,0.509096225242481
2002,4,16,0.15207812235696033,0.15929444611831717,0.17628721146054846,0.5816139153019643,0.45635468386526484,0.7367632234953649,0.4337360260741305,0.705924130446149,0.747304490150718
2002,5,16,0.5626521139457117,0.4923047474399588,0.5488023533665455,0.9158689278522835,0.6909372986442485,1.1021229353130118,0.8602840519698725,0.9415747742506521,0.9746014660652549
2002,6,16,1.2524769315562716,1.0017546884461395,1.1555538924006465,1.4394171188077765,1.0508822889252258,1.4680334851609995,1.3297987155612054,1.3928126625622093,1.260868080178582
2002,7,16,1.5367598185892122,1.1633703279400431,1.577288853411552,1.6936297975615104,1.260868080178582,1.6292697461902834,1.6504799880996153,1.3745459258895092,1.4584395527766725
2002,8,16,1.140059840998313,1.0017546884461395,1.3297987155612054,1.4680334851609995,1.1791432026548052,1.6504799880996153,1.4584395527766725,1.3564904741882404,1.5267716744718602
2002,9,16,0.8723717863172363,0.5397425625539715,0.6909372986442485,0.8723717863172363,0.7109832705211528,1.0798989561288492,0.8907847350400708,1.0653034799455627,1.0295732885200235
2002,10,16,0.398300035857636,0.12028431899640095,0.23141505169093857,0.4086428666372111,0.3686882070879855,0.5768196564448042,0.4086428666372111,0.8907847350400708,0.8542958790486401
2002,11,16,0.19315900145758252,0.02438051421516266,0.04969580095391137,0.2021377423750035,0.2021377423750035,0.36238702830547903,0.24636290798927374,0.7367632234953649,0.5308192794794219
2002,12,16,0.14652207374437068,0.0058173302207832145,0.021644465884067623,0.13469443500118447,0.1622677914774175,0.2764877067749383,0.10326704207014978,0.5913115166039266,0.29666185325935435
2003,1,16,0.06330230264185067,0.005958594040892903,0.023604311469819294,0.09937303490530026,0.11362248012983124,0.25079299123520793,0.12492251139475548,0.4300672621977019,0.24856893679653677
2003,2,15,0.06923225033239602,0.008496928279593393,0.031825673220943304,0.24636290798927374,0.2764877067749383,0.3531194689923795,0.13343575168303975,0.36552522703715173,0.2864124745918821
2003,3,16,0.06854903949718019,0.039641864726607086,0.08428060534070804,0.35927346399978555,0.32095935604307185,0.5397425625539715,0.20397868617401527,0.638365643813706,0.42642685169205674
2003,4,16,0.23559888620060485,0.1398386906613684,0.2021377423750035,0.46413001250679403,0.3686882070879855,0.6570577273625485,0.42642685169205674,0.7263536787716525,0.705924130446149
2003,5,16,0.5580005381692135,0.40516834096614107,0.48818655886552986,0.8602840519698725,0.6523398503817459,0.9679155149713755,0.7852571322370795,1.0580712027538408,0.813399624195797
2003,6,16,1.2441350945812064,0.7964091130121354,1.1477837828654396,1.2194025622739744,0.8723717863172363,1.3564904741882404,1.3475413810716863,1.4020257484057594,1.2524769315562716
2003,7,16,1.6504799880996153,1.2949295106317156,1.5670694607367222,1.9124160432519297,1.4299878862053648,1.7715307956582118,1.30357054455601,1.577288853411552,1.5267716744718602
2003,8,16,1.260868080178582,0.9679155149713755,1.3745459258895092,1.3564904741882404,1.08726260559247,1.448900822966736,1.0580712027538408,1.6827503744244698,1.4299878862053648
2003,9,16,0.7633665387912244,0.6156636125709467,0.7908157503157398,0.9095400917805436,0.7526249729127923,1.0653034799455627,0.8663092947491254,1.1555538924006465,1.1555538924006465
2003,10,16,0.45635468386526484,0.1506713176328853,0.24200446630808997,0.5133748670827035,0.46413001250679403,0.6337668394955529,0.4337360260741305,0.7420172984200354,0.7797330895636643
2003,11,16,0.10526608567042556,0.01857182387982828,0.04047171674816732,0.3531194689923795,0.35927346399978555,0.5006363090356607,0.18454667789870863,0.6713931178777732,0.4680628111464642
2003,12,16,0.07131959205445848,0.0076463182110477305,0.04486609482788575,0.20583496036835902,0.24417479494164704,0.3915381409802734,0.11580451053422416,0.5176862740855324,0.32659981101694435
2004,1,16,0.03685917437511559,0.0056791724031539405,0.02464442853705689,0.1652918735406934,0.1879485152438897,0.24856893679653677,0.09937303490530026,0.45635468386526484,0.24856893679653677
2004,2,15,0.05020417998115182,0.00810861601415457,0.02893282381748186,0.18286696529524105,0.2021377423750035,0.35927346399978555,0.19850138908982956,0.48409980028010197,0.33233065363581776
2004,3,16,0.055557756621748985,0.03216303584623426,0.06720116641398385,0.29927598984500153,0.266878181327944,0.48004426003992595,0.24636290798927374,0.5220306584688729,0.5816139153019643
2004,4,16,0.20583496036835902,0.12028431899640095,0.1879485152438897,0.5352639731392714,0.4228145647672206,0.7367632234953649,0.6291973956327173,0.7367632234953649,0.7964091130121354
2004,5,16,0.5673389964957174,0.38819663243666447,0.48409980028010197,0.8191338914296127,0.6201459428547512,0.9746014660652549,0.8784717243721161,0.8784717243721161,0.9415747742506521
2004,6,16,1.448900822966736,0.7742434315983414,1.094670497867226,1.1791432026548052,0.8542958790486401,1.203155701616725,1.2441350945812064,1.235842237785739,1.2194025622739744
2004,7,16,1.6719325169568817,1.072579322816437,1.5267716744718602,1.661175819861426,1.2777988017467927,1.4299878862053648,1.516840764184815,1.383652717843076,1.4971492289929935
2004,8,16,1.3745459258895092,0.8846093259417787,1.203155701616725,1.3475413810716863,1.08726260559247,1.4971492289929935,1.1633703279400431,1.4394171188077765,1.448900822966736
2004,9,16,0.7211978644987613,0.5580005381692135,0.7367632234953649,0.9612700806986987,0.7852571322370795,1.072579322816437,0.747304490150718,1.2194025622739744,1.1870999587710893
2004,10,16,0.31540801113137973,0.09288117172492567,0.3019112099883466,0.5442552796955045,0.48409980028010197,0.7367632234953649,0.4300672621977019,0.9813281660307673,0.7160744518909166
2004,11,16,0.10833131212353539,0.025726673137137838,0.08593985014995745,0.28141011963293605,0.27893898976889203,0.4337360260741305,0.20959394243487864,0.6201459428547512,0.5442552796955045
2004,12,16,0.060213255511546736,0.0036573963197434264,0.02117854189785921,0.2575748666523599,0.30994450622404923,0.4337360260741305,0.13596397913418537,0.47202597402366464,0.3410992862932853
2005,1,16,0.06081974870243936,0.005747866835945695,0.03216303584623426,0.23771664116048866,0.2692515056329172,0.38819663243666447,0.054999703977722116,0.46413001250679403,0.23141505169093857
2005,2,15,0.05842696928591707,0.00943437197563172,0.02628406888141157,0.2021377423750035,0.22729927434521113,0.33233065363581776,0.0453288528779313,0.38159157329420146,0.23559888620060485
2005,3,16,0.10833131212353539,0.029241844308787325,0.08346206010510525,0.22526659393251364,0.2003119963821429,0.3783276484162285,0.2003119963821429,0.5580005381692135,0.48818655886552986
2005,4,16,0.23141505169093857,0.18967087148547238,0.23349839875364556,0.5308192794794219,0.4156736129825431,0.705924130446149,0.5488023533665455,0.7367632234953649,0.7211978644987613
2005,5,16,0.7109832705211528,0.5533840320292823,0.6061343432908831,0.7526249729127923,0.5673389964957174,0.8846093259417787,0.747304490150718,0.9880957668592473,0.813399624195797
2005,6,16,1.2524769315562716,0.9480999395298644,1.1096199222589602,1.3210048053457164,0.9679155149713755,1.235842237785739,1.1633703279400431,1.3654919319474887,1.260868080178582
2005,7,16,1.411292515987717,1.140059840998313,1.6936297975615104,1.7266393493649983,1.269308536302198,1.6292697461902834,1.5670694607367222,1.4680334851609995,1.4680334851609995
2005,8,16,1.3122621379669488,0.8663092947491254,1.2441350945812064,1.4020257484057594,1.140059840998313,1.3386441251867165,1.260868080178582,1.269308536302198,1.448900822966736
2005,9,16,0.8424298522376009,0.5962153530103731,0.8483445262729107,0.954664952341534,0.7852571322370795,1.08726260559247,0.8542958790486401,1.2524769315562716,1.235842237785739
2005,10,16,0.3783276484162285,0.13596397913418537,0.2764877067749383,0.6429939711158054,0.5864444532726852,0.8077008647395393,0.48818655886552986,0.9813281660307673,0.802037423816417
2005,11,16,0.08428060534070804,0.03647667475281147,0.06653640231013853,0.4228145647672206,0.4300672621977019,0.5626521139457117,0.22729927434521113,0.5962153530103731,0.48818655886552986
2005,12,16,0.10937110514827957,0.008902387840558903,0.03149157005581238,0.19315900145758252,0.23559888620060485,0.35927346399978555,0.08184682593071502,0.43743330854245943,0.30994450622404923
2006,1,16,0.05123533400532606,0.004972098945054145,0.012563716970911033,0.21730104717698556,0.24856893679653677,0.32095935604307185,0.10937110514827957,0.3783276484162285,0.20397868617401527
2006,2,15,0.101302872602053,0.007920678496957026,0.028023751598297394,0.1622677914774175,0.17954950429582245,0.33233065363581776,0.1622677914774175,0.40516834096614107,0.36238702830547903
2006,3,16,0.06393732460114222,0.023099573498777753,0.07202812832738148,0.19315900145758252,0.17149542965682388,0.3072453012627378,0.27164410712512976,0.48004426003992595,0.48409980028010197
2006,4,16,0.18967087148547238,0.12610739771615176,0.15929444611831717,0.5580005381692135,0.43743330854245943,0.6476519846728149,0.48409980028010197,0.7109832705211528,0.6860046378358027
2006,5,16,0.6811031665525672,0.48409980028010197,0.5048501119298575,0.8723717863172363,0.6570577273625485,0.9949045428992775,0.6909372986442485,0.9746014660652549,1.1323816013982793
2006,6,16,1.420613139533233,1.0225555012362058,1.1555538924006465,1.3297987155612054,0.9746014660652549,1.3386441251867165,1.1633703279400431,1.3297987155612054,1.1951040714433108
2006,7,16,1.6292697461902834,1.117161912473846,1.6827503744244698,1.5267716744718602,1.140059840998313,1.6827503744244698,1.383652717843076,1.7715307956582118,1.5267716744718602
2006,8,16,1.3475413810716863,1.0295732885200235,1.2194025622739744,1.5069667083820484,1.2112550905647514,1.6187547517232053,1.203155701616725,1.1712333258104757,1.4680334851609995
2006,9,16,0.9350893071965957,0.5816139153019643,0.802037423816417,0.9612700806986987,0.7964091130121354,1.235842237785739,0.8663092947491254,1.3564904741882404,1.1323816013982793
2006,10,16,0.3915381409802734,0.1506713176328853,0.1862404866303367,0.48818655886552986,0.43743330854245943,0.7852571322370795,0.5048501119298575,1.0653034799455627,0.90324992560064
2006,11,16,0.06393732460114222,0.029241844308787325,0.04174651587383894,0.33523039298113116,0.33815321250765645,0.5626521139457117,0.2621887813592279,0.7367632234953649,0.5220306584688729
2006,12,16,0.10326704207014978,0.007294176062695744,0.04440768303656688,0.32095935604307185,0.38159157329420146,0.5488023533665455,0.15207812235696033,0.5626521139457117,0.28894404236700316
2007,1,16,0.06204961469772544,0.007380775850807989,0.05123533400532606,0.1683674887956463,0.19492499431332358,0.33233065363581776,0.12142881110930626,0.6011562116818694,0.24856893679653677
2007,2,15,0.04395358491471006,0.006875110344043346,0.01777098166753715,0.11254565927628278,0.12374783985926269,0.28894404236700316,0.219267882329746,0.5864444532726852,0.3294538560923283
2007,3,16,0.047709253366456844,0.0360978295456551,0.06854903949718019,0.398300035857636,0.3531194689923795,0.5768196564448042,0.2692515056329172,0.5962153530103731,0.44491426069810724
2007,4,16,0.2575748666523599,0.18967087148547238,0.31540801113137973,0.509096225242481,0.40516834096614107,0.7160744518909166,0.5864444532726852,0.9158689278522835,0.9158689278522835
2007,5,16,0.5962153530103731,0.5442552796955045,0.509096225242481,0.802037423816417,0.6061343432908831,0.9415747742506521,0.8907847350400708,1.0508822889252258,1.015579971648209
2007,6,16,1.383652717843076,0.9612700806986987,1.0580712027538408,1.2949295106317156,0.9350893071965957,1.3928126625622093,1.2777988017467927,1.2863390427246293,1.269308536302198
2007,7,16,1.7489586676783773,1.0437364510769724,1.577288853411552,1.577288853411552,1.1712333258104757,1.516840764184815,1.7045707564203871,1.3654919319474887,1.4776828926964976
2007,8,16,1.3654919319474887,0.9949045428992775,1.3210048053457164,1.3654919319474887,1.1096199222589602,1.4020257484057594,1.3386441251867165,1.30357054455601,1.4776828926964976
2007,9,16,0.8191338914296127,0.5488023533665455,0.768787974036368,0.8602840519698725,0.7109832705211528,0.9679155149713755,0.9350893071965957,1.0508822889252258,1.1791432026548052
2007,10,16,0.30994450622404923,0.17628721146054846,0.266878181327944,0.6762327147260709,0.6156636125709467,0.7579789269694355,0.3848811708177017,0.8602840519698725,0.7263536787716525
2007,11,16,0.14247779281928313,0.020274329470932283,0.07274311876419186,0.31817261625851767,0.32659981101694435,0.47202597402366464,0.2232505536354637,0.5768196564448042,0.5352639731392714
2007,12,16,0.07566876715450438,0.011340750434101536,0.04047171674816732,0.33815321250765645,0.40172079356742907,0.43743330854245943,0.11802493121452227,0.48004426003992595,0.3019112099883466
2008,1,16,0.047224172286977534,0.00554405920644116,0.02260480607455227,0.2530352713653214,0.2764877067749383,0.4086428666372111,0.06720116641398385,0.5488023533665455,0.1862404866303367
2008,2,15,0.047709253366456844,0.0098809650159214,0.04674362778746634,0.25529584412551143,0.27893898976889203,0.47202597402366464,0.0974769843398749,0.5264082465960891,0.22125103042530414
2008,3,16,0.07061747806888345,0.06081974870243936,0.10730059399844574,0.25529584412551143,0.22526659393251364,0.42642685169205674,0.34706185451156896,0.5488023533665455,0.6011562116818694
2008,4,16,0.22526659393251364,0.13343575168303975,0.16992486857940237,0.46413001250679403,0.36238702830547903,0.6959013247944554,0.5580005381692135,0.6665841929952824,0.7263536787716525
2008,5,16,0.6665841929952824,0.5626521139457117,0.5397425625539715,0.7633665387912244,0.5673389964957174,0.9813281660307673,0.8191338914296127,1.072579322816437,1.0580712027538408
2008,6,16,1.3122621379669488,1.036633531776849,1.1555538924006465,1.2112550905647514,0.8784717243721161,1.3475413810716863,1.2949295106317156,1.269308536302198,1.3564904741882404
2008,7,16,1.5979035635521046,1.2524769315562716,1.4020257484057594,1.4776828926964976,1.1021229353130118,1.5979035635521046,1.5267716744718602,1.4020257484057594,1.4873881463835035
2008,8,16,1.203155701616725,1.0508822889252258,1.2949295106317156,1.1791432026548052,0.9415747742506521,1.3386441251867165,1.3386441251867165,1.3654919319474887,1.4394171188077765
2008,9,16,0.7964091130121354,0.5397425625539715,0.747304490150718,0.8424298522376009,0.6909372986442485,1.015579971648209,0.8846093259417787,1.0295732885200235,1.1555538924006465
2008,10,16,0.3019112099883466,0.17791151195059932,0.3126653574281668,0.5816139153019643,0.5176862740855324,0.7526249729127923,0.5006363090356607,0.8784717243721161,0.8424298522376009
2008,11,16,0.12028431899640095,0.02236110495993857,0.054999703977722116,0.31817261625851767,0.31817261625851767,0.4923047474399588,0.2740561026347913,0.6429939711158054,0.509096225242481
2008,12,16,0.06081974870243936,0.005219194581899732,0.026003988631438022,0.29927598984500153,0.3531194689923795,0.3915381409802734,0.13095070593900196,0.4680628111464642,0.33815321250765645
2009,1,16,0.04674362778746634,0.007380775850807989,0.02772662515091659,0.2114969208498173,0.23771664116048866,0.34706185451156896,0.09654146114175859,0.36552522703715173,0.264523994068994
2009,2,15,0.05228593080594312,0.0058173302207832145,0.016629327421559377,0.1506713176328853,0.17149542965682388,0.27164410712512976,0.14652207374437068,0.4337360260741305,0.3294538560923283
2009,3,16,0.05389902022729115,0.04131753361337308,0.05784246124682873,0.29406857013228244,0.2530352713653214,0.46413001250679403,0.2598724746280262,0.5397425625539715,0.49645459549471266
2009,4,16,0.2114969208498173,0.17791151195059932,0.27164410712512976,0.47202597402366464,0.3686882070879855,0.747304490150718,0.5962153530103731,0.8483445262729107,0.7315420709985173
2009,5,16,0.6011562116818694,0.49645459549471266,0.4680628111464642,0.9286433114116314,0.7008968729548893,1.036633531776849,0.8663092947491254,1.08726260559247,0.9612700806986987
2009,6,16,1.269308536302198,1.0580712027538408,1.094670497867226,1.203155701616725,0.8723717863172363,1.2524769315562716,1.1096199222589602,1.2194025622739744,1.1791432026548052
2009,7,16,1.6187547517232053,1.203155701616725,1.6082994539440802,1.5069667083820484,1.1247490617016531,1.5069667083820484,1.448900822966736,1.4584395527766725,1.4971492289929935
2009,8,16,1.3297987155612054,0.8907847350400708,1.3297987155612054,1.4299878862053648,1.1555538924006465,1.448900822966736,1.2112550905647514,1.5367598185892122,1.577288853411552
2009,9,16,0.8907847350400708,0.61121,0.7908157503157398,1.0086464189514435,0.8365516447503637,1.1021229353130118,0.8249038738819208,1.2194025622739744,1.1633703279400431
2009,10,16,0.35618433205269456,0.17467648329282695,0.2598724746280262,0.44491426069810724,0.398300035857636,0.638365643813706,0.4923047474399588,0.8663092947491254,0.802037423816417
2009,11,16,0.10426217354978394,0.017191409854635322,0.03802896073590573,0.412144549787289,0.40516834096614107,0.5768196564448042,0.14115259635140953,0.747304490150718,0.4602273727626923
2009,12,16,0.08026034110747679,0.007736778807620648,0.014546439854506514,0.18120129268811008,0.21535034509403772,0.30456758727801414,0.09561417474235036,0.48004426003992595,0.3237683647632718
2010,1,16,0.05784246124682873,0.005887570445048812,0.01836855047997442,0.1385360277027567,0.16077483068357945,0.19492499431332358,0.06522496714832947,0.36552522703715173,0.29666185325935435
2010,2,15,0.08105001906543824,0.00954423310465508,0.020721885935240394,0.11362248012983124,0.12972415152498454,0.22125103042530414,0.07870213300533878,0.4337360260741305,0.2621887813592279
2010,3,16,0.10426217354978394,0.027432398944789025,0.06992171256404357,0.22934869813438946,0.2021377423750035,0.398300035857636,0.17791151195059932,0.5352639731392714,0.5673389964957174
2010,4,16,0.29666185325935435,0.13724448153248409,0.2114969208498173,0.5397425625539715,0.42642685169205674,0.6570577273625485,0.3531194689923795,0.747304490150718,0.8307097103747596
2010,5,16,0.6476519846728149,0.6337668394955529,0.5397425625539715,0.9222365804638852,0.7008968729548893,0.90324992560064,0.7579789269694355,0.8542958790486401,0.8846093259417787
2010,6,16,1.3210048053457164,0.9612700806986987,1.036633531776849,1.1555538924006465,0.8365516447503637,1.1870999587710893,1.3210048053457164,1.260868080178582,1.094670497867226
2010,7,16,1.6292697461902834,1.3654919319474887,1.5670694607367222,1.639844833837808,1.227598114873609,1.5979035635521046,1.5569083295900081,1.6292697461902834,1.4299878862053648
2010,8,16,1.411292515987717,0.9679155149713755,1.235842237785739,1.2524769315562716,1.0017546884461395,1.3928126625622093,1.1633703279400431,1.3122621379669488,1.516840764184815
2010,9,16,0.8077008647395393,0.49645459549471266,0.6762327147260709,0.9415747742506521,0.7742434315983414,1.0017546884461395,0.768787974036368,1.0580712027538408,1.094670497867226
2010,10,16,0.3531194689923795,0.11690989242945843,0.24636290798927374,0.5962153530103731,0.5308192794794219,0.7109832705211528,0.4680628111464642,0.8191338914296127,0.8602840519698725
2010,11,16,0.14247779281928313,0.02628406888141157,0.06522496714832947,0.2003119963821429,0.20959394243487864,0.31817261625851767,0.28141011963293605,0.6429939711158054,0.5488023533665455
2010,12,16,0.04969580095391137,0.00782822893370881,0.01590625848244087,0.1385360277027567,0.16992486857940237,0.19492499431332358,0.14115259635140953,0.3915381409802734,0.31540801113137973
2011,1,16,0.055557756621748985,0.008204124234193508,0.025726673137137838,0.16377343996781998,0.18120129268811008,0.32095935604307185,0.04579600866150087,0.46413001250679403,0.21730104717698556
2011,2,15,0.06143184658040096,0.006556028356235242,0.025726673137137838,0.11470874258353453,0.12258330333557428,0.27893898976889203,0.12258330333557428,0.48818655886552986,0.28894404236700316
2011,3,16,0.07346462384548472,0.048693210779346005,0.11362248012983124,0.30456758727801414,0.2740561026347913,0.44491426069810724,0.18454667789870863,0.6061343432908831,0.4525117352023692
2011,4,16,0.18286696529524105,0.18286696529524105,0.29406857013228244,0.6061343432908831,0.48409980028010197,0.7908157503157398,0.6201459428547512,0.8969982073636494,0.7526249729127923
2011,5,16,0.6570577273625485,0.5220306584688729,0.6523398503817459,0.8542958790486401,0.6476519846728149,0.9813281660307673,0.7367632234953649,1.08726260559247,1.08726260559247
2011,6,16,1.269308536302198,0.9158689278522835,1.1951040714433108,1.4680334851609995,1.072579322816437,1.383652717843076,1.269308536302198,1.235842237785739,1.3745459258895092
2011,7,16,1.6292697461902834,1.420613139533233,1.5069667083820484,1.6827503744244698,1.2524769315562716,1.5670694607367222,1.3928126625622093,1.2441350945812064,1.5069667083820484
2011,8,16,1.30357054455601,1.0508822889252258,1.3386441251867165,1.3475413810716863,1.072579322816437,1.4020257484057594,1.3386441251867165,1.4584395527766725,1.4776828926964976
2011,9,16,0.8907847350400708,0.4411593198979518,0.7633665387912244,1.0653034799455627,0.8784717243721161,1.1323816013982793,0.7633665387912244,1.2949295106317156,1.1323816013982793
2011,10,16,0.412144549787289,0.14927643079181244,0.3072453012627378,0.6618057867720727,0.6011562116818694,0.7964091130121354,0.4923047474399588,0.8907847350400708,0.8365516447503637
2011,11,16,0.07202812832738148,0.01857182387982828,0.05668952997575408,0.46413001250679403,0.4602273727626923,0.6429939711158054,0.21535034509403772,0.6665841929952824,0.4923047474399588
2011,12,16,0.08105001906543824,0.006401681577479244,0.04395358491471006,0.32659981101694435,0.3949058702736455,0.44869833273275456,0.0974769843398749,0.5962153530103731,0.2740561026347913
2012,1,16,0.026852578878525903,0.008902387840558903,0.02335067975465889,0.17791151195059932,0.2003119963821429,0.31817261625851767,0.05901691497174316,0.5048501119298575,0.19140764638397387
2012,2,15,0.08934865358533446,0.00879937891734024,0.04217959430156561,0.14927643079181244,0.16077483068357945,0.33815321250765645,0.07274311876419186,0.32095935604307185,0.22526659393251364
2012,3,16,0.05444680443414911,0.02117854189785921,0.07274311876419186,0.3500787030489772,0.30994450622404923,0.5913115166039266,0.1879485152438897,0.6811031665525672,0.4228145647672206
2012,4,16,0.24636290798927374,0.17467648329282695,0.22934869813438946,0.43743330854245943,0.3500787030489772,0.6011562116818694,0.5533840320292823,0.6959013247944554,0.7315420709985173
2012,5,16,0.6011562116818694,0.6246571504363365,0.5673389964957174,0.7852571322370795,0.61121,0.9222365804638852,0.802037423816417,1.0295732885200235,0.8907847350400708
2012,6,16,1.383652717843076,1.1021229353130118,1.203155701616725,1.1791432026548052,0.8663092947491254,1.1555538924006465,1.3475413810716863,1.2777988017467927,1.2194025622739744
2012,7,16,1.661175819861426,1.2112550905647514,1.7602128942422874,1.4680334851609995,1.08726260559247,1.4299878862053648,1.5069667083820484,1.4020257484057594,1.5670694607367222
2012,8,16,1.3928126625622093,0.8723717863172363,1.2112550905647514,1.260868080178582,1.0086464189514435,1.3122621379669488,1.203155701616725,1.5367598185892122,1.4971492289929935
2012,9,16,0.8969982073636494,0.5673389964957174,0.8542958790486401,0.9095400917805436,0.7579789269694355,0.9679155149713755,0.8846093259417787,1.1477837828654396,1.1712333258104757
2012,10,16,0.3237683647632718,0.16077483068357945,0.21341567599936426,0.5220306584688729,0.47601972367215367,0.6570577273625485,0.4300672621977019,0.8907847350400708,0.7797330895636643
2012,11,16,0.06787202182384103,0.024119202932341027,0.043058177715543364,0.37187615395839163,0.37187615395839163,0.5488023533665455,0.1879485152438897,0.6762327147260709,0.4602273727626923
2012,12,16,0.04174651587383894,0.008204124234193508,0.0204969806903192,0.1398386906613684,0.16682317486688875,0.2530352713653214,0.10526608567042556,0.5264082465960891,0.32095935604307185
2013,1,16,0.05281862062018365,0.004793942469118124,0.01857182387982828,0.19670575305594534,0.22125103042530414,0.28141011963293605,0.11362248012983124,0.4525117352023692,0.23349839875364556
2013,2,15,0.051758180737095524,0.006556028356235242,0.02518019320738531,0.21730104717698556,0.24200446630808997,0.3294538560923283,0.12028431899640095,0.37187615395839163,0.2914960163141716
2013,3,16,0.07346462384548472,0.029553897565693595,0.05784246124682873,0.1862404866303367,0.16377343996781998,0.3294538560923283,0.4228145647672206,0.4525117352023692,0.5133748670827035
2013,4,16,0.13596397913418537,0.18286696529524105,0.24417479494164704,0.4602273727626923,0.3686882070879855,0.6011562116818694,0.5913115166039266,0.7109832705211528,0.7579789269694355
2013,5,16,0.5352639731392714,0.6429939711158054,0.5442552796955045,1.036633531776849,0.7852571322370795,1.117161912473846,0.7908157503157398,0.8191338914296127,0.9415747742506521
2013,6,16,1.448900822966736,1.015579971648209,1.1712333258104757,1.4873881463835035,1.1021229353130118,1.3297987155612054,1.1096199222589602,1.1951040714433108,1.3210048053457164
2013,7,16,1.639844833837808,1.1477837828654396,1.6292697461902834,1.546805176326376,1.1712333258104757,1.4873881463835035,1.3745459258895092,1.6292697461902834,1.5979035635521046
2013,8,16,1.411292515987717,0.9679155149713755,1.3654919319474887,1.411292515987717,1.1555538924006465,1.3928126625622093,1.269308536302198,1.4299878862053648,1.5569083295900081
2013,9,16,0.813399624195797,0.5048501119298575,0.6959013247944554,1.0580712027538408,0.8784717243721161,1.072579322816437,0.802037423816417,1.1555538924006465,1.269308536302198
2013,10,16,0.44491426069810724,0.13095070593900196,0.25529584412551143,0.5488023533665455,0.4923047474399588,0.7579789269694355,0.46413001250679403,0.9813281660307673,0.9222365804638852
2013,11,16,0.09654146114175859,0.02986901694665512,0.0826508119514224,0.32659981101694435,0.33815321250765645,0.5352639731392714,0.22934869813438946,0.6201459428547512,0.48004426003992595
2013,12,16,0.054999703977722116,0.015212324783125212,0.05335630831318143,0.2598724746280262,0.3126653574281668,0.48818655886552986,0.13596397913418537,0.5352639731392714,0.33523039298113116
2014,1,16,0.101302872602053,0.004972098945054145,0.012563716970911033,0.13724448153248409,0.1622677914774175,0.28894404236700316,0.12258330333557428,0.5533840320292823,0.264523994068994
2014,2,15,0.04626758604580228,0.012851535038458643,0.019405854699526773,0.31817261625851767,0.3531194689923795,0.46413001250679403,0.09288117172492567,0.5626521139457117,0.24636290798927374
2014,3,16,0.07870213300533878,0.04261680445039755,0.11147820564546172,0.35927346399978555,0.32095935604307185,0.5488023533665455,0.25079299123520793,0.6618057867720727,0.44869833273275456
2014,4,16,0.20583496036835902,0.19315900145758252,0.31540801113137973,0.5006363090356607,0.40172079356742907,0.7211978644987613,0.5816139153019643,0.8249038738819208,0.7109832705211528
2014,5,16,0.6429939711158054,0.5673389964957174,0.5673389964957174,0.802037423816417,0.5913115166039266,0.9679155149713755,0.747304490150718,0.9286433114116314,0.90324992560064
2014,6,16,1.227598114873609,0.9679155149713755,1.1477837828654396,1.1791432026548052,0.8663092947491254,1.2777988017467927,1.1477837828654396,1.30357054455601,1.2524769315562716
2014,7,16,1.546805176326376,1.1555538924006465,1.6936297975615104,1.8290844788602527,1.4020257484057594,1.7715307956582118,1.4873881463835035,1.4020257484057594,1.5875668954572382
2014,8,16,1.30357054455601,1.0508822889252258,1.269308536302198,1.411292515987717,1.1323816013982793,1.4299878862053648,1.2777988017467927,1.235842237785739,1.4680334851609995
2014,9,16,0.7908157503157398,0.5442552796955045,0.7008968729548893,0.9350893071965957,0.768787974036368,1.117161912473846,0.8191338914296127,1.2194025622739744,1.2112550905647514
2014,10,16,0.31817261625851767,0.14516244953361535,0.219267882329746,0.5176862740855324,0.47601972367215367,0.8249038738819208,0.5533840320292823,1.0508822889252258,0.813399624195797
2014,11,16,0.11690989242945843,0.01816733226475303,0.0453288528779313,0.31540801113137973,0.31817261625851767,0.5488023533665455,0.23985177015699385,0.7420172984200354,0.48004426003992595
2014,12,16,0.101302872602053,0.0056791724031539405,0.04486609482788575,0.22526659393251364,0.2621887813592279,0.3848811708177017,0.11362248012983124,0.5673389964957174,0.29927598984500153
2015,1,16,0.05784246124682873,0.011340750434101536,0.02464442853705689,0.1578265859330223,0.17954950429582245,0.3410992862932853,0.14381438104526503,0.4923047474399588,0.2692515056329172
2015,2,15,0.06204961469772544,0.01438422915658281,0.04089260801153246,0.2530352713653214,0.2621887813592279,0.412144549787289,0.14927643079181244,0.4300672621977019,0.3019112099883466
2015,3,16,0.08678066179569702,0.04261680445039755,0.10033368685496828,0.40172079356742907,0.3500787030489772,0.5397425625539715,0.264523994068994,0.6011562116818694,0.42642685169205674
2015,4,16,0.23559888620060485,0.1385360277027567,0.264523994068994,0.5442552796955045,0.42642685169205674,0.6618057867720727,0.5864444532726852,0.7633665387912244,0.7315420709985173
2015,5,16,0.6959013247944554,0.47202597402366464,0.5913115166039266,0.8542958790486401,0.638365643813706,0.8663092947491254,0.8191338914296127,0.9880957668592473,0.9158689278522835
2015,6,16,1.3297987155612054,0.9350893071965957,1.203155701616725,1.1633703279400431,0.8307097103747596,1.140059840998313,1.1951040714433108,1.3297987155612054,1.235842237785739
2015,7,16,1.5875668954572382,1.2194025622739744,1.6936297975615104,1.3654919319474887,1.0225555012362058,1.383652717843076,1.5875668954572382,1.7489586676783773,1.639844833837808
2015,8,16,1.2194025622739744,1.0295732885200235,1.3386441251867165,1.420613139533233,1.1555538924006465,1.4971492289929935,1.2863390427246293,1.577288853411552,1.411292515987717
2015,9,16,0.7633665387912244,0.5006363090356607,0.747304490150718,1.0580712027538408,0.8723717863172363,1.1096199222589602,0.7908157503157398,1.072579322816437,1.0653034799455627
2015,10,16,0.412144549787289,0.147893384369598,0.24636290798927374,0.5768196564448042,0.5220306584688729,0.7908157503157398,0.48409980028010197,0.8365516447503637,0.8249038738819208
2015,11,16,0.12142881110930626,0.02188095681496661,0.05668952997575408,0.38819663243666447,0.3915381409802734,0.5533840320292823,0.2003119963821429,0.7420172984200354,0.5220306584688729
2015,12,16,0.07492738624309996,0.00879937891734024,0.055557756621748985,0.25529584412551143,0.29666185325935435,0.47202597402366464,0.1578265859330223,0.6713931178777732,0.3072453012627378
2016,1,16,0.10426217354978394,0.0098809650159214,0.02464442853705689,0.11690989242945843,0.14247779281928313,0.24417479494164704,0.06143184658040096,0.509096225242481,0.2692515056329172
2016,2,15,0.08934865358533446,0.00782822893370881,0.04626758604580228,0.2530352713653214,0.2692515056329172,0.3750892448741023,0.10326704207014978,0.5397425625539715,0.2914960163141716
2016,3,16,0.11362248012983124,0.04626758604580228,0.10937110514827957,0.35618433205269456,0.30994450622404923,0.5048501119298575,0.2864124745918821,0.5308192794794219,0.48409980028010197
2016,4,16,0.3126653574281668,0.19492499431332358,0.2764877067749383,0.5533840320292823,0.4337360260741305,0.6429939711158054,0.5816139153019643,0.7109832705211528,0.7797330895636643
2016,5,16,0.7315420709985173,0.5133748670827035,0.4525117352023692,1.0017546884461395,0.7367632234953649,1.0225555012362058,0.7008968729548893,0.9222365804638852,0.9480999395298644
2016,6,16,1.3654919319474887,0.9612700806986987,1.2777988017467927,1.2524769315562716,0.8969982073636494,1.3297987155612054,1.2441350945812064,1.227598114873609,1.3745459258895092
2016,7,16,1.6936297975615104,1.1247490617016531,1.6187547517232053,1.6827503744244698,1.2524769315562716,1.516840764184815,1.6187547517232053,1.5069667083820484,1.5875668954572382
2016,8,16,1.4299878862053648,0.8483445262729107,1.2863390427246293,1.2863390427246293,1.0225555012362058,1.3210048053457164,1.260868080178582,1.4584395527766725,1.3928126625622093
2016,9,16,0.8483445262729107,0.5442552796955045,0.8424298522376009,1.0225555012362058,0.8424298522376009,1.1870999587710893,1.0017546884461395,1.3564904741882404,1.227598114873609
2016,10,16,0.34706185451156896,0.1506713176328853,0.19850138908982956,0.61121,0.5397425625539715,0.7211978644987613,0.37187615395839163,0.8191338914296127,0.802037423816417
2016,11,16,0.10937110514827957,0.018777167484551303,0.0481989246401273,0.30456758727801414,0.3126653574281668,0.43743330854245943,0.19492499431332358,0.6337668394955529,0.48004426003992595
2016,12,16,0.06081974870243936,0.00712378934711142,0.029553897565693595,0.25079299123520793,0.3019112099883466,0.45635468386526484,0.16377343996781998,0.509096225242481,0.3294538560923283
2017,1,16,0.054999703977722116,0.007380775850807989,0.026003988631438022,0.21341567599936426,0.23985177015699385,0.35927346399978555,0.12142881110930626,0.35927346399978555,0.20397868617401527
2017,2,15,0.0626730820641863,0.012422052514363952,0.04261680445039755,0.20770668012725152,0.22934869813438946,0.36552522703715173,0.16077483068357945,0.5488023533665455,0.2764877067749383
2017,3,16,0.05842696928591707,0.06143184658040096,0.15207812235696033,0.31540801113137973,0.27164410712512976,0.48004426003992595,0.2692515056329172,0.6959013247944554,0.4156736129825431
2017,4,16,0.2598724746280262,0.20583496036835902,0.2530352713653214,0.42642685169205674,0.33815321250765645,0.6201459428547512,0.638365643813706,0.705924130446149,0.7526249729127923
2017,5,16,0.6665841929952824,0.48004426003992595,0.4680628111464642,0.6909372986442485,0.5048501119298575,0.9480999395298644,0.9480999395298644,1.0295732885200235,1.0225555012362058
2017,6,16,1.3654919319474887,0.9746014660652549,1.2441350945812064,1.1870999587710893,0.8784717243721161,1.2949295106317156,1.4584395527766725,1.4680334851609995,1.2949295106317156
2017,7,16,1.8058690527730668,1.1021229353130118,1.546805176326376,1.5267716744718602,1.140059840998313,1.4394171188077765,1.6504799880996153,1.516840764184815,1.516840764184815
2017,8,16,1.411292515987717,1.1021229353130118,1.3564904741882404,1.269308536302198,1.0225555012362058,1.3297987155612054,1.2524769315562716,1.516840764184815,1.420613139533233
2017,9,16,0.9095400917805436,0.6011562116818694,0.6860046378358027,0.954664952341534,0.8077008647395393,1.1096199222589602,0.8602840519698725,1.0295732885200235,1.1633703279400431
2017,10,16,0.398300035857636,0.14516244953361535,0.2575748666523599,0.5768196564448042,0.5176862740855324,0.7742434315983414,0.4156736129825431,0.954664952341534,0.8483445262729107
2017,11,16,0.09654146114175859,0.01590625848244087,0.055557756621748985,0.31817261625851767,0.32095935604307185,0.4602273727626923,0.22526659393251364,0.6201459428547512,0.5133748670827035
2017,12,16,0.12374783985926269,0.006176460057671611,0.04217959430156561,0.20770668012725152,0.24417479494164704,0.37187615395839163,0.13095070593900196,0.49645459549471266,0.3126653574281668
2018,1,16,0.06393732460114222,0.006556028356235242,0.02518019320738531,0.17467648329282695,0.19492499431332358,0.30994450622404923,0.06457819003429092,0.6061343432908831,0.25529584412551143
2018,2,15,0.0507173491661864,0.01329470212120037,0.03216303584623426,0.1506713176328853,0.16992486857940237,0.2864124745918821,0.12258330333557428,0.36552522703715173,0.3019112099883466
2018,3,16,0.10228063152095998,0.03149157005581238,0.07131959205445848,0.21341567599936426,0.1879485152438897,0.33815321250765645,0.412144549787289,0.5048501119298575,0.61121
2018,4,16,0.20583496036835902,0.17954950429582245,0.23559888620060485,0.5006363090356607,0.3949058702736455,0.6811031665525672,0.5913115166039266,0.8969982073636494,0.802037423816417
2018,5,16,0.5913115166039266,0.5533840320292823,0.48004426003992595,1.0086464189514435,0.7526249729127923,1.1712333258104757,0.8365516447503637,1.08726260559247,0.9095400917805436
2018,6,16,1.269308536302198,0.954664952341534,1.4020257484057594,1.1712333258104757,0.8365516447503637,1.3122621379669488,1.420613139533233,1.3745459258895092,1.2777988017467927
2018,7,16,1.7266393493649983,1.2112550905647514,1.448900822966736,1.949137469392229,1.4299878862053648,1.7829125652742326,1.3564904741882404,1.661175819861426,1.5569083295900081
2018,8,16,1.203155701616725,0.9949045428992775,1.3564904741882404,1.3928126625622093,1.1096199222589602,1.3928126625622093,1.3386441251867165,1.6082994539440802,1.5267716744718602
2018,9,16,0.802037423816417,0.5442552796955045,0.7742434315983414,0.9813281660307673,0.802037423816417,1.0798989561288492,0.7742434315983414,1.2949295106317156,1.1633703279400431
2018,10,16,0.4228145647672206,0.19492499431332358,0.38159157329420146,0.5442552796955045,0.48004426003992595,0.7420172984200354,0.5133748670827035,0.9880957668592473,0.7579789269694355
2018,11,16,0.12850813660574747,0.02986901694665512,0.0507173491661864,0.44491426069810724,0.44869833273275456,0.5488023533665455,0.20959394243487864,0.6909372986442485,0.47202597402366464
2018,12,16,0.08762903653241891,0.009655280826482862,0.028626827550514346,0.25529584412551143,0.29927598984500153,0.38159157329420146,0.08593985014995745,0.5768196564448042,0.3019112099883466
2019,1,16,0.05842696928591707,0.007556835545331711,0.028323810281520347,0.1398386906613684,0.16077483068357945,0.29927598984500153,0.0826508119514224,0.4337360260741305,0.22729927434521113
2019,2,15,0.06204961469772544,0.010709839937352264,0.04395358491471006,0.1879485152438897,0.20397868617401527,0.412144549787289,0.08428060534070804,0.5580005381692135,0.25529584412551143
2019,3,16,0.14115259635140953,0.0360978295456551,0.13469443500118447,0.27893898976889203,0.23985177015699385,0.4602273727626923,0.27893898976889203,0.6429939711158054,0.46413001250679403
2019,4,16,0.2530352713653214,0.21341567599936426,0.23349839875364556,0.5720614319145675,0.4525117352023692,0.768787974036368,0.6291973956327173,0.7420172984200354,0.7964091130121354
2019,5,16,0.705924130446149,0.5442552796955045,0.5308192794794219,0.8077008647395393,0.6061343432908831,0.8784717243721161,0.7263536787716525,0.8249038738819208,0.8663092947491254
2019,6,16,1.3928126625622093,1.0086464189514435,1.227598114873609,1.2524769315562716,0.90324992560064,1.383652717843076,1.227598114873609,1.4680334851609995,1.1247490617016531
2019,7,16,1.7715307956582118,1.072579322816437,1.7266393493649983,1.4680334851609995,1.1247490617016531,1.516840764184815,1.411292515987717,1.639844833837808,1.5875668954572382
2019,8,16,1.269308536302198,0.9612700806986987,1.4776828926964976,1.3122621379669488,1.072579322816437,1.4680334851609995,1.3654919319474887,1.5069667083820484,1.448900822966736
2019,9,16,0.9095400917805436,0.5397425625539715,0.7742434315983414,0.9286433114116314,0.7579789269694355,1.015579971648209,1.0508822889252258,1.2194025622739744,1.235842237785739
2019,10,16,0.3848811708177017,0.18454667789870863,0.28894404236700316,0.44491426069810724,0.398300035857636,0.6909372986442485,0.48818655886552986,1.0086464189514435,0.7908157503157398
2019,11,16,0.13596397913418537,0.031160707555319744,0.04626758604580228,0.25529584412551143,0.2575748666523599,0.4228145647672206,0.22526659393251364,0.6429939711158054,0.4602273727626923
2019,12,16,0.08105001906543824,0.0072085175848667854,0.03389981383776069,0.2740561026347913,0.31540801113137973,0.4300672621977019,0.1385360277027567,0.6011562116818694,0.31540801113137973
2020,1,16,0.03216303584623426,0.0098809650159214,0.0453288528779313,0.22125103042530414,0.23559888620060485,0.44869833273275456,0.11470874258353453,0.5442552796955045,0.22934869813438946
2020,2,15,0.0400548123995108,0.013751951340907955,0.05901691497174316,0.23559888620060485,0.24856893679653677,0.42642685169205674,0.17954950429582245,0.6201459428547512,0.31540801113137973
2020,3,16,0.07419269739260904,0.0453288528779313,0.10833131212353539,0.31540801113137973,0.2692515056329172,0.49645459549471266,0.266878181327944,0.5913115166039266,0.47601972367215367
2020,4,16,0.219267882329746,0.18120129268811008,0.36552522703715173,0.45635468386526484,0.35927346399978555,0.6665841929952824,0.5442552796955045,0.8723717863172363,0.7109832705211528
2020,5,16,0.6618057867720727,0.5352639731392714,0.61121,0.768787974036368,0.5720614319145675,0.8483445262729107,0.9350893071965957,0.9949045428992775,0.9158689278522835
2020,6,16,1.2777988017467927,1.0580712027538408,1.227598114873609,1.448900822966736,1.0653034799455627,1.5979035635521046,1.1712333258104757,1.227598114873609,1.1870999587710893
2020,7,16,1.639844833837808,1.1951040714433108,1.546805176326376,1.5979035635521046,1.2112550905647514,1.3654919319474887,1.4299878862053648,1.5569083295900081,1.5267716744718602
2020,8,16,1.3654919319474887,0.8249038738819208,1.516840764184815,1.3210048053457164,1.0653034799455627,1.4584395527766725,1.1555538924006465,1.5875668954572382,1.5267716744718602
2020,9,16,0.8542958790486401,0.6291973956327173,0.8483445262729107,0.9746014660652549,0.7964091130121354,1.0653034799455627,0.8424298522376009,1.2777988017467927,1.094670497867226
2020,10,16,0.33523039298113116,0.17467648329282695,0.2530352713653214,0.6246571504363365,0.5580005381692135,0.7964091130121354,0.40172079356742907,0.8602840519698725,0.7367632234953649
2020,11,16,0.101302872602053,0.0308330472030357,0.09842081996894843,0.4411593198979518,0.43743330854245943,0.6061343432908831,0.25529584412551143,0.705924130446149,0.4228145647672206
2020,12,16,0.08346206010510525,0.006325774898019832,0.03149157005581238,0.2740561026347913,0.3126653574281668,0.45635468386526484,0.09654146114175859,0.5533840320292823,0.264523994068994
2021,1,16,0.07274311876419186,0.0036122258910338757,0.012851535038458643,0.16077483068357945,0.18120129268811008,0.24636290798927374,0.11580451053422416,0.44491426069810724,0.2114969208498173
2021,2,15,0.03250369025569642,0.011084376456548863,0.02094906144511599,0.15929444611831717,0.17954950429582245,0.30994450622404923,0.23771664116048866,0.5580005381692135,0.35927346399978555
2021,3,16,0.06457819003429092,0.03842642107501674,0.07492738624309996,0.31540801113137973,0.2740561026347913,0.509096225242481,0.3410992862932853,0.5673389964957174,0.5006363090356607
2021,4,16,0.18454667789870863,0.1563711104839952,0.23141505169093857,0.5176862740855324,0.40516834096614107,0.61121,0.509096225242481,0.638365643813706,0.6762327147260709
2021,5,16,0.6246571504363365,0.5768196564448042,0.5673389964957174,0.768787974036368,0.5768196564448042,0.9286433114116314,0.802037423816417,0.813399624195797,0.9679155149713755
2021,6,16,1.3928126625622093,1.117161912473846,1.117161912473846,1.4971492289929935,1.072579322816437,1.4394171188077765,1.1323816013982793,1.4394171188077765,1.3210048053457164
2021,7,16,1.7266393493649983,1.2949295106317156,1.6936297975615104,1.6719325169568817,1.227598114873609,1.7155738768260158,1.5670694607367222,1.3928126625622093,1.577288853411552
2021,8,16,1.30357054455601,1.1021229353130118,1.4020257484057594,1.2863390427246293,1.0295732885200235,1.3297987155612054,1.1712333258104757,1.3122621379669488,1.4776828926964976
2021,9,16,0.7797330895636643,0.5626521139457117,0.7742434315983414,0.8784717243721161,0.7263536787716525,1.072579322816437,0.90324992560064,1.269308536302198,1.2441350945812064
2021,10,16,0.398300035857636,0.1879485152438897,0.3237683647632718,0.5864444532726852,0.5133748670827035,0.8191338914296127,0.43743330854245943,0.8663092947491254,0.7633665387912244
2021,11,16,0.09469508690933738,0.03354569765565716,0.06923225033239602,0.2914960163141716,0.2914960163141716,0.4923047474399588,0.23985177015699385,0.6061343432908831,0.4602273727626923
2021,12,16,0.06457819003429092,0.0054119289723469285,0.025726673137137838,0.16077483068357945,0.19492499431332358,0.32659981101694435,0.15929444611831717,0.5533840320292823,0.3294538560923283
2022,1,16,0.04919215625157378,0.007736778807620648,0.031160707555319744,0.19315900145758252,0.2114969208498173,0.36238702830547903,0.10627887897313519,0.48818655886552986,0.2621887813592279
2022,2,15,0.05228593080594312,0.011602601341644469,0.04174651587383894,0.19492499431332358,0.20770668012725152,0.3783276484162285,0.09022002839745802,0.5580005381692135,0.3072453012627378
2022,3,16,0.09378410448980266,0.0435037635091238,0.08026034110747679,0.36238702830547903,0.31817261625851767,0.5352639731392714,0.2864124745918821,0.6156636125709467,0.6011562116818694
2022,4,16,0.1879485152438897,0.15349697956945987,0.2575748666523599,0.48409980028010197,0.3848811708177017,0.638365643813706,0.5176862740855324,0.7109832705211528,0.9158689278522835
2022,5,16,0.6246571504363365,0.48409980028010197,0.6476519846728149,0.8424298522376009,0.6337668394955529,0.9480999395298644,0.9949045428992775,1.140059840998313,1.015579971648209
2022,6,16,1.411292515987717,1.117161912473846,1.227598114873609,1.4299878862053648,1.036633531776849,1.4020257484057594,1.3745459258895092,1.4680334851609995,1.2194025622739744
2022,7,16,1.5979035635521046,1.260868080178582,1.6504799880996153,1.6936297975615104,1.269308536302198,1.4584395527766725,1.3745459258895092,1.7045707564203871,1.5569083295900081
2022,8,16,1.3297987155612054,1.015579971648209,1.2441350945812064,1.4680334851609995,1.1633703279400431,1.448900822966736,1.235842237785739,1.6719325169568817,1.383652717843076
2022,9,16,0.8424298522376009,0.4923047474399588,0.7008968729548893,0.9222365804638852,0.768787974036368,1.0437364510769724,1.0295732885200235,1.1323816013982793,1.269308536302198
2022,10,16,0.3750892448741023,0.17307927276720572,0.33523039298113116,0.6201459428547512,0.5488023533665455,0.8249038738819208,0.40172079356742907,1.1323816013982793,0.802037423816417
2022,11,16,0.12972415152498454,0.02094906144511599,0.05281862062018365,0.34406878079642395,0.35618433205269456,0.5626521139457117,0.2232505536354637,0.7367632234953649,0.5397425625539715
2022,12,16,0.06854903949718019,0.007039987105011562,0.03842642107501674,0.19850138908982956,0.23559888620060485,0.3072453012627378,0.09288117172492567,0.5533840320292823,0.30456758727801414
2023,1,16,0.09022002839745802,0.00343666442404913,0.014064808591255489,0.23349839875364556,0.25529584412551143,0.3500787030489772,0.12610739771615176,0.5352639731392714,0.19492499431332358
2023,2,15,0.051758180737095524,0.007468326419519938,0.0453288528779313,0.24200446630808997,0.2621887813592279,0.412144549787289,0.14381438104526503,0.5264082465960891,0.34706185451156896
2023,3,16,0.08428060534070804,0.05228593080594312,0.10937110514827957,0.21535034509403772,0.1879485152438897,0.38819663243666447,0.3410992862932853,0.6337668394955529,0.5352639731392714
2023,4,16,0.15207812235696033,0.1683674887956463,0.19140764638397387,0.5352639731392714,0.4192302166946394,0.6618057867720727,0.3949058702736455,0.6811031665525672,0.6959013247944554
2023,5,16,0.6713931178777732,0.49645459549471266,0.5626521139457117,0.9158689278522835,0.6762327147260709,0.9415747742506521,0.6570577273625485,1.0017546884461395,0.8602840519698725
2023,6,16,1.30357054455601,1.1247490617016531,1.1323816013982793,1.383652717843076,1.0017546884461395,1.448900822966736,1.3297987155612054,1.4680334851609995,1.2524769315562716
2023,7,16,1.7266393493649983,1.260868080178582,1.7155738768260158,1.5979035635521046,1.227598114873609,1.4971492289929935,1.5979035635521046,1.5875668954572382,1.516840764184815
2023,8,16,1.4776828926964976,1.0508822889252258,1.5569083295900081,1.5267716744718602,1.235842237785739,1.4020257484057594,1.4394171188077765,1.546805176326376,1.5069667083820484
2023,9,16,0.8077008647395393,0.509096225242481,0.8077008647395393,1.072579322816437,0.8602840519698725,1.1951040714433108,0.8723717863172363,1.4584395527766725,1.2112550905647514
2023,10,16,0.3686882070879855,0.18120129268811008,0.33233065363581776,0.45635468386526484,0.412144549787289,0.6713931178777732,0.6246571504363365,1.08726260559247,0.8483445262729107
2023,11,16,0.16992486857940237,0.030187229878459603,0.07346462384548472,0.23349839875364556,0.23559888620060485,0.3949058702736455,0.22934869813438946,0.6665841929952824,0.5352639731392714
2023,12,16,0.08510651534200449,0.006634487179964336,0.028023751598297394,0.16682317486688875,0.2021377423750035,0.29406857013228244,0.11802493121452227,0.6201459428547512,0.36238702830547903
2024,1,16,0.047709253366456844,0.004400994048463207,0.03647667475281147,0.14247779281928313,0.16682317486688875,0.2764877067749383,0.12028431899640095,0.509096225242481,0.29666185325935435
2024,2,15,0.05842696928591707,0.008596660917070098,0.028626827550514346,0.2003119963821429,0.22125103042530414,0.3686882070879855,0.11362248012983124,0.6570577273625485,0.28390124109261955
2024,3,16,0.08428060534070804,0.05281862062018365,0.08105001906543824,0.33815321250765645,0.29406857013228244,0.5176862740855324,0.2864124745918821,0.6762327147260709,0.48409980028010197
2024,4,16,0.264523994068994,0.19850138908982956,0.24856893679653677,0.42642685169205674,0.33815321250765645,0.6429939711158054,0.5626521139457117,0.7633665387912244,0.7211978644987613
2024,5,16,0.6337668394955529,0.5673389964957174,0.5176862740855324,0.9095400917805436,0.6811031665525672,1.1712333258104757,1.0653034799455627,0.9813281660307673,1.0437364510769724
2024,6,16,1.4299878862053648,0.954664952341534,1.227598114873609,1.5367598185892122,1.1096199222589602,1.3564904741882404,1.3475413810716863,1.2863390427246293,1.2777988017467927
2024,7,16,1.6187547517232053,1.203155701616725,1.7266393493649983,1.8174441568999145,1.3745459258895092,1.5367598185892122,1.6827503744244698,1.5569083295900081,1.6292697461902834
2024,8,16,1.4020257484057594,0.8723717863172363,1.411292515987717,1.5670694607367222,1.269308536302198,1.448900822966736,1.3210048053457164,1.639844833837808,1.5670694607367222
2024,9,16,0.8424298522376009,0.5442552796955045,0.7742434315983414,1.1021229353130118,0.9095400917805436,1.1096199222589602,0.8663092947491254,1.1633703279400431,1.2863390427246293
2024,10,16,0.33523039298113116,0.132187882445143,0.24636290798927374,0.6246571504363365,0.5580005381692135,0.802037423816417,0.5673389964957174,1.0017546884461395,0.8907847350400708
2024,11,16,0.10033368685496828,0.0308330472030357,0.09109918868383418,0.36552522703715173,0.36238702830547903,0.5176862740855324,0.28141011963293605,0.6811031665525672,0.6291973956327173
2024,12,16,0.09469508690933738,0.016445770090947998,0.05281862062018365,0.219267882329746,0.2530352713653214,0.42642685169205674,0.11147820564546172,0.5308192794794219,0.28141011963293605
