Year,Month,Day,CAN,YAK,TAY,LAN,TOR,NOR,ALT,LOT,PAK
1901,1,16,0.0769245655637189,0.0543427665183311,0.08310878310564479,0.09195091163447151,0.10721677498716223,0.08538216501377238,0.0956633531098402,0.17074292118034926,0.14595127929025262
1901,2,15,0.0447685670153951,0.0819441422351559,0.1002008712861954,0.053119440847947494,0.06905340485807823,0.08377057761834197,0.1130955113841934,0.0,0.1847051919628788
1901,3,16,0.1526235979904215,0.1123024708210138,0.11321999838020069,0.14829829220215907,0.1430122451260671,0.17089101199130735,0.1876006706456735,0.0895152127728221,0.2933370346904496
1901,4,16,0.21673602845859857,0.2295735379954694,0.10919975838250798,0.23905408986681909,0.1845790289986011,0.30686962749953434,0.3462528811524369,0.2894590594274375,0.4289334403808599
1901,5,16,0.26360423739385613,0.180943257099179,0.1933991464731503,0.34905308477320673,0.2761248444782375,0.4697740643845272,0.5414427511918145,0.34789598465541394,0.5690100204039144
1901,6,16,0.5957086735061897,0.5710352877757753,0.4021579074895566,0.6691898801897948,0.48663373102958285,0.6907661216527772,0.7412896903980457,0.3915115944915952,0.5899633312472587
1901,7,16,0.7091404743822215,0.5009216426249017,0.538914553521172,0.7942302016597661,0.5575677029657644,0.9243730364588951,0.6282113673604944,0.20700001806158685,0.7911402784314614
1901,8,16,0.41282866948973473,0.17466763516417352,0.3022412526280678,0.3562699505575642,0.31337676775265644,0.48792110249360476,0.473285577725824,0.18249098745607661,0.6400888720382926
1901,9,16,0.33812522367534703,0.21217357439459353,0.10057056808220297,0.2039694867002531,0.19612131531455548,0.30576658927829825,0.438223042771152,0.090478828187882,0.6150823270530681
1901,10,16,0.16469304791736278,0.04206574938203969,0.029321687693375398,0.12862353644770325,0.14907240449436857,0.2548132784349538,0.1400868600473545,0.20476500588700564,0.2986248561009379
1901,11,16,0.0817936073224413,0.0647049657943308,0.0809854988526118,0.031268342798091,0.04609855623402351,0.13338515450353006,0.035534317089124384,0.06654245174040008,0.2160755927374924
1901,12,16,0.065038202770468,0.0696320741555458,0.02056733992034719,0.04740814858508881,0.0404680145324309,0.0030279777548223863,0.033386785368718794,0.022485905381664284,0.107268312932803
1902,1,16,0.08177775890613509,0.0616451009170742,0.0705673399203472,0.0976219173963097,0.09046801453243092,0.12227234844910018,0.07088005395591937,0.17248590538166425,0.09349371688999678
1902,2,15,0.089416040171812,0.0682330792875217,0.04628415798338159,0.0651771988208374,0.06608039568239502,0.05775548931874558,0.1086634117740181,0.10352423384101128,0.06257320028281513
1902,3,16,0.07881895099819919,0.0916496620978179,0.06199065051836909,0.08799127954224771,0.09458199579062804,0.11960326997911369,0.21389229908198648,0.16604216696040264,0.2519309423494283
1902,4,16,0.18794468940897852,0.170101579913943,0.09066761856780281,0.14508643430703327,0.1092068060914351,0.1849122302819175,0.3014160119358661,0.3056603830255883,0.4203527103276038
1902,5,16,0.2949576109542656,0.2225670720751618,0.15510919852361618,0.3064662454971072,0.24553293776150795,0.35580847383654635,0.462109749400884,0.19945905942743747,0.4873656779963229
1902,6,16,0.5874158167107223,0.4468986468417544,0.2421889227652255,0.4239694867002531,0.3362428636430641,0.5008855850841076,0.6660845750835842,0.19923818180009611,0.763568805833371
1902,7,16,0.7398730328690636,0.4584186295708502,0.5398127252261582,0.39780347744486505,0.2960903000388865,0.35187431162587157,0.665494155256933,0.2770000180615867,0.7439932416425059
1902,8,16,0.4540505104812549,0.31219833150768705,0.3022412526280678,0.2504831888669939,0.21754214546270081,0.26062691899884016,0.5332855777258241,0.1877584551488446,0.7616015486215248
1902,9,16,0.27036155296135134,0.15902608007458233,0.20291524344800302,0.2369428375998957,0.2590724044943685,0.26481327843495384,0.4485574052719713,0.2992381818000961,0.6050823270530682
1902,10,16,0.18026178601296877,0.04206574938203969,0.011298041028888012,0.02134227263876544,0.05457902899860109,0.15966019536769782,0.23448565481237102,0.04098086578766258,0.4460672644460133
1902,11,16,0.058774745338967094,0.0619441422351559,0.045753686664648296,0.08936125926090861,0.08937413513109801,0.16966330358378018,0.0,0.22917517235429213,0.13521246085715813
1902,12,16,0.0,0.06414567082022721,0.052783507195730994,0.03796599993406789,0.04982955906780964,0.022560086320619677,0.007235638020173199,0.027586109569509687,0.0641108452877249
1903,1,16,0.0754733927627439,0.0561794831626979,0.06934132269478539,0.09224891029737668,0.09928425117283082,0.09267877862747537,0.09467062933458699,0.16699875951208137,0.1276257199681124
1903,2,15,0.0838595097309264,0.0831829364684728,0.10716918111098649,0.0968742009432013,0.10982955906780964,0.17873135644852073,0.09585649044020728,0.12481048836958292,0.18411577734572743
1903,3,16,0.1087747453389671,0.1030560776090226,0.03342278714721109,0.16277810905053147,0.1325508662615534,0.25650452185504186,0.1714774924954284,0.23041732478943777,0.1393625789141432
1903,4,16,0.1927261752763928,0.125579369107587,0.07974066124513199,0.2578677469676953,0.21907392976208742,0.28275926338133284,0.23563947504706328,0.07604216696040267,0.2847621575693564
1903,5,16,0.23387832636494205,0.37515339117715474,0.18550318495627968,0.3638972705003156,0.2861248444782375,0.43087577000306476,0.49219025679053763,0.3768276172469863,0.46760459953670963
1903,6,16,0.6725783842706997,0.4146676351641736,0.36971769872239635,0.49996201159402415,0.3850386545624799,0.516287766551268,0.630850571296269,0.2820923439518427,0.699800684425878
1903,7,16,0.7086430396617054,0.5739027787552008,0.7389400679067238,0.47200794230375237,0.3403948721954112,0.49830269924703385,0.6555881812287093,0.16595400774847924,0.6281926576022776
1903,8,16,0.5113722944861887,0.055796914675539405,0.2491569553149253,0.28210196827552864,0.21663373102958286,0.2636080551291391,0.39992207003170743,0.14083282443114198,0.7247264740605484
1903,9,16,0.26494011771620773,0.17481843098404362,0.223998145362278,0.21900870075067974,0.23122969544496466,0.36408395533403737,0.45497359299110296,0.23825484900371952,0.6739340514652645
1903,10,16,0.060142515721519976,0.0492187421582832,0.07697205865009049,0.09085261850921068,0.11987315227682968,0.13532364013063258,0.2285162725905527,0.20466518762399577,0.3824338152184532
1903,11,16,0.0710513130800885,0.0759397719286656,0.07365910325542879,0.06410952563449031,0.07171803959069775,0.06773420038046779,0.12401220488775729,0.15480034614755556,0.2264367517289194
1903,12,16,0.11905056326485819,0.0616813175358777,0.020992866918220388,0.121268342798091,0.15424960736581872,0.17683163210205688,0.04460643892368339,0.02050044266215928,0.07434483277991863
1904,1,16,0.0676714084706384,0.0640179018937897,0.07255171434734489,0.11434351312668402,0.1325508662615534,0.14359322855993067,0.0827270800964935,0.17326176314851577,0.1657799984219946
1904,2,15,0.0756927818573243,0.0752003888893692,0.05954050471423869,0.075966448071704,0.08558988399521651,0.06785268182021781,0.09685693658762029,0.09578920141732966,0.05434483277991861
1904,3,16,0.1002667897043293,0.1009617431581242,0.09163351355696238,0.12255117615854809,0.1106559100928533,0.1285826867348056,0.1673382153061445,0.048992201910531,0.28761498635289606
1904,4,16,0.254824132560447,0.18610127446374608,0.1435109148244892,0.25333571503721497,0.18684370597908903,0.27864992654057963,0.1856394750470633,0.22511911637023518,0.4640938435325621
1904,5,16,0.3949576109542656,0.2414640647400568,0.27200948148514636,0.348704043837357,0.2676103124387744,0.4105414075022453,0.5285574052719714,0.38993066712552227,0.5334854606948597
1904,6,16,0.5791716937985923,0.36034077831040734,0.6239524952659228,0.5098613184754005,0.36734298881523253,0.48628776655126793,0.7703207135359413,0.41545585164595933,0.713568805833371
1904,7,16,0.6683787552513593,0.40689864684175436,0.7889400679067239,0.48370421134727065,0.3232210799701912,0.4839959156333171,0.6239844207015277,0.5251157114640824,0.7311402784314613
1904,8,16,0.37280690473545897,0.019082759281762424,0.4802739954162216,0.27393273181203,0.23039487219541113,0.29610209855943737,0.5532855777258241,0.23589727394655668,0.6216015486215248
1904,9,16,0.15391342930672924,0.13623201585434938,0.1331789592215584,0.23856833385383786,0.24793053791160793,0.32310544975108313,0.43881059186752724,0.24993066712552225,0.5580042056003516
1904,10,16,0.14390423256080098,0.03627569165176489,0.115429275084277,0.17401092260548084,0.20171381159490473,0.1844053084802838,0.188330168742024,0.10039331669128726,0.2889334403808599
1904,11,16,0.0881150400667418,0.074802695943328,0.0846754750913363,0.00120079509138378,0.0330122451260671,0.11777744768561388,0.08475455575127169,0.19476413947095939,0.21872044932694254
1904,12,16,0.0762686658343206,0.0555125202848858,0.0685142370662613,0.0,0.0,0.0,0.031113558693997484,0.038400152914796204,0.08264523187883807
1905,1,16,0.0778411649707855,0.0550494126838344,0.07447274594826339,0.09337072363443959,0.0999820482916425,0.09379982781133978,0.08646993795113589,0.17650910538252668,0.1494064787107342
1905,2,15,0.0842466609891696,0.0744778797150439,0.05563054274661829,0.09556637129679528,0.10744330737381913,0.15468831573852287,0.1021254691046924,0.1469987595120814,0.1695239005216776
1905,3,16,0.06503563903008851,0.0721493870665488,0.0679095747596242,0.1295775873294983,0.1309044511994204,0.19720231641858288,0.16555672410301447,0.18261117257037474,0.2366019667474084
1905,4,16,0.12084146125472929,0.1071300194354253,0.0893216876933754,0.1610270544177828,0.1445815548438171,0.22914029272148906,0.247595738587671,0.1721227323704232,0.3491451789274741
1905,5,16,0.3145675500407886,0.2180721713116755,0.2062232843793432,0.3314873800379223,0.25795767894452726,0.4431133096276071,0.4871688894758879,0.23605675761440958,0.46134403706642024
1905,6,16,0.5913722944861887,0.37520782032402533,0.32050706387909844,0.550498207748347,0.37117449285109916,0.6297964996735453,0.6448320379061787,0.3374990955296755,0.6721032879287633
1905,7,16,0.6087228079179768,0.4246676351641735,0.6633056894063671,0.540087552385058,0.3674285003118274,0.5284918698911931,0.6667987584879681,0.46512756734673044,0.7198499546477825
1905,8,16,0.4808821152271814,0.3479325987415026,0.3445288740662107,0.3521019682755287,0.30990703106407036,0.3879065459598028,0.5412896903980458,0.34083282443114193,0.7016015486215248
1905,9,16,0.21747490371943867,0.1869852661774198,0.21935209941892117,0.21512925823915524,0.24624286364306405,0.3100787579364803,0.4159187085183993,0.2756184984673402,0.607449787356442
1905,10,16,0.1129836985579193,0.0691323941668582,0.06262420287478981,0.13457555995994586,0.18763621863463334,0.18760020892830936,0.2554158356493744,0.2130130433112068,0.45760459953670973
1905,11,16,0.08753755805916859,0.0628635159031454,0.07106897340339699,0.11195091163447153,0.12694967212394534,0.17593729222828774,0.1301643051287502,0.20261117257037475,0.2660755927374925
1905,12,16,0.07826310890073729,0.0638929666999573,0.07156040232794529,0.09470387230964418,0.11171803959069773,0.14593729222828777,0.0822930166708867,0.16471057674013506,0.14918843242972718
1906,1,16,0.0718479083959155,0.0625480230491698,0.06856458230412099,0.10411445769249282,0.11517803962684184,0.13946333972890018,0.10405764077857599,0.16117045764209093,0.1623715971402612
1906,2,15,0.0802667897043293,0.0649751673695616,0.06737716108092369,0.1158584074591368,0.12680248584863293,0.16556583819739729,0.1107638089890259,0.14344513774897255,0.15395175608009304
1906,3,16,0.0835598030132621,0.0677315311293718,0.05930667620605298,0.12061091795215358,0.13167667548281084,0.19038013764421996,0.14148146308024637,0.1885832656375626,0.2544215192222179
1906,4,16,0.1444405442202243,0.08029413696871379,0.1026242028747898,0.21500415344151308,0.1701867358165173,0.30615596835864334,0.29103573088459256,0.2067215366885763,0.42189812128750614
1906,5,16,0.33723719149593,0.2188659695095919,0.1995597313150155,0.3342414770000716,0.26056953813808703,0.45074056414971364,0.4732433463172835,0.19072767919210665,0.4308006651846532
1906,6,16,0.6602177041116998,0.3496809962371158,0.45853508492333184,0.5097993647726434,0.3736500912717263,0.5478125199880265,0.7153288216095401,0.30825484900371947,0.733568805833371
1906,7,16,0.7198730328690636,0.4459606197857361,0.5783398808315341,0.5694710804734145,0.39536540599712855,0.5484918698911931,0.663347531428581,0.3693606982205867,0.8494605442440011
1906,8,16,0.5047292805417082,0.3274420187235213,0.6992767360015903,0.3399620115940242,0.305589616968688,0.44098091524210004,0.6148297441414514,0.3670000180615868,0.6895414898396038
1906,9,16,0.33238932924072306,0.20218273934117234,0.2256166040478271,0.221043932274465,0.23624286364306404,0.3031054497510831,0.438223042771152,0.28011058132100997,0.637449787356442
1906,10,16,0.1399012273412118,0.03809315343020711,0.06894803910184558,0.16695468569705874,0.1853498250387415,0.21948725420698123,0.2310914892283805,0.2542248207271539,0.4491098386669242
1906,11,16,0.0944547506499089,0.0638419688223228,0.08184488919765298,0.10676797613383666,0.1272167749871622,0.17730633705237386,0.1399334588139976,0.19134986399067566,0.22915532114950152
1906,12,16,0.06920886762483239,0.0562670337314099,0.05940213318539139,0.10762440031487779,0.14302220615930422,0.14391199481720807,0.08602430961610338,0.17388111991202196,0.11197418965457442
1907,1,16,0.08419038337538079,0.0624109332029238,0.0689489920767187,0.11059279037115231,0.10059743853950903,0.1224052247784479,0.0996502428002197,0.1666835412910988,0.09027559230714882
1907,2,15,0.0754340553884891,0.067496180866865,0.06549237538182669,0.10619780475519981,0.130601409124327,0.14960326997911366,0.0955342725400694,0.1435862858560014,0.18000000000000002
1907,3,16,0.1043921995451669,0.0799772492097492,0.06199065051836909,0.1427781090505315,0.12458155484381708,0.22052995770949296,0.1541341341986247,0.16327015357297747,0.28197418965457444
1907,4,16,0.1361202568236919,0.086692091681488,0.0893216876933754,0.19915400149626689,0.14018673581651728,0.2447193366962015,0.2862528811524369,0.15041732478943776,0.3887053634905916
1907,5,16,0.2862307293613198,0.22447232029443306,0.1933991464731503,0.3003513906743692,0.22553293776150793,0.35274741528416975,0.4882230427711519,0.2769992042865017,0.5204015903943282
1907,6,16,0.6357086735061896,0.3930945863605301,0.41312786089562537,0.48903844872618357,0.3203948721954112,0.4556039424569175,0.6348320379061787,0.29302639074209624,0.7207719284086297
1907,7,16,0.6785402873070316,0.45658249017732955,0.6084426331862078,0.48918988018979476,0.3539519839502593,0.463433494317544,0.5634482245472049,0.36390978527551665,0.7903836183512865
1907,8,16,0.5191716937985923,0.3237025811938108,0.387712215174115,0.3173699038687802,0.32377728937093164,0.3857665892782983,0.5925246616793642,0.3819264374308803,0.7126886118601536
1907,9,16,0.28494011771620764,0.1952533028066026,0.2133904708695211,0.23910851901368962,0.2676454153805615,0.34359329088242396,0.4207949448965136,0.3055178053487164,0.5107719284086297
1907,10,16,0.12698159005636295,0.03508591877243841,0.06262420287478981,0.16385561768342366,0.18504812755278707,0.26481327843495384,0.22438225139139942,0.27160581847551024,0.3936380242990374
1907,11,16,0.09626866583432059,0.0719936954023018,0.07106897340339699,0.12484395578884329,0.13047390596495664,0.17760020892830936,0.1498080990845662,0.17956589287487035,0.22683073816158286
1907,12,16,0.08262359799042149,0.0719077490503424,0.07156040232794529,0.1041948356583781,0.11561756138095852,0.1174480260528315,0.067488491556788,0.1717307599575738,0.1443448327799186
1908,1,16,0.0882631089007373,0.0614031740496013,0.0687558062858953,0.12410705238552812,0.12457344732856163,0.13960326997911365,0.0921254691046924,0.1945402249275648,0.10349371688999678
1908,2,15,0.08177775890613509,0.0664450255229377,0.0662841579833816,0.12262427458095661,0.1432540802427053,0.16359322855993064,0.0981718430430138,0.14402950585741336,0.12619912440843442
1908,3,16,0.08333175966207879,0.0697477687570059,0.06199065051836909,0.12906231399082801,0.13065591009285332,0.14257276448225226,0.1499590589225549,0.17327015357297748,0.20508775396026788
1908,4,16,0.124652851692189,0.08730684391763739,0.0893216876933754,0.2007622171480185,0.1576925933042946,0.26011789898779264,0.28127486382883726,0.16173992490415262,0.35363802429903735
1908,5,16,0.29839323536978746,0.2237129680099972,0.2062232843793432,0.348704043837357,0.27761031243877443,0.38921369406058803,0.4831838263183844,0.2332604357741479,0.501172450026905
1908,6,16,0.5940505104812549,0.3783387990924336,0.48474350038952885,0.43358169492678017,0.34328449196825106,0.5018743116258715,0.6408561168219609,0.3092239730534524,0.7321032879287632
1908,7,16,0.6984819085149911,0.4400320331223656,0.6401279241726909,0.5816002289682903,0.43742850031182734,0.5384918698911931,0.6386625505110066,0.3476644291770684,0.9025455594925968
1908,8,16,0.5374158167107222,0.3295084176866496,0.4259190983389949,0.40049820774834705,0.3761878539240414,0.49830269924703385,0.5925246616793642,0.3161396757403099,0.8007342108157884
1908,9,16,0.2674749037194387,0.19894465016664123,0.21399814536227799,0.24512925823915516,0.26624286364306404,0.3000787579364803,0.4468953293294946,0.25645165973411743,0.6548236609678006
1908,10,16,0.1357483738666303,0.026710219262489288,0.0690898136099743,0.20106504981526024,0.212644561494533,0.2527474152841698,0.2343822513913994,0.287489784304483,0.4340938435325621
1908,11,16,0.09267276760881739,0.0567668575571897,0.0753267573641957,0.09483714837655781,0.10744330737381913,0.13038013764421996,0.1514774924954284,0.1874521181173513,0.2487204493269425
1908,12,16,0.0828931709794417,0.0725017993000734,0.07727943093192649,0.12906231399082801,0.1672167749871622,0.1668040195434644,0.07469375556048238,0.17209191894900078,0.1593625789141432
1909,1,16,0.0803507464095346,0.061003763618906,0.0732432004908081,0.13434351312668402,0.15907392976208742,0.15683163210205692,0.10411912271130229,0.1684345959238475,0.17556769095002991
1909,2,15,0.0773002520621211,0.0733088116831203,0.053536208295719895,0.1122489102973767,0.1320113180547609,0.12744297345472033,0.1014517046251605,0.1465285091333879,0.1259512792902526
1909,3,16,0.05105131308008849,0.0790730367828222,0.06811680023695199,0.13940515905749956,0.14523043357821794,0.16667659994434597,0.1604477925045189,0.174782744566927,0.20643675172891937
1909,4,16,0.1464960903197387,0.09106649878930748,0.0778952461938563,0.20976126051312322,0.16982955906780964,0.2176002089283094,0.28254030281999976,0.2195537573736316,0.38000521580550695
1909,5,16,0.30131614147895475,0.2251533911771548,0.1495698048861501,0.2988337492924374,0.24904159107294607,0.3294872542069812,0.4925392977263875,0.254907537625234,0.5413440370664203
1909,6,16,0.6357086735061896,0.392198331507687,0.39597463851474046,0.5148223413145661,0.4130064297383549,0.5579065459598027,0.6474189447652107,0.29011058132101,0.7621032879287633
1909,7,16,0.6788624323365352,0.4739027787552007,0.6525489923109116,0.6103822986980519,0.4524674774726617,0.49830269924703385,0.6546251717314074,0.3307374942731496,0.7821178444625654
1909,8,16,0.486677650368294,0.34370325021116765,0.3963026830812013,0.3521019682755287,0.34663373102958284,0.4761020985594374,0.5925246616793642,0.3141981306606093,0.7794724001266491
1909,9,16,0.2576480308158998,0.19648498139742235,0.19247633900205294,0.29594933160219433,0.3020687884941805,0.32660392321569276,0.42210974940088397,0.27011058132100996,0.6480042056003517
1909,10,16,0.10806128569992159,0.0383482116077124,0.06478884844884988,0.21914385927423952,0.250569538138087,0.2934078575677491,0.2543582352132526,0.23072767919210657,0.46424279665330626
1909,11,16,0.0788369067891364,0.0698830837684388,0.061577352430637486,0.12556637129679526,0.14154605162915232,0.1225727644822523,0.125453501284481,0.1806606403148291,0.23608475768407125
1909,12,16,0.0876946018094872,0.0659224966590014,0.07880557139427469,0.13667809217556953,0.17166847298808932,0.1430715709638425,0.1108807058640723,0.16745211811735128,0.1793005366717332
1910,1,16,0.0833200947988222,0.0555927266392538,0.0697417229294601,0.110647921245444,0.13457344732856164,0.13499169046076664,0.09821374728211639,0.1595152127728221,0.0947051919628788
1910,2,15,0.0802004064754976,0.0659224966590014,0.049402133185391384,0.11726699327956837,0.14236741951038454,0.18720231641858287,0.114670629334587,0.1447105767401351,0.11957890698273291
1910,3,16,0.0874512648111251,0.0721493870665488,0.06716918111098649,0.10726699327956836,0.10455707063173283,0.214958579180541,0.1573382153061445,0.1974521181173513,0.2288850577074834
1910,4,16,0.1465015186642458,0.0880751381037024,0.07653562198310099,0.17385872589950613,0.13842503399119513,0.27770137931854566,0.27127486382883725,0.17850183572962153,0.4073578760911254
1910,5,16,0.34037593229152874,0.220519500879319,0.1995597313150155,0.3369428375998957,0.24736699691338312,0.4135932908824239,0.4710894928366558,0.20605675761440956,0.5006162406261645
1910,6,16,0.6074158167107223,0.393463659653424,0.38294794670013765,0.4698613184754004,0.3387051891946127,0.5478125199880265,0.6508561168219609,0.24841573387318316,0.7421032879287632
1910,7,16,0.6383452533968436,0.3881072436140881,0.5981783487758616,0.49134353118827073,0.3539519839502593,0.47304990957533755,0.6826760931429754,0.2984157338731832,0.8396090552447968
1910,8,16,0.4663226406266364,0.4411803087101692,0.41117188801069116,0.3582532984022006,0.3303948721954112,0.3863027854326211,0.5870536991333171,0.2934599643181811,0.7994724001266491
1910,9,16,0.30238932924072304,0.1804126226138543,0.2247397112407101,0.24512925823915516,0.2762024379537049,0.35715040263727205,0.4341645459241704,0.22993066712552224,0.587449787356442
1910,10,16,0.12084956876998477,0.0334751906047169,0.0635109148244892,0.2027436660414802,0.20812012976603625,0.2394412823300769,0.2510667897724367,0.2326517719235104,0.4242427966533062
1910,11,16,0.0844547506499089,0.056181341148299604,0.0838768627051821,0.11957758732949829,0.1393616676336069,0.1600421246661018,0.157488491556788,0.19604216696040266,0.24551529042200954
1910,12,16,0.07928283229144009,0.06250179930007341,0.07800249987104499,0.120647921245444,0.13855611863427933,0.1246883157385229,0.07555865386003519,0.17173992490415263,0.1941157773457274
1911,1,16,0.07321804480905089,0.0617179606944433,0.0674574272282079,0.13419632685137162,0.1373100313069055,0.13946333972890018,0.0996476790598402,0.16242467367129418,0.11796731958730253
1911,2,15,0.0911859053281094,0.0609418489420627,0.0685142370662613,0.09199385211987142,0.08838483776602132,0.15402921072298004,0.0945169310782703,0.14758610956950968,0.1357359970201103
1911,3,16,0.0811859053281094,0.0689859371903496,0.0715773524306375,0.1441954223157259,0.14288043165117553,0.21773420038046776,0.14826374131169529,0.19173075995757383,0.2242922989489903
1911,4,16,0.1627261752763928,0.0985228588368745,0.09104404393495799,0.19192962269619368,0.1576362186346333,0.2847193366962015,0.26641299171742727,0.2030130433112068,0.41860205044924437
1911,5,16,0.2795741170941968,0.2119181763042695,0.1995597313150155,0.37473682981797124,0.2914399082896988,0.4710594849220341,0.4721902567905377,0.19535410023851973,0.5507964925140361
1911,6,16,0.6391716937985923,0.3995084176866496,0.3926432531481845,0.42800288594711705,0.3250386545624798,0.4797373094963041,0.6309346806563881,0.28825484900371956,0.7937055310005053
1911,7,16,0.7288624323365351,0.4313780301283271,0.6406429186397691,0.4772453318910635,0.3548788535188391,0.5121567015289044,0.6907315448442441,0.39511571146408253,0.8011402784314614
1911,8,16,0.5186735376960724,0.30346365965342403,0.3863026830812013,0.4513435311882708,0.4199760628660415,0.5574048066525643,0.5609346806563881,0.3751966570596853,0.7303836183512864
1911,9,16,0.34130666848864755,0.203967048278031,0.2133904708695211,0.24493598646543951,0.2532844919682511,0.33715040263727203,0.4159187085183993,0.313459964318181,0.557449787356442
1911,10,16,0.15645474974268497,0.05490610502804169,0.06666901657499705,0.1927666681992562,0.21689713829301702,0.22966019536769777,0.23821159297839958,0.28175551707066737,0.4290544044264414
1911,11,16,0.0879904519293465,0.054802695943328,0.0735527667510513,0.1267555086363456,0.14694967212394533,0.17064853347311737,0.0939022601152236,0.19672153668857628,0.31134359229200004
1911,12,16,0.07012261842216339,0.0751244822099098,0.082095058384726,0.12197539584655577,0.15457902899860113,0.14593729222828777,0.0996476790598402,0.1671582462414158,0.21911320024667105
1912,1,16,0.08333175966207879,0.07283679288270441,0.0652336489129915,0.11596644807170399,0.10892804512864682,0.11385432877986607,0.0827270800964935,0.16327015357297747,0.09796731958730251
1912,2,15,0.1110513130800885,0.0744099450683809,0.0644727459482634,0.0955805777264799,0.09758619651977551,0.1351658369451827,0.09110813034949039,0.16361986601414175,0.11726831293280299
1912,3,16,0.0726727676088174,0.0861813411482996,0.06709578316716899,0.11911188059343643,0.118340836364137,0.214958579180541,0.1519901294889591,0.16449023616575342,0.22837433863733198
1912,4,16,0.1447325803825658,0.11460321784611409,0.0986724467946968,0.22778865087565658,0.189374135131098,0.2805654156003959,0.2790001837219556,0.18401950544581702,0.4369441572531303
1912,5,16,0.3517195217797345,0.20995802720984183,0.19739289612163932,0.3186235364477033,0.23299183908434798,0.3768485099587391,0.48689532932949464,0.24059247333875555,0.5542754999054409
1912,6,16,0.533696514237995,0.4367142222832656,0.37091326423002935,0.5121019682755287,0.352303772362465,0.5248430264104577,0.6348320379061787,0.2855178053487164,0.7620092619569869
1912,7,16,0.621561465130348,0.3868944741711371,0.5502739954162217,0.5816002289682903,0.4349254872577758,0.6477737298761117,0.6270536991333171,0.3108328244311419,0.8310001795988692
1912,8,16,0.5247292805417082,0.2953503520622537,0.387712215174115,0.3935674861801364,0.34487885351883907,0.4483026992470338,0.4774556996534337,0.26498942465171915,0.7507342108157884
1912,9,16,0.32238932924072305,0.1648184309840436,0.2133904708695211,0.22609903019735128,0.2566986828765888,0.2969757080579445,0.42708249190962433,0.2607857451124712,0.5844554141009286
1912,10,16,0.1346930479173628,0.0744128820542403,0.053451294806446004,0.1427666681992562,0.1603948098729179,0.18316113412216495,0.21759573858767098,0.25470957164652275,0.4579578578918684
1912,11,16,0.1028764515270363,0.0631829364684728,0.078116800236952,0.1166006470941738,0.12671568463175162,0.15131854845304898,0.148373501399878,0.16437561654702393,0.3090554095200537
1912,12,16,0.07826310890073729,0.0719868208198779,0.07447274594826339,0.110647921245444,0.13260483934402673,0.16064853347311736,0.100378316347344,0.14745211811735126,0.17461193564313549
1913,1,16,0.0749242586796421,0.0627383211635176,0.07437088991989069,0.08644724586081691,0.10645816135022512,0.10580325803103949,0.0846064389236834,0.1308676280772395,0.06126966245132559
1913,2,15,0.0788369067891364,0.0737708062569441,0.0703577854355433,0.1041070523855281,0.1011405253671746,0.1668040195434644,0.09246449792787009,0.15402950585741337,0.13255249581178272
1913,3,16,0.0874512648111251,0.0721493870665488,0.06515727693928829,0.13906231399082802,0.13457344732856164,0.224523707357982,0.135453501284481,0.18457124588524337,0.20087334191330652
1913,4,16,0.1430690085818071,0.0924211874417212,0.08364096392690318,0.19871912967370792,0.14363321341504412,0.2861559683586433,0.27546160879973647,0.1660078775476852,0.32189812128750617
1913,5,16,0.36422569287069495,0.21709874316952602,0.19160054521217804,0.3353243789143466,0.24868959702809793,0.41714729509745974,0.46881059186752727,0.2086399448447428,0.47493730611867413
1913,6,16,0.669372380671776,0.3464995720514292,0.45395249526592285,0.49275924699986723,0.3702094388807363,0.5543462214715673,0.6462454599530479,0.2556184984673402,0.7658564272715138
1913,7,16,0.5985402873070317,0.37841862957085015,0.5219863119827188,0.6519691521918377,0.44846126661554053,0.5574048066525643,0.6195559468947781,0.31561849846734014,0.8495059019811648
1913,8,16,0.4771274713256296,0.33204863291252995,0.32452887406621067,0.3835674861801364,0.3548788535188391,0.4393720638644105,0.5587649417711721,0.3039097852755166,0.6826886118601536
1913,9,16,0.26749770937113226,0.17082936578076288,0.2186776626002037,0.267308731943333,0.2868476359973329,0.31983214971659557,0.4271688894758878,0.26393586452307927,0.5807719284086297
1913,10,16,0.12376236028421121,0.0613443665881727,0.09216616368469358,0.13551397076877492,0.16689713829301703,0.23457843557674496,0.22641299171742732,0.24682761724698632,0.41067965262422435
1913,11,16,0.0881150400667418,0.0700105946765589,0.07578085548605248,0.11197287000133978,0.1084250339911951,0.18532364013063252,0.105453501284481,0.17425721766932567,0.23551529042200953
1913,12,16,0.0801226184221634,0.064901739441296,0.05184488919765298,0.11052599193457659,0.13154605162915234,0.10491645827771051,0.06968259852419478,0.17038186689853485,0.1393625789141432
1914,1,16,0.08,0.0719868208198779,0.05880557139427469,0.09419483565837809,0.10561756138095851,0.14516583694518265,0.06573512325055739,0.16830039909891947,0.07163971542368089
1914,2,15,0.0665732829027054,0.0597569145708733,0.05940213318539139,0.110647921245444,0.10744330737381913,0.19452370735798202,0.0724728304152834,0.14066064031482906,0.14257320028281512
1914,3,16,0.06877474533896709,0.08778332029794761,0.06806270242523968,0.13349239723676215,0.13260661217580114,0.18340985395947385,0.1368569365876203,0.15261117257037476,0.2348452754420779
1914,4,16,0.1499410677206296,0.10206574938203969,0.0962981667628092,0.2108859648670841,0.146897138293017,0.3044053084802838,0.26254030281999974,0.18633481984430578,0.3886248561009379
1914,5,16,0.35318749422694756,0.2003902806060914,0.2120094814851464,0.31368267652270715,0.24868043208151916,0.43093383592342926,0.4888105918675273,0.20039331669128724,0.4885696535070725
1914,6,16,0.669372380671776,0.32204863291252994,0.39603812479101974,0.5058551076182792,0.3737772893709317,0.5820745282418384,0.6258055412136951,0.27792918139489375,0.8163534434978649
1914,7,16,0.708961725308487,0.42127563886816155,0.5250258902925617,0.6325442398393623,0.429440659580022,0.6974626513642057,0.5933475314285811,0.29545585164595933,0.9219704718450723
1914,8,16,0.5079126216496126,0.2751080020610154,0.4333989208552451,0.3197993647726434,0.2799705173403496,0.4549944578740688,0.5455881812287093,0.316154694621663,0.7498499546477824
1914,9,16,0.29255684944613614,0.16854126986586146,0.2186776626002037,0.23507119231879064,0.2565034294975769,0.320258672131968,0.4168953293294946,0.280911394111076,0.7351776572110604
1914,10,16,0.14329437249241228,0.04490610502804171,0.07064105477923169,0.13333571503721497,0.17021982569692282,0.2003097704579011,0.2514160119358661,0.23172243166609474,0.4435975986096783
1914,11,16,0.068874172923429,0.0706687353532124,0.07487693595860949,0.10197539584655575,0.1272167749871622,0.15493083537788505,0.13926489172194068,0.18715824624141575,0.21076353680125312
1914,12,16,0.0926235979904215,0.06543319449185431,0.07969698273100599,0.1222933484364329,0.14166847298808932,0.17773420038046778,0.09246449792787009,0.1771582462414158,0.17722471972378293
1915,1,16,0.07289317097944169,0.0617925473581558,0.0678189425404336,0.10488728844669731,0.11597688263170092,0.09785268182021778,0.08579794535786109,0.1369987595120814,0.08000177283177443
1915,2,15,0.0850773424341071,0.0740179018937897,0.07675631023564469,0.10619638557101409,0.11212873986570432,0.15257276448225227,0.087488491556788,0.13050044266215927,0.11000177283177442
1915,3,16,0.0790505632648582,0.0765253324628065,0.07039008742122879,0.11737588929438118,0.13597688263170093,0.1594633397289002,0.14409713090533427,0.15471057674013505,0.19292809841748124
1915,4,16,0.12914844557734317,0.1040647929823155,0.09720813281784468,0.1855139707687749,0.1576362186346333,0.28966019536769777,0.25900018372195566,0.19401950544581698,0.38905440442644135
1915,5,16,0.3862307293613198,0.2074970400446445,0.234757204478768,0.2864662454971072,0.23400389773157013,0.3927474152841698,0.5177603932053869,0.22700231182631403,0.4948236609678006
1915,6,16,0.6513722944861887,0.2967776342813254,0.4905163751042909,0.4044540944476939,0.3313800168897322,0.4910833065022655,0.6426760931429754,0.3192239730534524,0.7490397683794182
1915,7,16,0.7452033764864937,0.4201268733426572,0.6891406473455111,0.6263292035630649,0.43461410130101363,0.4949944578740688,0.6546251717314074,0.37249098745607667,0.7798499546477824
1915,8,16,0.5065030895566989,0.24304213891023144,0.42502589029256166,0.30184260865635953,0.2799705173403496,0.4009809152421,0.5153288216095402,0.3017262208149134,0.7597701863915111
1915,9,16,0.2879826919371187,0.20292871981868396,0.20235644297063857,0.21243249556521854,0.2536712088125216,0.3169757080579445,0.4170013692704748,0.2664558324047347,0.6604995274015816
1915,10,16,0.11142534908197708,0.0807849314001688,0.06604965574231259,0.1327436660414802,0.17812012976603622,0.20011789898779264,0.2228474722140893,0.2194590594274375,0.4834104360295485
1915,11,16,0.07190726577995149,0.0702696939055553,0.07106897340339699,0.10040608612880579,0.11301224512606711,0.14777744768561385,0.12413413419862468,0.18641870402133448,0.29910897225087796
1915,12,16,0.0761517689592742,0.0721089331138002,0.07914415411702279,0.1068921033941633,0.11124541514877302,0.09227742365364827,0.075335333346631,0.17850183572962153,0.1636600816978607
1916,1,16,0.0808064184533429,0.0726420800514482,0.06278350719573099,0.120647921245444,0.12065591009285331,0.11667659994434598,0.0981718430430138,0.1347641394709594,0.09126966245132559
1916,2,15,0.08289111253835629,0.0742106362842369,0.06575368666464829,0.1030114023836972,0.11457344732856162,0.14083463732164608,0.09945266102488469,0.13951521277282208,0.1500017728317744
1916,3,16,0.0959812619615501,0.0641496939506256,0.07365910325542879,0.130647921245444,0.13907900496663553,0.1708346373216461,0.1508943615382695,0.18038655134374315,0.2091553211495015
1916,4,16,0.10092227705937269,0.1057085997413484,0.08928468440008497,0.1913422726387654,0.14907392976208741,0.2731611341221649,0.2572849052480203,0.18016167964694296,0.3824338152184532
1916,5,16,0.30801803219766855,0.18396704827803104,0.1600160390866968,0.26106504981526024,0.18553293776150795,0.35684850995873907,0.44881059186752725,0.22344520007146584,0.5159506512554289
1916,6,16,0.6379126216496126,0.3185317968755542,0.37091326423002935,0.47184260865635946,0.3196014440474557,0.4497373094963041,0.6039694018201746,0.27302084521640435,0.7185429634405278
1916,7,16,0.6485402873070316,0.4084186295708502,0.515919098338995,0.7085684587746212,0.4428469460705019,0.5654123132758362,0.5884477569216837,0.3377584551488446,0.8695059019811648
1916,8,16,0.48917169379859227,0.2467142222832656,0.37917197419627846,0.28744846770320737,0.2685554905994556,0.3736080551291392,0.5295559468947781,0.2877584551488447,0.8519704718450724
1916,9,16,0.2936110027414003,0.18253473338602047,0.2516572244193582,0.22351515631729407,0.258299536114621,0.30928871872589925,0.4124949137038604,0.24993066712552225,0.6482546180554352
1916,10,16,0.1046930479173628,0.0480751381037024,0.06894803910184558,0.12429097929575568,0.1576362186346333,0.1849484369585136,0.2290001837219556,0.21476500588700564,0.4724338152184532
1916,11,16,0.0858357524747672,0.06737053119171821,0.0856305427466183,0.12822463303870596,0.14399377208680111,0.18824654623979986,0.1340971309053343,0.18951210455673967,0.27582019464716845
1916,12,16,0.0737531732265489,0.063364301581911,0.0755968599139323,0.11893989263189102,0.13655659542411974,0.14257276448225226,0.10287514893048899,0.178992201910531,0.15488950701401683
1917,1,16,0.082734286480303,0.0637107510702838,0.07099286691822039,0.10000197315341039,0.1004680145324309,0.08999941334265218,0.0988364309061574,0.15242467367129417,0.09799656978030027
1917,2,15,0.0743921995451669,0.058342940416545,0.06737716108092369,0.1174081485850888,0.11022807639357102,0.13744297345472034,0.107488491556788,0.16931524891794208,0.1050313792906066
1917,3,16,0.07799045192934649,0.074802695943328,0.06280501902988658,0.11477752835851461,0.1312695441330009,0.14999999999999997,0.16611048753413732,0.17402950585741334,0.2191275773468456
1917,4,16,0.14781406555532,0.08604318884437401,0.08761365907982241,0.1779297989826854,0.15749434635804352,0.224523707357982,0.27261247064679167,0.1532060048047278,0.4018981212875061
1917,5,16,0.29642369085484077,0.21884296735181588,0.2266371455887571,0.3039094060015543,0.23537282719651756,0.40620484842536764,0.4912749261513305,0.2836593728204331,0.7440288916855561
1917,6,16,0.5739551803232625,0.3457969146755394,0.4351096235264582,0.5862699505575643,0.4199705173403496,0.6684918698911931,0.6658055412136952,0.3119264374308802,0.7685429634405279
1917,7,16,0.6035993273307427,0.39216903525193314,0.6181783487758616,0.5202407870732406,0.3970602534449553,0.49830269924703385,0.6303207135359414,0.33328540350658586,0.7696674340368372
1917,8,16,0.5565030895566988,0.2634001733771447,0.33260649825996136,0.5294710804734145,0.4477824965550872,0.5553091600122042,0.5299220700317074,0.29151159449159525,0.7403836183512864
1917,9,16,0.336477452806904,0.1736488192417475,0.21016114648585368,0.227603279883475,0.2564087315513828,0.3298321497165956,0.4086154711923359,0.3196109834396217,0.6248236609678006
1917,10,16,0.13348478891332988,0.04794842170378599,0.06104404393495799,0.17695468569705874,0.20940536527891754,0.24940085664071776,0.20900018372195564,0.2542800233210193,0.4790544044264414
1917,11,16,0.0867985460733127,0.0636746489160055,0.07311968832332459,0.0957346773668757,0.110601409124327,0.16263399619262237,0.11960129495409919,0.15041732478943776,0.2955152904220095
1917,12,16,0.0612154436515903,0.0375980862292302,0.07156040232794529,0.1076273457408168,0.1081725302940566,0.1257492849485662,0.1068030970236184,0.17945517916815557,0.1567568282895802
1918,1,16,0.0787977512119608,0.0543427665183311,0.05655336565687099,0.10863925615151171,0.10372638496776403,0.12000090453564569,0.09199012948895909,0.17209191894900078,0.12483846802979243
1918,2,15,0.0808064184533429,0.0740179018937897,0.06765724133089719,0.1166780921755695,0.12457344732856163,0.14162345267820786,0.1008943615382695,0.14327015357297745,0.1357359970201103
1918,3,16,0.1033200947988222,0.0516463729914209,0.06340130077686709,0.165030059637372,0.15171803959069774,0.21341824438393558,0.14960129495409918,0.21604216696040263,0.23442151922221793
1918,4,16,0.1236517012819436,0.08098658975703302,0.08766038391003408,0.19871912967370792,0.14363321341504412,0.2522708231813813,0.2777771922489364,0.15974901075264347,0.3883643382257356
1918,5,16,0.2775933025971369,0.19253473338602048,0.1530939660169147,0.3442414770000716,0.26056953813808703,0.43714729509745975,0.503490109105453,0.21295735894012502,0.4807719284086297
1918,6,16,0.5611935011839435,0.3772704316840061,0.4026432531481845,0.4460697339415974,0.3018572097491793,0.45325304538748146,0.6753288216095402,0.3029573589401251,0.7862712702107988
1918,7,16,0.7288624323365351,0.39006878801058875,0.6533056894063671,0.5914541577247595,0.36470812727279,0.5153447478706434,0.6548297441414515,0.35615469462166305,0.8794724001266492
1918,8,16,0.4528069047354589,0.29833879909243355,0.3936353104164345,0.3323193282605145,0.2923037723624651,0.4178125199880265,0.575494155256933,0.3141981306606093,0.7996090552447968
1918,9,16,0.36788287367410877,0.20364881924174752,0.2347727966452827,0.231043932274465,0.24624286364306405,0.30550219104947784,0.4253195103843477,0.30797581513383054,0.6573712235220148
1918,10,16,0.12798605351686543,0.0608768296688503,0.06720813281784468,0.18431332130351857,0.19868043208151917,0.24648291065526384,0.23790641252216402,0.23470957164652273,0.4500052158055069
1918,11,16,0.0800585893048353,0.0631829364684728,0.07006638322883169,0.16472538002521886,0.1733683761452798,0.1818880157151107,0.14768104861155879,0.18173992490415264,0.2508973580914533
1918,12,16,0.079416040171812,0.0634204237036387,0.0797417229294601,0.11853436636991328,0.14302220615930422,0.12795783977815667,0.1243845435948623,0.14100800682058195,0.1559512792902526
1919,1,16,0.0755271638396933,0.0629887867716345,0.0742247074879443,0.10483714837655782,0.11672061668975414,0.11946333972890016,0.11105171378262069,0.1595152127728221,0.1195239005216776
1919,2,15,0.0783172067124496,0.0624561036316334,0.0703577854355433,0.1041282171108605,0.10874131668185533,0.1477554893187456,0.09134806848835028,0.16326176314851576,0.1261164016541531
1919,3,16,0.09736958758648409,0.0799772492097492,0.06342278714721108,0.12999868034676543,0.13023055931213912,0.17777744768561388,0.1611135586939975,0.178992201910531,0.1945768796131805
1919,4,16,0.12007496801481281,0.07087682966885031,0.09092267674530807,0.18138761308953977,0.15680158131298721,0.2673063370523739,0.2745132673709635,0.15809845542884177,0.3738038922073561
1919,5,16,0.3203759322915288,0.19161327207911064,0.18253249234743749,0.36699528505019446,0.268299536114621,0.4610594849220342,0.46497359299110297,0.22265177192351038,0.5185696535070725
1919,6,16,0.526877058870546,0.3337025811938107,0.39603812479101974,0.5202407870732406,0.35663373102958285,0.47360805512913917,0.6179403074008747,0.3339097852755166,0.763568805833371
1919,7,16,0.6784819085149912,0.38968099623711583,0.5881783487758616,0.6946319229584358,0.4977824965550872,0.6253091600122043,0.6137270000264212,0.33093521569130735,0.7694724001266491
1919,8,16,0.5438357168919321,0.3574451262633337,0.44001729763620223,0.30825329840220056,0.313948876410447,0.40088558508410765,0.5553288216095402,0.38290181876437945,0.7703836183512864
1919,9,16,0.3307074703545959,0.21995491899375938,0.2347397112407101,0.2611711303736704,0.2865034294975769,0.37659975054507555,0.404973592991103,0.3296109834396217,0.5744554141009286
1919,10,16,0.13321768605011303,0.0640905808525834,0.0748715712031312,0.16013271454401368,0.21021143527246108,0.24770137931854563,0.2482115929783996,0.2560078775476852,0.47471802407482433
1919,11,16,0.0814952914890268,0.0552444774028379,0.06764075849528789,0.10120079509138381,0.1220113180547609,0.14391199481720807,0.1561104875341373,0.18840015291479617,0.30521246085715814
1919,12,16,0.0876946018094872,0.0660072248967567,0.069696982731006,0.1036501119405562,0.11880254456827541,0.12379982781133975,0.08873127823101769,0.1565424517404001,0.1867692957870713
1920,1,16,0.0740772691806797,0.0564450255229377,0.0718701531398049,0.1041948356583781,0.11023055931213913,0.13041519367417498,0.08996972344453759,0.16604216696040264,0.10906363364406263
1920,2,15,0.0658541842656913,0.0605343179680491,0.06999999999999999,0.1257346773668757,0.14936166763360692,0.181318548453049,0.0927270800964935,0.1548104883695829,0.1630127220369318
1920,3,16,0.0943921995451669,0.058031546840249595,0.068544939044836,0.18013271454401364,0.1601867358165173,0.24532364013063251,0.1260373891117288,0.20956589287487032,0.20508775396026788
1920,4,16,0.15626801392616768,0.1322143833112542,0.09257446513759568,0.19179563124403526,0.15047390596495666,0.25084383406757427,0.2648284855919461,0.14925276582975966,0.37431464095675315
1920,5,16,0.2996363900714475,0.18371296800999717,0.18007150518224022,0.3611711303736704,0.271889757994098,0.4231054497510831,0.4682029173747704,0.23642709562871111,0.5147180240748243
1920,6,16,0.6228286694897347,0.3464995720514292,0.40627771534876334,0.46585510761827925,0.34161485974794104,0.4756039424569175,0.6003207135359414,0.2530263907420962,0.699862638128635
1920,7,16,0.7183787552513592,0.3811803087101693,0.5685224014424792,0.5197688667382766,0.36653889080929125,0.5174048066525643,0.5707315448442442,0.3832854035065859,0.7707342108157884
1920,8,16,0.486677650368294,0.36012687334265725,0.41237797779520213,0.3385416437872933,0.33021010789809324,0.4243462214715674,0.5312896903980457,0.31073749427314956,0.6681926576022776
1920,9,16,0.2983368024203482,0.2094350163475507,0.18795736544476802,0.2752549072377601,0.2777354172364165,0.32513751546267733,0.41241833368080594,0.2509352156913074,0.5425996817836382
1920,10,16,0.11236657016019118,0.0581698124601695,0.06104404393495799,0.14179563124403527,0.1716602488640804,0.23440530848028385,0.21625288115243693,0.26175551707066735,0.40606726444601327
1920,11,16,0.07785245789811839,0.061362424282801004,0.06764075849528789,0.11508643430703326,0.13083079203596729,0.17619025777136077,0.12455310775038131,0.19361986601414172,0.2301340341972483
1920,12,16,0.07826310890073729,0.0642763323401296,0.07710326204789639,0.08611508200091851,0.110601409124327,0.1037343766669595,0.1057979453578611,0.17840015291479616,0.1559512792902526
1921,1,16,0.0740772691806797,0.0638315436564605,0.058514237066261285,0.11786185553516959,0.1221287398657043,0.13777997353082988,0.0866056538011282,0.14635643104408375,0.10395175608009302
1921,2,15,0.08162839132449409,0.0628635159031454,0.0712421893961408,0.09390069868966429,0.10201131805476091,0.13858268673480556,0.08590977047971951,0.1411704576420909,0.08796731958730253
1921,3,16,0.0867985460733127,0.0714035133864422,0.059002208981904586,0.1464677707648261,0.14171803959069776,0.25275926338133287,0.1296012949540992,0.20569488937058766,0.2655152904220095
1921,4,16,0.1427748716130933,0.0913443665881727,0.09286860210630948,0.2488337492924374,0.18940536527891752,0.3252672071811933,0.2654590829545205,0.17850183572962153,0.36606726444601334
1921,5,16,0.30131614147895475,0.21709874316952602,0.1497008208657142,0.41348414104162506,0.33188975799409803,0.5265997505450756,0.45799140572680763,0.23295735894012504,0.49224081743533254
1921,6,16,0.6465030895566989,0.37204863291253,0.3926432531481845,0.5018426086563595,0.35773541723641655,0.48840293981467764,0.6309346806563881,0.2884157338731832,0.6523206479137491
1921,7,16,0.7094771424770879,0.4201268733426572,0.685731682301858,0.47024078707324063,0.3570602534449553,0.5034334943175439,0.6829454375439471,0.40511571146408254,0.7596674340368372
1921,8,16,0.5379126216496126,0.3468986468417543,0.36385010400575735,0.3820079423037524,0.3508855366470246,0.4379065459598027,0.5412896903980458,0.3532854035065859,0.6955133882169982
1921,9,16,0.3074977093711323,0.20561836375669415,0.2201611464858537,0.24900870075067977,0.2762888355199684,0.3371472950974598,0.4138864836942743,0.2839097852755166,0.5873712235220148
1921,10,16,0.1197461951835009,0.05254654717115259,0.07994210924602238,0.14551397076877493,0.18039480987291792,0.2794008566407177,0.21031563146152896,0.27295735894012507,0.4587751775457055
1921,11,16,0.0942243908764057,0.0445213180295733,0.0792156336963144,0.0804060861288058,0.09680248584863294,0.14402921072298008,0.12573512325055738,0.18471057674013508,0.2729280984174812
1921,12,16,0.08027571193032199,0.0621505919534089,0.07447274594826339,0.10483714837655782,0.12090445119942042,0.13402921072298007,0.075335333346631,0.17248590538166425,0.1364690904180607
1922,1,16,0.0761517689592742,0.0623221387937192,0.06994499632931389,0.09739384100273869,0.10023350473807813,0.1158032580310395,0.0979437996918305,0.16323706369257196,0.09619912440843442
1922,2,15,0.08162839132449409,0.063364301581911,0.074667874570686,0.0792214797459249,0.07460001111713274,0.13257255381811078,0.0921254691046924,0.15352423384101133,0.1066019667474084
1922,3,16,0.1002667897043293,0.0756512861904159,0.05885015678936059,0.12000045317853981,0.13671321138278944,0.18004212466610175,0.12697861018994286,0.18917517235429215,0.17472669967845347
1922,4,16,0.124652851692189,0.08713001943542531,0.08819634731637438,0.18912625769361097,0.153458777506472,0.23376795682509982,0.28109148922838045,0.17480034614755552,0.3538985901535503
1922,5,16,0.2956733792050852,0.2069953397485544,0.22562845214499014,0.32609903019735137,0.26143990828969876,0.42311330962760707,0.48591870851839924,0.23700231182631393,0.49348546069485977
1922,6,16,0.5716334199232962,0.38958344235196085,0.4826064982599614,0.5313435311882708,0.37322107997019127,0.5256039424569174,0.6355881812287093,0.269589218685346,0.7318439283095941
1922,7,16,0.6143862414871926,0.41437867896009895,0.6769470492755014,0.5102663014587926,0.3224055237699047,0.4884918698911931,0.7230939485447428,0.3454558516459594,0.7396674340368372
1922,8,16,0.4771274713256296,0.3337025811938107,0.4159190983389949,0.31854164378729327,0.2802101078980932,0.4026390782670348,0.5403207135359414,0.3377584551488446,0.7000888720382926
1922,9,16,0.27780629365105425,0.182928719818684,0.21257103694824706,0.23736435834308828,0.2705626972358951,0.32007875793648033,0.4173834834534963,0.22422482072715388,0.639862638128635
1922,10,16,0.11084704292476878,0.062065749382039695,0.06096711488436429,0.1308859648670841,0.17904159107294612,0.23316113412216488,0.22833016874202397,0.22425721766932571,0.4842427966533063
1922,11,16,0.07484062099513299,0.0622442381950793,0.0753267573641957,0.11675550863634561,0.1317932717737539,0.17341824438393555,0.12300879382162369,0.1748104883695829,0.2707635368012531
1922,12,16,0.08178683443653,0.057295635591483304,0.07220621965252139,0.1005927903711523,0.11321707694941491,0.13402921072298007,0.0799334588139976,0.1443756165470239,0.14646909041806072
1923,1,16,0.0772961896426666,0.0625480230491698,0.0691441541170228,0.13488818736078223,0.15680158131298721,0.15719219077381386,0.0941191227113023,0.12758610956950966,0.11000177283177442
1923,2,15,0.0648758815668339,0.0669073233260445,0.0685142370662613,0.08123543370431098,0.08458199579062803,0.09486689167510207,0.09750521100919339,0.11654245174040012,0.1434937168899968
1923,3,16,0.0960203833591324,0.0641496939506256,0.06806270242523968,0.12810741713293394,0.10936166763360691,0.1865667948322926,0.1276825398045523,0.15715824624141578,0.20013403419724826
1923,4,16,0.12277487161309329,0.0813820106474642,0.09364096392690319,0.177580576819256,0.1445815548438171,0.24824654623979986,0.25869735415710415,0.1760078775476852,0.3535975986096782
1923,5,16,0.32957411709419676,0.1971263557281185,0.18160054521217803,0.27893212072762524,0.20349212386434543,0.3549130966979638,0.4559187085183992,0.2591406279149411,0.5090100204039143
1923,6,16,0.6265030895566989,0.3737025811938107,0.4239286736856914,0.3242741802522063,0.27669868287658883,0.3900787579364803,0.6639844207015277,0.25160581847551033,0.6768358202359953
1923,7,16,0.7808433251152667,0.40340017337714473,0.6401279241726909,0.5016002289682903,0.36788488781525264,0.5684918698911932,0.607478134942452,0.35574403925837406,0.7972466515442981
1923,8,16,0.5835993273307427,0.3234080332536686,0.46981272522615813,0.3098613184754004,0.28230377236246507,0.3836080551291392,0.6607315448442441,0.4048463670631107,0.7500888720382926
1923,9,16,0.2936110027414003,0.19515339117715477,0.24768246719861117,0.22507119231879064,0.246503429497577,0.29660392321569273,0.4164696709246074,0.323659372820433,0.5576052685540666
1923,10,16,0.17648783962309045,0.05490610502804169,0.07122494260647949,0.13038568008708668,0.16553293776150793,0.21944128233007687,0.23144959209400642,0.25344520007146587,0.4635975986096782
1923,11,16,0.07500933060802299,0.0677833202979476,0.08398997689988319,0.10163839577044627,0.13920680609143513,0.1567006161224928,0.11573512325055738,0.21100800682058196,0.3091275773468456
1923,12,16,0.0720452956731506,0.0643427665183311,0.07156040232794529,0.1072460839002629,0.13260661217580114,0.1125600863206197,0.078373501399878,0.1870542256076248,0.19799656978030028
1924,1,16,0.0628089129303093,0.06250179930007341,0.07710326204789639,0.1039006986896643,0.08744330737381914,0.09744802605283148,0.09088070586407229,0.16323706369257196,0.13611640165415312
1924,2,15,0.0746317566405266,0.0658386944169015,0.0685142370662613,0.10000197315341039,0.10645816135022512,0.12379982781133975,0.10272202126487351,0.13945517916815559,0.1395789069827329
1924,3,16,0.0668396645954088,0.06565128619041591,0.06565377779019368,0.13120079509138383,0.1399820482916425,0.16574928494856617,0.1586634117740181,0.18245569315497218,0.1801340341972483
1924,4,16,0.1578524578981184,0.08921874215828321,0.09286860210630948,0.1842375469818277,0.16255086626155343,0.22187885076853192,0.2699216450288655,0.1754136202374188,0.3635975986096782
1924,5,16,0.2836350108395508,0.2069953397485544,0.234757204478768,0.2836826765227071,0.22733622346768848,0.3676378751154411,0.47861547119233594,0.202957358940125,0.5587751775457055
1924,6,16,0.5807167815797885,0.37309458636053006,0.38360975291337096,0.3682793776497633,0.26684763599733285,0.4406269189988401,0.6075137849855021,0.2479758151338305,0.6918439283095941
1924,7,16,0.6221867184582164,0.44370325021116763,0.7191406473455109,0.6982732828275701,0.48023507563053114,0.5261868763823259,0.6740891825068396,0.3432854035065859,0.7702676211120271
1924,8,16,0.46071678157978846,0.31346365965342404,0.4036353104164345,0.4521165248093307,0.3786758929388587,0.45052973209158775,0.5093413205714599,0.2792381818000961,0.7103836183512864
1924,9,16,0.2679272576966357,0.2061377038076074,0.223998145362278,0.2840275720323215,0.2930064297383549,0.36840293981467764,0.37388648369427424,0.25825484900371953,0.6535830145800148
1924,10,16,0.10014251572151998,0.06682363852641221,0.07278822414042421,0.17035139067436916,0.18212522144361978,0.23491309669796379,0.214485654812371,0.22906560324962988,0.4500052158055069
1924,11,16,0.0819936137713765,0.0668224589101873,0.07581997688363479,0.11646777076482613,0.1476362186346333,0.17760020892830936,0.10376048560709489,0.16996980817683455,0.27643675172891935
1924,12,16,0.0846317566405266,0.067496180866865,0.07156040232794529,0.12164344836855741,0.14640485129210093,0.154958579180541,0.06270769269910559,0.14038186689853488,0.1619767154997904
1925,1,16,0.0814092813231942,0.0566269362455988,0.08784984720229709,0.1288837380542488,0.16702635856624462,0.14773420038046775,0.07343010048721899,0.1443756165470239,0.15667941182880413
1925,2,15,0.0864845644588792,0.0642763323401296,0.06682525342227019,0.11229334843643292,0.12880396375246111,0.1734098539594739,0.0927270800964935,0.13899220191053097,0.1594064787107342
1925,3,16,0.09941604017181199,0.0709617431581242,0.07209052161567209,0.1172460839002629,0.1275733564762331,0.1679578397781567,0.13455310775038132,0.15352423384101133,0.21076353680125312
1925,4,16,0.1594850908755826,0.0924211874417212,0.0976603839100341,0.2191540014962669,0.166843705979089,0.29149795480163376,0.2562643220037122,0.15541362023741878,0.3494639491501539
1925,5,16,0.3577079222158664,0.21522555900394666,0.1741877372167063,0.32067833297098974,0.23795767894452732,0.4071472950974597,0.43757873683250825,0.17914062791494112,0.5085696535070725
1925,6,16,0.6508821152271814,0.37083613112830693,0.3598448968216018,0.44979936477264343,0.3096014440474557,0.5161020985594374,0.6128191507315839,0.3117262208149134,0.7921032879287633
1925,7,16,0.688961725308487,0.3886976634407392,0.508914553521172,0.7890024457419832,0.5165980809865326,0.6974626513642057,0.5817395113553813,0.2892239730534524,0.8394605442440011
1925,8,16,0.5424416591035653,0.3151080020610154,0.3426282630142372,0.350498207748347,0.30193909677566455,0.4230499095753375,0.5455881812287093,0.2841981306606093,0.7521178444625654
1925,9,16,0.336477452806904,0.1869852661774198,0.21399814536227799,0.21969761336520371,0.23732286341885103,0.3031054497510831,0.40453014522764563,0.2869992042865016,0.6223206479137491
1925,10,16,0.1499012273412118,0.02995130366329951,0.06589716651847968,0.1448439557888433,0.19083079203596728,0.21011789898779265,0.24821627742360788,0.254907537625234,0.44243381521845315
1925,11,16,0.05072329331687929,0.0567668575571897,0.05581997688363479,0.09667809217556951,0.11928425117283084,0.13665719619348476,0.11148146308024637,0.18173075995757382,0.3019309423494283
1925,12,16,0.0657662763175923,0.0568128429271436,0.07030599626696749,0.11197583679336671,0.131592776459364,0.11929697492103625,0.07962137063777469,0.1908676280772395,0.16536608308295572
1926,1,16,0.14848347135444168,0.0734771835128058,0.0660176009865425,0.08488728844669731,0.07458199579062802,0.0883764583138546,0.0884662504756949,0.1575861095695097,0.09349371688999678
1926,2,15,0.07333175966207879,0.0657558038984139,0.0718701531398049,0.0829837249979552,0.06874131668185532,0.08256008632061967,0.0966056538011282,0.17457124588524336,0.10676929578707128
1926,3,16,0.04305178457044498,0.0589859371903496,0.04717768298370979,0.14264391222560346,0.14694967212394533,0.19593729222828776,0.1400868600473545,0.15917517235429218,0.2413990583875434
1926,4,16,0.12887462610196881,0.0761012744637461,0.0986724467946968,0.18484395578884327,0.14907392976208741,0.2522708231813813,0.27220534262688856,0.1847095716465228,0.388916078665162
1926,5,16,0.3180180321976685,0.1751533911771548,0.1254419532459096,0.30359627895644364,0.2244017902412966,0.33190360788162543,0.4363315618094862,0.21476500588700564,0.5290100204039143
1926,6,16,0.6779126216496125,0.32219833150768695,0.3598448968216018,0.48979936477264335,0.331614859747941,0.45263907826703476,0.679555946894778,0.25295735894012505,0.6818439283095941
1926,7,16,0.688961725308487,0.3979419099666952,0.5981783487758616,0.6196661143836028,0.4500546267004687,0.6053447478706433,0.6548297441414515,0.3092239730534524,0.6911402784314613
1926,8,16,0.5191716937985923,0.2634001733771447,0.5887613188329894,0.4437042113472707,0.3906090449443783,0.48304990957533755,0.5417395113553813,0.3192239730534524,0.7999895790663408
1926,9,16,0.3479826919371186,0.1708601392264575,0.19227004540437506,0.21699528505019444,0.24620243795370492,0.31977406438452716,0.41259473196687035,0.31595400774847937,0.6250823270530681
1926,10,16,0.15084704292476875,0.0613443665881727,0.06544174258176808,0.12138761308953978,0.17190537601575992,0.18619025777136072,0.2473449388526868,0.29265177192351044,0.4587751775457055
1926,11,16,0.0800817155307307,0.0582045620114167,0.0685973447364632,0.11646777076482613,0.1390739297620874,0.16914029272148906,0.1211106132680585,0.22933916339602312,0.2597625801663578
1926,12,16,0.07126937987889459,0.0561794831626979,0.0779400945196842,0.1019758367933667,0.11321707694941491,0.126676599944346,0.1026024919590982,0.16402950585741338,0.16536608308295572
1927,1,16,0.07690243180291459,0.0629887867716345,0.07512512379039359,0.11197583679336671,0.10212873986570431,0.12946333972890017,0.09541786928713099,0.15086762807723947,0.1430127220369318
1927,2,15,0.07547259915227439,0.07461603753267321,0.052864742505298,0.1100004531785398,0.12090445119942042,0.15089101199130733,0.0934862129531807,0.1369987595120814,0.12255249581178271
1927,3,16,0.0767985460733127,0.0539789005192753,0.0709854988526118,0.13257188062958053,0.11465426313320504,0.204958579180541,0.1587689222903092,0.181008006820582,0.2610283740710174
1927,4,16,0.1512977304499678,0.059470024944775296,0.0945321739070682,0.1844201995689833,0.1607135761301953,0.24275926338133286,0.288330168742024,0.17436053071067292,0.3635975986096782
1927,5,16,0.30957411709419674,0.2228985075919919,0.24781762572217095,0.3040925238793275,0.22940536527891756,0.32004605468434566,0.4869703539948058,0.2799306671255223,0.491172450026905
1927,6,16,0.6679126216496126,0.35466763516417354,0.44863577804195565,0.4782532984022006,0.33773541723641654,0.4306269189988401,0.628764941771172,0.3361396757403099,0.7158564272715138
1927,7,16,0.7898730328690635,0.3384186295708502,0.4923779777952021,0.7209729770386711,0.45591870453204864,0.6612543581102983,0.6148297441414514,0.3406180308418191,0.8714554773779941
1927,8,16,0.5308821152271813,0.2190827592817625,0.37917197419627846,0.37918988018979466,0.2999760628660415,0.4374048066525644,0.5574189447652107,0.28595400774847934,0.7398499546477824
1927,9,16,0.2626767454775505,0.19011022391581658,0.24208288282424525,0.21183329743116702,0.22669868287658881,0.2931689360273624,0.4485574052719713,0.25825484900371953,0.5673712235220149
1927,10,16,0.13460885029030467,0.01562188217877869,0.06825135377742966,0.12423754698182772,0.1684250339911951,0.21864992654057958,0.2362528811524369,0.24476500588700567,0.43925237040515264
1927,11,16,0.08333175966207879,0.056044079385105895,0.09184488919765299,0.069522580868443,0.07523043357821793,0.12960326997911364,0.14409713090533427,0.19951210455673968,0.2590554095200537
1927,12,16,0.0872961896426666,0.056719385808847,0.073492996868279,0.10224891029737669,0.12872124099817983,0.10707292048236505,0.0966056538011282,0.18478274456692695,0.1293625789141432
1928,1,16,0.07360170725236469,0.0722353717359391,0.06232223389460159,0.098939892631891,0.09301224512606712,0.08991410331876437,0.0855586538600352,0.17066064031482908,0.12410837203876272
1928,2,15,0.08183392003245998,0.0755125202848858,0.061881729999249194,0.08853436636991328,0.10260483934402673,0.12795783977815667,0.08980809908456619,0.16066064031482907,0.12027559230714882
1928,3,16,0.0937531732265489,0.0464339960117391,0.06806270242523968,0.13810741713293395,0.1317932717737539,0.1568040195434644,0.16,0.19361986601414172,0.20888505770748342
1928,4,16,0.15809565266935388,0.08532078105626059,0.08424013774472669,0.19905408986681905,0.15148989705151014,0.2441675962567751,0.2510667897724367,0.1945886076009412,0.3540938435325621
1928,5,16,0.31131614147895476,0.1980289240065294,0.19160054521217804,0.30905308477320675,0.2417138115949047,0.3734078575677492,0.4625947319668704,0.22259932447321173,0.490796492514036
1928,6,16,0.6424416591035654,0.32727043168400605,0.40946893930873285,0.3707706087553951,0.25867210379004,0.38807727220585186,0.6393413205714599,0.34390978527551663,0.7151776572110605
1928,7,16,0.7287228079179768,0.31968099623711577,0.6518531605491009,0.40356748618013644,0.303948876410447,0.4316596853025533,0.5948297441414515,0.5282007267126784,0.7303836183512864
1928,8,16,0.48280690473545895,0.25744201872352135,0.4507902912572621,0.3751763375578259,0.34786106623502133,0.37165968530255333,0.5332855777258241,0.36038164128062966,0.6633138651880219
1928,9,16,0.29764803081589986,0.1668615184583542,0.2247397112407101,0.22298345797142677,0.24620243795370492,0.32359329088242395,0.41259473196687035,0.3182548490037195,0.5782806973029979
1928,10,16,0.13562968155977462,0.04974941325089191,0.07122494260647949,0.1613977387343088,0.18360560085645164,0.23473669841189937,0.2582115929783996,0.287489784304483,0.4614886996911569
1928,11,16,0.08507055849444307,0.0667668575571897,0.08419179306966929,0.0968742009432013,0.09948035994046264,0.16873135644852072,0.13768104861155878,0.19016167964694297,0.2668005259348908
1928,12,16,0.0775134290749407,0.0662670337314099,0.07188172999924919,0.0910668947972006,0.10744330737381913,0.14162345267820786,0.1076174655351359,0.16209191894900077,0.15195223128770613
1929,1,16,0.07178683443653,0.0722353717359391,0.07437088991989069,0.11898661746210269,0.13380695408864512,0.13379982781133976,0.0982352336524604,0.17763188271987176,0.1457799984219946
1929,2,15,0.06615176895927419,0.0570028315460835,0.07422412723541359,0.0707243372160765,0.06502971652380013,0.08385432877986607,0.1052025339264781,0.21365173700038165,0.1130127220369318
1929,3,16,0.0949298872381647,0.0714035133864422,0.05930667620605298,0.17087202226007192,0.1642445547677076,0.24187885076853188,0.1455343170891244,0.19066064031482904,0.2229280984174812
1929,4,16,0.1427748716130933,0.09610127446374608,0.0827808188334595,0.18994470726429208,0.1651573351558094,0.224523707357982,0.30300527539953914,0.19635643104408373,0.38694415725313036
1929,5,16,0.3189125754207007,0.2336488192417475,0.19060338914412508,0.34795653823863376,0.2617500182715009,0.39175390928646836,0.44757873683250826,0.2569992042865017,0.5473100515965675
1929,6,16,0.6291716937985923,0.3138880145084856,0.4383713798131351,0.48048318886699387,0.35601527537357525,0.46325304538748147,0.6455881812287093,0.31958921868534595,0.7739558162195403
1929,7,16,0.577065510872472,0.32658249017732954,0.808012521814484,0.45200794230375235,0.3468803392494676,0.4748430264104577,0.6384477569216838,0.41964840886258725,0.8000888720382926
1929,8,16,0.47472928054170815,0.2637032502111676,0.4589712873230948,0.3260697339415974,0.313948876410447,0.40764718634063357,0.5434482245472049,0.3632854035065859,0.7311402784314613
1929,9,16,0.3523583139650541,0.1280289240065294,0.3221889227652255,0.23856833385383786,0.2579305379116079,0.34025867213196803,0.39531951038434765,0.3346949355994996,0.629800684425878
1929,10,16,0.13724719190752638,0.05254654717115259,0.100827028541814,0.16351868548097614,0.1973315390224802,0.24948725420698126,0.18992164502886547,0.2807276791921066,0.4436380242990374
1929,11,16,0.0753214187842459,0.0796320741555458,0.07280501902988659,0.12102705441778279,0.13039480987291788,0.19188801571511072,0.10577956138961361,0.22755328850758755,0.2813990583875434
1929,12,16,0.0765732829027054,0.0734204237036387,0.082095058384726,0.1778677469676953,0.20553293776150797,0.16619025777136076,0.1205933019913018,0.19517554931967446,0.1785356860231479
1930,1,16,0.0943921995451669,0.0636513674836545,0.061427984848996496,0.1295775873294983,0.1498731522768297,0.15966330358378023,0.09541786928713099,0.13899220191053097,0.1490718361387841
1930,2,15,0.0795973305232806,0.0751244822099098,0.0776372574794583,0.1120481041359437,0.12166847298808933,0.16089101199130734,0.08199012948895909,0.133237063692572,0.12483846802979243
1930,3,16,0.0842466609891696,0.09379841128961211,0.06857433886346949,0.14349239723676216,0.13457344732856164,0.2072023164185829,0.11819008526282487,0.21635643104408375,0.2076065959284344
1930,4,16,0.13794468940897853,0.0897494132508919,0.1006496032412981,0.17472538002521887,0.10718171895720721,0.254508621521631,0.24809682894308158,0.15436053071067302,0.34836433822573565
1930,5,16,0.3462307293613198,0.2003368482921634,0.24782776794419828,0.37699528505019436,0.278299536114621,0.4365997505450755,0.42820291737477034,0.21906560324962987,0.4985696535070725
1930,6,16,0.6324416591035654,0.3968944741711371,0.5186357780419556,0.53762891663327,0.3568803392494675,0.5649944578740688,0.6712896903980458,0.3870000180615868,0.6758564272715138
1930,7,16,0.7214184127627913,0.4165824901773295,0.6881783487758617,0.6893387553665525,0.4588761095548256,0.5972587354090337,0.585494155256933,0.3459540077484793,0.8099895790663407
1930,8,16,0.46650308955669884,0.334378678960099,0.3460436703167117,0.40211652480933063,0.32444876765362085,0.42653746884682797,0.47425682170857575,0.32249098745607674,0.7216015486215248
1930,9,16,0.2568307111620628,0.18305398700739448,0.26772685122113815,0.21148738003792228,0.22450296063153288,0.2671472950974597,0.3920869437491904,0.2755178053487164,0.5693342574316378
1930,10,16,0.14051762129198642,0.0640647929823155,0.07478884844884989,0.16244196855552573,0.18132528867096923,0.23052128210586376,0.23541583564937438,0.24748978430448298,0.4142427966533062
1930,11,16,0.090275711930322,0.060918531730683304,0.0579146335912442,0.09994470726429212,0.1298731522768297,0.17341824438393555,0.1158564904402073,0.22425721766932571,0.24333703469044962
1930,12,16,0.0775134290749407,0.0646862777569388,0.082783507195731,0.09796599993406792,0.09749434635804352,0.14341824438393558,0.0890667906796606,0.1564187040213345,0.2091884324297272
1931,1,16,0.0681099812351218,0.0708130398275198,0.07408004260085999,0.09619638557101408,0.0983848377660213,0.11538216501377235,0.0994879215965856,0.164782744566927,0.1357359970201103
1931,2,15,0.07012261842216339,0.0729375415833399,0.06909979760040219,0.08496719747897179,0.07159277645936402,0.11516583694518268,0.1105933019913018,0.15344513774897256,0.1694064787107342
1931,3,16,0.0954725991522744,0.0660440793851059,0.0679095747596242,0.1382982922021591,0.15114052536717462,0.15844848990987753,0.1275932653387088,0.19402950585741335,0.2576149863528961
1931,4,16,0.1430690085818071,0.1237260935549899,0.08214800313306508,0.17276666819925618,0.12345877750647202,0.2258429801815458,0.2510667897724367,0.17449023616575343,0.41148869969115687
1931,5,16,0.27976013779051306,0.23749704004464448,0.18253249234743749,0.35040027074109353,0.2714399082896988,0.3907405641497136,0.44852546933648085,0.24393586452307925,0.496996604703429
1931,6,16,0.6509761411989576,0.4301268733426572,0.40946893930873285,0.3342741802522063,0.24153827972488653,0.4140839553340374,0.6554941552569331,0.3732854035065859,0.6827605666531018
1931,7,16,0.6896070640859828,0.5342906392593787,0.5802739954162217,0.5831793941011697,0.3811478027845546,0.495653212678822,0.6355881812287093,0.34922397305345243,0.6424994412159943
1931,8,16,0.4487354913988294,0.3510352877757752,0.3800172976362022,0.3802975208751633,0.3534013318580628,0.4197590742505798,0.6197561635107449,0.27390978527551657,0.7595414898396038
1931,9,16,0.29955250589441873,0.22561836375669417,0.2505070638790984,0.2247167044215897,0.25651556499881567,0.28921369406058794,0.44108949283665577,0.2632597667567911,0.6218439283095941
1931,10,16,0.12881888018772109,0.0580931534302071,0.06328438243783227,0.16088596486708412,0.19537282719651752,0.23686962749953433,0.23956048603743854,0.3109808657876626,0.5118346170844016
1931,11,16,0.07785245789811839,0.07189828081066771,0.0763728764272078,0.11912625769361097,0.11453578169345499,0.15494843695851357,0.1440122048877573,0.17134986399067564,0.30521246085715814
1931,12,16,0.0882631089007373,0.0660928833745857,0.07747100199514079,0.10722340007054833,0.14797092242698243,0.13402921072298007,0.09366260329460989,0.14352423384101132,0.16675682828958022
1932,1,16,0.08619197636818329,0.0650494126838344,0.06124218939614079,0.15164344836855742,0.17907392976208744,0.16493083537788505,0.07472164665749167,0.1170542256076248,0.10906363364406263
1932,2,15,0.094673152423761,0.0678052164762168,0.05940213318539139,0.1279952501270657,0.1542445547677076,0.181318548453049,0.08873127823101769,0.1250177461342246,0.11395175608009303
1932,3,16,0.095038202770468,0.0677315311293718,0.0672508583356275,0.1416383957704463,0.13948035994046262,0.18338515450353005,0.1493446204123175,0.19478274456692696,0.1990554095200537
1932,4,16,0.13692392401902098,0.087948421703786,0.0946237260849494,0.19905408986681905,0.16148989705151015,0.26011789898779264,0.29682192799039564,0.1895658928748703,0.38694415725313036
1932,5,16,0.3127297906068527,0.1874869143998755,0.20905944653501804,0.3036367046458028,0.23015567692867314,0.39311330962760704,0.45708249190962436,0.21670041914778093,0.48925237040515257
1932,6,16,0.5886735376960723,0.37466763516417356,0.4422554613747116,0.4299620115940242,0.32612131531455535,0.45566589615967446,0.6114890989002977,0.3009352156913073,0.773568805833371
1932,7,16,0.6785402873070316,0.4600320331223656,0.6741235468739555,0.6096077355915622,0.4265388908092913,0.5852638022750405,0.6538685116512325,0.2908328244311419,0.8110001795988692
1932,8,16,0.43097614119895766,0.363463659653424,0.44363531041643456,0.38517633755782593,0.3639519839502593,0.4895087890315448,0.5157589074747585,0.42603878557136776,0.7163534434978649
1932,9,16,0.28419855183777554,0.2652431605845752,0.2616572244193581,0.23183329743116693,0.2666986828765888,0.3371472950974598,0.3910894928366557,0.33192643743088024,0.6482546180554352
1932,10,16,0.13151808514903246,0.06733473501464668,0.07356195380871358,0.1055139707687749,0.1471817189572072,0.19966019536769775,0.23387189304026737,0.2974897843044829,0.4790544044264414
1932,11,16,0.1017777589061351,0.0623966525978015,0.08060601197784528,0.13197287000133978,0.14148989705151013,0.17080873112578715,0.105453501284481,0.18401950544581702,0.3268307381615829
1932,12,16,0.090765735176557,0.0729887867716345,0.0812421893961408,0.1358188749939338,0.1774501147861046,0.17495857918054097,0.06962137063777468,0.17066064031482908,0.2034937168899968
1933,1,16,0.0778576478063948,0.0742106362842369,0.08969698273100599,0.11195091163447153,0.11196741825816989,0.11719219077381388,0.104878829734081,0.15945517916815558,0.1557799984219946
1933,2,15,0.08619197636818329,0.0735926497810081,0.06655336565687099,0.101235433704311,0.10597688263170091,0.15516583694518266,0.1020633048408768,0.15699875951208142,0.11488950701401682
1933,3,16,0.10300542550538419,0.0788526189543471,0.07595136248377658,0.12411445769249281,0.11928425117283084,0.20341824438393558,0.1354620497465474,0.18173992490415264,0.2510283740710174
1933,4,16,0.15277487161309328,0.10306088086167389,0.10629816676280918,0.19089603843821867,0.1698731522768297,0.27532364013063254,0.2884903663946937,0.20458860760094122,0.2983643382257356
1933,5,16,0.3203759322915288,0.17709874316952604,0.1406466364492712,0.31877385789247087,0.23733622346768848,0.37697570805794445,0.4682029173747704,0.20325976675679103,0.49134403706642027
1933,6,16,0.5653100300019557,0.4368986468417544,0.3838030246870866,0.6139919219892713,0.40193909677566453,0.6161868763823259,0.6342568217085758,0.2396840589056375,0.7585429634405279
1933,7,16,0.6461195048144924,0.39354776901354305,0.6233989208552452,0.6331793941011695,0.4329036798724246,0.5960708791430664,0.6559843345159404,0.3620086107179462,0.8619704718450723
1933,8,16,0.5108821152271814,0.32370325021116764,0.48339892085524516,0.3720079423037524,0.3278610662350213,0.4583026992470338,0.5739844207015277,0.3711685554370795,0.6421178444625654
1933,9,16,0.26749770937113226,0.18561836375669413,0.14603032288582216,0.21730873194333294,0.20684763599733294,0.3065751864396692,0.3920869437491904,0.3184157338731832,0.5925996817836381
1933,10,16,0.12014251572151997,0.036710219262489296,0.11666901657499706,0.14038568008708663,0.16553293776150793,0.22970184818458972,0.2393050879471145,0.286700419147781,0.4653256985675812
1933,11,16,0.06503563903008851,0.0489859371903496,0.086702025327417,0.0772234000705483,0.08982955906780962,0.14367232465196939,0.1296012949540992,0.20809845542884176,0.2627449856947148
1933,12,16,0.0832180448090509,0.0561794831626979,0.072864742505298,0.12906231399082801,0.15680158131298721,0.1246883157385229,0.08980809908456619,0.18376390400624995,0.16793111863592003
1934,1,16,0.0762180074620401,0.0548291206397356,0.06999999999999999,0.1427781090505315,0.166843705979089,0.13593729222828776,0.0812921342967394,0.14402950585741336,0.2010682144504352
1934,2,15,0.0679904519293465,0.0600105946765589,0.1315932008469437,0.1241963268513716,0.13672061668975413,0.19224000975995886,0.06962137063777468,0.1199474661690717,0.1346119356431355
1934,3,16,0.10300542550538419,0.06265918377539581,0.06402398440090809,0.10918711277649258,0.09515733515580943,0.17720231641858286,0.15214959808892028,0.19173075995757383,0.1719741896545744
1934,4,16,0.13124445041045557,0.1053401684536485,0.0976603839100341,0.19099944185919032,0.14797092242698243,0.2746383269767115,0.23782972607986472,0.1971438669112383,0.4140938435325622
1934,5,16,0.3149576109542656,0.20289850759199193,0.1914174324894116,0.37699528505019436,0.28907240449436855,0.486419498657204,0.45955215774595937,0.29645165973411747,0.48694415725313034
1934,6,16,0.6116334199232962,0.3283387990924336,0.4580067042263346,0.4882532984022006,0.36185720974917934,0.5279065459598028,0.6395559468947781,0.3474990955296755,0.7402988405283979
1934,7,16,0.6521867184582164,0.5098035126576064,0.6482139366343007,0.6570579158539266,0.40394969018553206,0.4953091600122044,0.5608561168219609,0.4472567158416062,0.8103836183512865
1934,8,16,0.42494390686502637,0.24466763516417359,0.40897128732309473,0.4333125455347873,0.3408594573994619,0.47618687638232604,0.5562454599530479,0.3096109834396218,0.7111402784314613
1934,9,16,0.30251087756923173,0.197894932554371,0.2472744972439411,0.2750810073998336,0.26394887641044695,0.3856039424569174,0.36633156180948623,0.3259540077484794,0.5773712235220148
1934,10,16,0.13396060723046227,0.06349314231307437,0.06542927508427701,0.15476083791612177,0.17015567692867314,0.23648291065526383,0.2248284855919461,0.2390656032496299,0.4635975986096782
1934,11,16,0.0835598030132621,0.0477833202979476,0.06806270242523968,0.11215326209388261,0.12475942109114393,0.17854824372575429,0.1361104875341373,0.1771582462414158,0.3076149863528961
1934,12,16,0.07799045192934649,0.0651244822099098,0.08601760098654249,0.10799525012706566,0.11937413513109799,0.15260378396593027,0.085335333346631,0.14212273237042317,0.1493005366717332
1935,1,16,0.0776714084706384,0.0730406186273547,0.07015033993403699,0.1212007950913838,0.12855611863427932,0.1311693411139952,0.100378316347344,0.12762935687465576,0.15898793711533732
1935,2,15,0.0642243908764057,0.0771969782613269,0.0646754750913363,0.08724608390026291,0.09744330737381912,0.16402921072298005,0.07999999999999999,0.1347105767401351,0.07349371688999679
1935,3,16,0.1122909280911697,0.0875758747964413,0.05863650031363879,0.11957758732949829,0.12880396375246111,0.18338515450353005,0.1376006706456735,0.18038186689853486,0.2519309423494283
1935,4,16,0.1265015186642458,0.07733473501464669,0.08606760745067008,0.17013271454401369,0.13937434579523952,0.2596601953676978,0.2623699510074295,0.15212273237042317,0.29003972215050633
1935,5,16,0.2818009516876756,0.1990260800745823,0.2870367850204324,0.2764662454971072,0.22400389773157012,0.36187052247705276,0.45416454592417044,0.2547650058870057,0.5396989330184383
1935,6,16,0.6116334199232962,0.35510800206101545,0.4786357780419557,0.4782532984022006,0.35773541723641655,0.5509809152421,0.6620278567404739,0.3432854035065859,0.7104845085202285
1935,7,16,0.7183452533968435,0.4437282179436055,0.6481329910386979,0.580087552385058,0.4074285003118273,0.5484918698911931,0.6237270000264212,0.428343779080235,0.8198499546477824
1935,8,16,0.44964478167882405,0.263463659653424,0.40224125262806787,0.3739544965663057,0.3132210799701912,0.4395087890315448,0.5517395113553812,0.34083282443114193,0.6811402784314614
1935,9,16,0.30255684944613614,0.16760106067843547,0.25399814536227805,0.20351515631729405,0.22295754967163053,0.2900787579364803,0.41108949283665575,0.32073749427314957,0.605280048471226
1935,10,16,0.1408250845579005,0.030876829668850303,0.08286860210630947,0.13796337914082574,0.16132528867096926,0.22940085664071774,0.22992164502886545,0.277489784304483,0.42389859015355025
1935,11,16,0.0936231936227087,0.0577833202979476,0.08398997689988319,0.12484395578884329,0.11702635856624463,0.1753236401306325,0.1508943615382695,0.18672153668857627,0.2564367517289194
1935,12,16,0.07690243180291459,0.0664450255229377,0.0652336489129915,0.11675550863634561,0.14907392976208741,0.14340985395947387,0.11105171378262069,0.1832701535729775,0.1512696624513256
1936,1,16,0.0772961896426666,0.0624109332029238,0.07365503788442879,0.06619638557101408,0.11838483776602132,0.13744802605283146,0.0896502428002197,0.16635643104408376,0.1658597271123714
1936,2,15,0.09055819191104089,0.0486796723278114,0.069396924047783,0.1220724409068545,0.10467667014709511,0.13014809081095807,0.066405647352193,0.1584231550725722,0.12195223128770613
1936,3,16,0.09615176895927419,0.0814035133864422,0.0672508583356275,0.08419632685137161,0.10497643648428792,0.18417759666837147,0.1186634117740181,0.19480034614755554,0.2093005366717332
1936,4,16,0.15384137040240078,0.07396115684550528,0.08535185862350089,0.11484395578884328,0.12907392976208745,0.23650452185504184,0.2151296613217381,0.2067215366885763,0.3718981212875062
1936,5,16,0.31037593229152877,0.2496179867913119,0.17782776794419827,0.4073087319433329,0.27236329236136414,0.4097740643845271,0.38917959007054037,0.22422482072715388,0.5607719284086297
1936,6,16,0.6838357168919321,0.3211704936291263,0.33215790748955654,0.6498486349945478,0.48256817059128554,0.6474048066525643,0.6270679078799608,0.2655178053487164,0.7951776572110605
1936,7,16,0.6492564716214808,0.454640945097629,0.4406429186397691,0.49976886673827653,0.3065388908092913,0.5257928370973803,0.5903207135359414,0.3041981306606093,0.8898499546477824
1936,8,16,0.49021770411169974,0.3296809962371158,0.31068170875168377,0.4113435311882708,0.33520452112766486,0.4439959156333171,0.3407870850199898,0.3024909874560767,0.7621178444625654
1936,9,16,0.2629666968027565,0.16524316058457525,0.1934105962659027,0.3034841410416251,0.2868476359973329,0.3131689360273624,0.33416454592417044,0.2730263907420962,0.7518439283095941
1936,10,16,0.08806128569992157,0.028093153430207102,0.07337763875757558,0.1190540898668191,0.15047390596495666,0.21227082318138124,0.26883773290044666,0.230161679646943,0.5561003498505859
1936,11,16,0.07484062099513299,0.06265918377539581,0.06900846114933479,0.0978677469676953,0.14047390596495665,0.17187885076853193,0.12145221288724861,0.16517554931967443,0.34139905838754336
1936,12,16,0.0869245655637189,0.0664450255229377,0.04184488919765299,0.11822463303870596,0.2117324166908723,0.18914029272148908,0.085335333346631,0.1665424517404001,0.1866019667474084
1937,1,16,0.0883542407206803,0.0637708062569441,0.058597344736463185,0.09799525012706568,0.11424455476770759,0.11960326997911369,0.0782352336524604,0.1564187040213345,0.15667941182880413
1937,2,15,0.0916283913244941,0.07834294041654499,0.053536208295719895,0.0464472458608169,0.11255004653129963,0.1406927650450563,0.08348621295318069,0.15038655134374318,0.10434483277991863
1937,3,16,0.07799045192934649,0.0599772492097492,0.06940213318539139,0.0520481041359437,0.10561756138095851,0.16162345267820788,0.1371363248937369,0.19654245174040008,0.28102837407101744
1937,4,16,0.1178607903855317,0.0935074498954245,0.10514661241730558,0.2300384024972717,0.1578173002011848,0.3297018481845897,0.19025418908701738,0.15974901075264347,0.45284666850954014
1937,5,16,0.29642369085484077,0.20686151845835418,0.23819282889428986,0.4949359864654395,0.3262428636430641,0.5038074636313912,0.403490109105453,0.24011058132100993,0.4577900328513844
1937,6,16,0.6813722944861887,0.413463659653424,0.490993094708446,0.5555120685637636,0.42088553664702466,0.5348430264104577,0.518764941771172,0.3296109834396217,0.8262712702107988
1937,7,16,0.6709906977327598,0.41596061978573606,0.5081329910386978,0.9334896207728548,0.4898514908883248,0.6740778605118443,0.562027856740474,0.3858972739465566,0.8311402784314613
1937,8,16,0.37624407679220917,0.31204863291252993,0.19001959140092936,0.5499882594131061,0.4488761095548256,0.5657928370973804,0.5770679078799608,0.3119264374308802,0.7900888720382926
1937,9,16,0.309918105197894,0.19854126986586149,0.19399814536227797,0.24117113037367038,0.236503429497577,0.32408395533403744,0.404973592991103,0.31093521569130733,0.6523206479137491
1937,10,16,0.13311171990525666,0.05532078105626059,0.012624202874789825,0.17735655643789078,0.19330610316802907,0.24921369406058802,0.2510998796528422,0.2726517719235104,0.4635975986096782
1937,11,16,0.06252428486398519,0.0647049657943308,0.06365910325542878,0.07503005963737198,0.12345877750647202,0.18052995770949298,0.12270769269910559,0.21100800682058196,0.34442151922221786
1937,12,16,0.08280891293030929,0.0581243865925135,0.0707790271490124,0.11237027748702659,0.12057215893132922,0.13999999999999996,0.08335738555008529,0.18478274456692695,0.2025732002828151
1938,1,16,0.0820452956731506,0.0643427665183311,0.04969698273100599,0.09040608612880578,0.08090445119942041,0.13665719619348476,0.0963988744662817,0.14705422560762477,0.03483846802979243
1938,2,15,0.0884327533000988,0.0577010951524489,0.0712421893961408,0.12792979898268542,0.16399377208680113,0.2087313564485207,0.052293016670886705,0.1300766864422993,0.054197646504606206
1938,3,16,0.08262359799042149,0.06536562938208851,0.06606825935882299,0.12646777076482607,0.14171803959069776,0.2611560976315401,0.1183233613297385,0.18755328850758757,0.2377899705288912
1938,4,16,0.1229812253089571,0.059470024944775296,0.07697205865009049,0.2047253800252189,0.16399377208680113,0.3041675962567751,0.3304408986502395,0.17809845542884173,0.41389859015355024
1938,5,16,0.3328850955289098,0.20995802720984183,0.2047480395321892,0.32532437891434657,0.25410791836536106,0.41481327843495386,0.3904290505530764,0.24476500588700567,0.689862638128635
1938,6,16,0.5949439068650264,0.3310352877757752,0.4222554613747116,0.4002975208751633,0.2999148909405942,0.47187431162587157,0.44176559060294396,0.35419813066060923,0.836071053594832
1938,7,16,0.6598730328690635,0.35658249017732957,0.5207902912572622,0.561783884861807,0.43895828284189153,0.5355734444225506,0.4897561635107449,0.38766442917706834,0.9696674340368373
1938,8,16,0.4908821152271814,0.24833879909243364,0.37001729763620217,0.4063521238446302,0.38246747747266174,0.5765374688468279,0.4834482245472048,0.26083282443114186,0.9595414898396039
1938,9,16,0.3794890938963589,0.18011022391581658,0.16399814536227794,0.1640275720323215,0.24300642973835487,0.3757665892782983,0.37728878550730216,0.2630263907420962,0.7007719284086297
1938,10,16,0.14759330259713688,0.0492187421582832,0.07478884844884989,0.20503925638330017,0.15691948030077987,0.2162048484253677,0.217906412522164,0.2832597667567911,0.5614886996911569
1938,11,16,0.0853214187842459,0.0480405516206773,0.0492156336963144,0.08192962269619371,0.11097917798135867,0.19471933669620145,0.10697861018994287,0.16428002332101932,0.318374338637332
1938,12,16,0.09012261842216339,0.0732539474630904,0.0749774839193049,0.12264391222560346,0.11842503399119511,0.11714685032303951,0.0952025339264781,0.18326176314851578,0.14197671549979038
1939,1,16,0.0812693798788946,0.0718688992201561,0.078375301921153,0.10898661746210271,0.11561756138095852,0.15844848990987753,0.08335738555008529,0.13481048836958287,0.05796731958730253
1939,2,15,0.0872961896426666,0.0596320741555458,0.06924519427332669,0.13349239723676215,0.12936166763360693,0.20260378396593032,0.06590977047971949,0.1257892014173297,0.09204942378917833
1939,3,16,0.09657328290270539,0.047626406148599705,0.0732199983802007,0.11957758732949829,0.11672061668975414,0.18493083537788507,0.12300879382162369,0.15117045764209092,0.1993005366717332
1939,4,16,0.1711675213598619,0.09349314231307439,0.1227882241404242,0.18429097929575566,0.1445815548438171,0.28981550028975495,0.26424843010119914,0.17511911637023525,0.43003972215050634
1939,5,16,0.3380180321976685,0.25854126986586146,0.1814404346471876,0.3335962789564436,0.23015567692867314,0.42087577000306475,0.3788105918675273,0.14566038302558826,0.5842754999054408
1939,6,16,0.6274158167107222,0.36117049362912634,0.4547435003895288,0.4482532984022006,0.3218572097491793,0.5179065459598028,0.5295559468947781,0.2839097852755166,0.883568805833371
1939,7,16,0.6583452533968436,0.34689447417113717,0.524185835011695,0.6196077355915622,0.35653889080929124,0.5256532126788218,0.6789982815169442,0.35249098745607665,0.9096090552447968
1939,8,16,0.456677650368294,0.3113542085480957,0.34630268308120127,0.5303822986980519,0.4224055237699047,0.5654123132758362,0.6420278567404739,0.276154694621663,0.9798499546477824
1939,9,16,0.2425568494461361,0.21041262261385427,0.24473971124071012,0.3176032798834751,0.27153827972488653,0.3610594849220341,0.5227372637050987,0.25209234395184277,0.8018439283095942
1939,10,16,0.13686942305049465,0.041382010647464204,0.052788224140424195,0.18088596486708408,0.17904159107294612,0.20864992654057957,0.22857264726021398,0.2825993244732117,0.5024338152184532
1939,11,16,0.0762686658343206,0.0497477687570059,0.07056532870105939,0.05822463303870597,0.11083079203596732,0.17760020892830936,0.11270769269910559,0.17945905942743745,0.2787204493269425
1939,12,16,0.0799943988939317,0.0570028315460835,0.06924519427332669,0.0619758367933667,0.08817253029405661,0.09499169046076666,0.07,0.17007668644229929,0.1508539381624453
1940,1,16,0.08585418426569129,0.056355542857221705,0.0733790368374869,0.1196092984310127,0.0912695441330009,0.11064172606083189,0.08823523365246039,0.2082283675028965,0.08573599702011031
1940,2,15,0.0761517689592742,0.0680168531106093,0.05900846114933479,0.12242355752653881,0.14645816135022513,0.11645249892971807,0.08555672410301449,0.1866559287325063,0.09197671549979039
1940,3,16,0.0958541842656913,0.0541496939506256,0.0832199983802007,0.1205259919345766,0.1412695441330009,0.1449164582777105,0.1114522128872486,0.19173075995757383,0.2710007615124249
1940,4,16,0.16564214905726565,0.0722344589949297,0.09262420287478981,0.20442019956898327,0.17797092242698243,0.25824654623979987,0.2922053426268886,0.17436053071067292,0.4340938435325621
1940,5,16,0.34839323536978745,0.210519500879319,0.1995597313150155,0.5242741802522063,0.3313800168897322,0.48513751546267725,0.4882029173747704,0.2553541002385197,0.6142754999054408
1940,6,16,0.5793573617904229,0.3311704936291263,0.3909930947084459,0.5949615439685031,0.4165756456975144,0.6160453647575147,0.6439694018201746,0.2884157338731832,0.832009261956987
1940,7,16,0.7398730328690636,0.5100537978766414,0.4619863119827188,0.4339919219892712,0.36337676775265637,0.5484918698911931,0.6884477569216838,0.3596109834396217,0.8894605442440011
1940,8,16,0.5224416591035653,0.2979325987415027,0.3322412526280678,0.2268345005827606,0.3470602534449553,0.4397590742505798,0.4733475314285811,0.359589218685346,0.9039932416425058
1940,9,16,0.32482350452562325,0.2174970400446445,0.1672973028956347,0.1485683338538379,0.2226100551495336,0.29437291153811196,0.2872887855073022,0.33302639074209617,0.6407719284086297
1940,10,16,0.13645474974268496,0.0810793388328499,0.034452445216691385,0.21431332130351854,0.19868043208151917,0.22442811413197739,0.23541583564937438,0.2803933166912872,0.36910983866692426
1940,11,16,0.08905056326485819,0.08053431796804911,0.07106897340339699,0.05722340007054834,0.09982955906780963,0.16485866755109319,0.1199590589225549,0.21600787754768525,0.3275508375846464
1940,12,16,0.0643166976891751,0.0752003888893692,0.08894899207671869,0.09061091795215358,0.09489950743369424,0.11391199481720804,0.0782637413116953,0.1410212503030371,0.1626452318788381
1941,1,16,0.07690243180291459,0.0634204237036387,0.0729757737911301,0.10762191739630969,0.13645816135022512,0.09927881436940778,0.06846625047569489,0.1878097489671986,0.0861164016541531
1941,2,15,0.075038202770468,0.0742763323401296,0.07781894254043359,0.09786185553516959,0.13167667548281084,0.126220624846317,0.082966280750432,0.16209191894900077,0.02461193564313549
1941,3,16,0.07431669768917509,0.0879928747827515,0.06709578316716899,0.18853436636991328,0.144855069294638,0.1816234526782079,0.1096012949540992,0.18809845542884174,0.19333703469044963
1941,4,16,0.08887462610196879,0.052234458994929706,0.09345129480644598,0.19197287000133978,0.1467156846317516,0.25491223028191745,0.26625288115243695,0.17457124588524336,0.3253256985675812
1941,5,16,0.3377079222158664,0.2428985075919919,0.20663714558875715,0.39862353644770326,0.292991839084348,0.41921369406058795,0.4477276899532523,0.23933916339602312,0.5322740141748123
1941,6,16,0.6465030895566989,0.42833879909243355,0.5106817087516838,0.5098613184754005,0.3573429888152325,0.5336080551291391,0.6903207135359414,0.28749909552967545,0.8337055310005053
1941,7,16,0.6983452533968435,0.5612756388681616,0.5450029700109962,0.8630104981403807,0.504722683806592,0.6774626513642057,0.6511151295864506,0.3420086107179462,1.0498499546477824
1941,8,16,0.5379126216496126,0.3074420187235214,0.3550258902925616,0.30210196827552865,0.2766337310295828,0.3863027854326211,0.5053288216095402,0.3174990955296755,0.9996090552447968
1941,9,16,0.3027714434237446,0.2011034547518488,0.22778228546162102,0.29760327988347507,0.2615382797248865,0.3298321497165956,0.3595521577459594,0.29792918139489377,0.7048236609678007
1941,10,16,0.117936486914257,0.08604318884437401,0.07544174258176808,0.14134227263876542,0.1576925933042946,0.20416759625677505,0.2362528811524369,0.25259932447321165,0.6442754999054408
1941,11,16,0.0879904519293465,0.0452444774028379,0.0648769359586095,0.1546106159899009,0.1319674182581699,0.13857124588353031,0.1308621022475619,0.18715824624141575,0.3075508375846464
1941,12,16,0.0902667897043293,0.0723221387937192,0.0797417229294601,0.1541282171108605,0.11911994604408063,0.11491645827771052,0.07766382460019669,0.14327015357297745,0.12810873678616858
1942,1,16,0.0926235979904215,0.0666269362455988,0.06709578316716899,0.0929194343990123,0.11158444397195072,0.10231836473109338,0.08335738555008529,0.2224119955096616,0.0841976465046062
1942,2,15,0.06360170725236469,0.0761794831626979,0.0752336489129915,0.07298372499795519,0.09749344744395863,0.10064172606083188,0.0782352336524604,0.1847683674667524,0.08619912440843441
1942,3,16,0.09289317097944169,0.08506279234186259,0.074431350165029,0.16737588929438119,0.15738368735577593,0.15256008632061968,0.16475455575127168,0.20715824624141577,0.24915532114950154
1942,4,16,0.12473258038256578,0.0981698124601695,0.07819634731637437,0.2313977387343088,0.18842503399119512,0.3322708231813813,0.24482848559194612,0.16945905942743744,0.4453256985675812
1942,5,16,0.3774749037194387,0.2388659695095919,0.21905944653501805,0.278704043837357,0.24176016049352825,0.387637875115441,0.3985254693364809,0.26160581847551023,0.4208006651846533
1942,6,16,0.6538357168919321,0.33219833150768696,0.3794443752033265,0.4682532984022006,0.3318572097491793,0.44812390594478857,0.6532855777258241,0.34390978527551663,0.5439558162195404
1942,7,16,0.6903283306481885,0.48589866608297905,0.6141235468739557,0.6698486349945478,0.4424674774726617,0.5149944578740688,0.4686625505110066,0.3719264374308803,0.819460544244001
1942,8,16,0.43088211522718134,0.21950841768664955,0.2864772438927965,0.3935674861801364,0.3408855366470246,0.4671481088725449,0.4795559468947781,0.34700001806158676,0.8816015486215248
1942,9,16,0.2922832892997429,0.1952533028066026,0.24341059626590264,0.22298345797142677,0.24122969544496456,0.343408526585106,0.38861547119233586,0.3576644291770684,0.789862638128635
1942,10,16,0.13329437249241227,0.04863739797325839,0.04807892550543097,0.0987191296737079,0.15453578169345503,0.2444281141319774,0.19448565481237098,0.27011058132100996,0.48694415725313034
1942,11,16,0.0836017072523647,0.0421493870665488,0.07957209708961299,0.1779297989826854,0.1576362186346333,0.16260378396593028,0.09943617259019868,0.14604216696040268,0.2115030790213344
1942,12,16,0.082406626128019,0.0396320741555458,0.05581997688363479,0.0806109179521536,0.1011405253671746,0.13038013764421996,0.0545169310782703,0.168992201910531,0.1566019667474084
1943,1,16,0.0817608088034429,0.0459224966590014,0.07373427740942419,0.0952827093371285,0.10645816135022512,0.1226787786274754,0.0814105861030644,0.16086762807723948,0.11196860798453492
1943,2,15,0.0808058292573793,0.0682330792875217,0.0641917930696693,0.07675550863634557,0.149374135131098,0.1896633035837802,0.07246449792787009,0.15066064031482906,0.1541108452877249
1943,3,16,0.08551090352612549,0.046507960678346796,0.0739188317257684,0.18508643430703325,0.16626492104188742,0.25275926338133287,0.13300879382162367,0.234019505445817,0.2391275773468456
1943,4,16,0.16282460935028742,0.08409058085258342,0.1314518754984629,0.15521114120392349,0.14842503399119514,0.3203097704579011,0.17261247064679167,0.22172243166609473,0.3956946967705943
1943,5,16,0.32456755004078863,0.21364881924174753,0.24268468905341226,0.32795653823863374,0.28212522144361973,0.46359329088242396,0.47388648369427433,0.23645583240473467,0.38104525192769956
1943,6,16,0.697065510872472,0.2979325987415027,0.4139524952659228,0.5824981215627598,0.4232210799701912,0.563433494317544,0.5060845750835842,0.330478828187882,0.739800684425878
1943,7,16,0.6584819085149912,0.3583719958319135,0.49981272522615816,0.4595045823279303,0.3686758929388587,0.5079211024936048,0.7616775509022237,0.41384782482235904,0.9396090552447968
1943,8,16,0.4557086735061897,0.2930945863605301,0.4100172976362022,0.3102975208751633,0.33340133185806275,0.4443462214715673,0.6011151295864505,0.40725671584160617,0.9196674340368373
1943,9,16,0.2692744436645226,0.18613770380760739,0.23768246719861116,0.2559493316021943,0.26732286341885103,0.330258672131968,0.3914427511918145,0.359589218685346,0.8118439283095942
1943,10,16,0.13987361478261928,0.04000000000000001,0.06328438243783227,0.14244196855552577,0.15534982503874153,0.24620484842536772,0.251353959920876,0.2799306671255223,0.5453256985675812
1943,11,16,0.07948509087558257,0.0658008367835573,0.07106897340339699,0.08457555995994588,0.1503948098729179,0.1665667948322926,0.1496825985241948,0.20261117257037475,0.2968005259348908
1943,12,16,0.06535768341478589,0.0642763323401296,0.0809270700151792,0.13365876204462607,0.18039480987291792,0.15493083537788505,0.06761443006404119,0.18840015291479617,0.1308539381624453
1944,1,16,0.0828931709794417,0.0730406186273547,0.052864742505298,0.04040608612880579,0.12090445119942042,0.12391199481720805,0.06338678536871879,0.11840015291479616,0.06611640165415311
1944,2,15,0.065038202770468,0.0677010951524489,0.04311968832332459,0.10204810413594372,0.1138745017953523,0.15719219077381386,0.04846625047569489,0.12945517916815558,0.09829961185539371
1944,3,16,0.07799045192934649,0.056827668047795696,0.0764796877914901,0.1416383957704463,0.1473100313069055,0.20367232465196938,0.08475455575127169,0.18402950585741334,0.2547266996784535
1944,4,16,0.15482413256044697,0.1002769129573517,0.1106410547792317,0.18197287000133977,0.16671568463175163,0.2637679568250998,0.2390001837219556,0.1856603830255883,0.3435975986096782
1944,5,16,0.3177079222158664,0.21082936578076286,0.17339914647315027,0.2389321207276252,0.22349212386434544,0.38376111592290785,0.42253929772638743,0.2891406279149411,0.5982806973029979
1944,6,16,0.6338357168919321,0.3371432335848007,0.35947311197935006,0.4798613184754004,0.3230064297383549,0.4106269189988402,0.722027856740474,0.31561849846734014,0.7839558162195404
1944,7,16,0.6683452533968435,0.2741021872574527,0.488339880831534,0.680087552385058,0.42246747747266167,0.5754706920678767,0.6871904243004514,0.3406180308418191,1.0763305232162994
1944,8,16,0.456677650368294,0.27689864684175436,0.34363531041643447,0.3751763375578259,0.3739519839502593,0.5805297320915879,0.6532855777258241,0.46542535361159254,0.9995414898396038
1944,9,16,0.2688780690757012,0.15000870731189,0.17218892276522554,0.20223949778209788,0.24793053791160793,0.323408526585106,0.35591870851839924,0.313659372820433,0.7264371767317613
1944,10,16,0.12977021136164768,0.041382010647464204,0.03278822414042418,0.13569337711735968,0.18212522144361978,0.22274741528416975,0.18438225139139938,0.2480889824385346,0.43946394915015385
1944,11,16,0.07484062099513299,0.066374526939123,0.06764075849528789,0.07379869229483961,0.11345877750647201,0.17263399619262237,0.1042105501692572,0.19480034614755554,0.2647266996784535
1944,12,16,0.0850356390300885,0.0753547356681252,0.06784984720229709,0.1399447072642921,0.1576925933042946,0.16485866755109319,0.0795419272679164,0.17578920141732968,0.28722471972378294
1945,1,16,0.07012261842216339,0.0723221387937192,0.062095058384725996,0.055177198820837395,0.11907900496663551,0.15050844999391827,0.074612588240652,0.18241199550966158,0.09237159714026119
1945,2,15,0.06679854607331269,0.0660072248967567,0.063198845670429,0.1100004531785398,0.11302220615930422,0.1471921907738139,0.08105171378262069,0.13038655134374316,0.1441976465046062
1945,3,16,0.0843166976891751,0.0565253324628065,0.0809854988526118,0.1748881873607822,0.12672061668975412,0.22914029272148906,0.0973382153061445,0.18951210455673967,0.2513889327427744
1945,4,16,0.15272617527639282,0.07106649878930749,0.1158971665184797,0.2717956312440353,0.16360560085645162,0.2898971015636016,0.2925938655508241,0.23917164319061013,0.36284666850954017
1945,5,16,0.3249484460076868,0.2148184309840436,0.32151911530423694,0.3642414770000716,0.24056953813808704,0.41311330962760706,0.6007870850199897,0.303659372820433,0.42298477762466136
1945,6,16,0.5786735376960723,0.3671432335848006,0.5300172976362022,0.4682532984022006,0.3277354172364165,0.48975907425057985,0.7393413205714598,0.3532854035065859,0.6639558162195404
1945,7,16,0.6289617253084869,0.39435259971253633,0.5901279241726909,0.7863292035630648,0.4946141013010137,0.6164075472379329,0.7025246616793642,0.4853226012569186,0.9095414898396038
1945,8,16,0.4474158167107223,0.3374420187235213,0.3736353104164345,0.3807328911625539,0.4324055237699047,0.5265374688468278,0.7312896903980457,0.326154694621663,0.7207342108157884
1945,9,16,0.24277144342374457,0.2436488192417475,0.2537449587667221,0.211043932274465,0.21624286364306414,0.30977406438452715,0.4227372637050987,0.2939097852755166,0.6898006844258779
1945,10,16,0.1346930479173628,0.06669209168148801,0.056603565430616815,0.12099944185919033,0.16148989705151015,0.26508817668111073,0.2402854192348369,0.27863994484474275,0.5779578578918684
1945,11,16,0.0911859053281094,0.0421493870665488,0.08859734473646319,0.1736587620446261,0.1619053760157599,0.1587313564485207,0.1401643051287502,0.16261117257037477,0.23680052593489084
1945,12,16,0.0805904938967264,0.0742106362842369,0.0776372574794583,0.1519758367933667,0.10159277645936401,0.1522723484491002,0.08145170462516049,0.19481048836958287,0.16675682828958022
1946,1,16,0.0717777589061351,0.0726899237461073,0.06624911405360119,0.12906231399082801,0.1242445547677076,0.09844848990987753,0.0698080990845662,0.1870440999628558,0.07041736681527752
1946,2,15,0.06463175664052659,0.0741456708202272,0.06301763833355328,0.09850391653577839,0.12022807639357101,0.1530279777548224,0.06409713090533428,0.14038655134374317,0.06264523187883811
1946,3,16,0.10012261842216338,0.0871672577918644,0.06595136248377659,0.13196728833130028,0.12497643648428791,0.18670061612249278,0.06962137063777468,0.19635643104408373,0.2301340341972483
1946,4,16,0.1378607903855317,0.09730684391763739,0.1248715712031312,0.1790540898668191,0.14457902899860112,0.3198971015636016,0.2343721778202648,0.23605675761440958,0.48104525192769965
1946,5,16,0.3292255635977982,0.1619181763042695,0.20550318495627964,0.3560659447927787,0.25795767894452726,0.44074056414971363,0.43208694374919043,0.24962597357356908,0.6607719284086297
1946,6,16,0.6743862414871925,0.27793259874150267,0.3826432531481845,0.42854164378729326,0.3023037723624651,0.41560394245691745,0.5787649417711721,0.31310495457652343,0.8768358202359954
1946,7,16,0.7186430396617054,0.4300320331223656,0.509672626393566,0.6338752258629802,0.429440659580022,0.5855734444225504,0.5907315448442442,0.388343779080235,0.9095414898396038
1946,8,16,0.5579126216496125,0.287270431684006,0.37385010400575736,0.3413435311882707,0.31520452112766484,0.4330499095753375,0.4108561168219609,0.35615469462166305,0.8895414898396038
1946,9,16,0.2627714434237446,0.1808246813355546,0.1734346043640532,0.271345824952998,0.24020943888073634,0.2984029398146776,0.27219025679053765,0.3017262208149134,0.7550823270530682
1946,10,16,0.12972679143263965,0.0790830263082909,0.0677360804387594,0.22607427308425782,0.18781730020118484,0.23960715023839563,0.21821159297839957,0.24714386691123824,0.5729847776246613
1946,11,16,0.090275711930322,0.046966039576643,0.0702008712861954,0.0891118805934364,0.13171803959069775,0.24080873112578716,0.1246870080445645,0.16996980817683455,0.3827679878524908
1946,12,16,0.0890059778697723,0.0555927266392538,0.0862491140536012,0.13197287000133978,0.18097917798135868,0.15131854845304898,0.0833867853687188,0.1898940338551437,0.2457359970201103
1947,1,16,0.0830651489807956,0.0630930443526109,0.0667563102356447,0.1341144576924928,0.11517803962684184,0.15391199481720808,0.08579794535786109,0.1793152489179421,0.043012722036931794
1947,2,15,0.079602539660889,0.0586796723278114,0.06934132269478539,0.1178059213435587,0.12278254933869051,0.0777984298041455,0.06644596006221169,0.170686546510688,0.0702755923071488
1947,3,16,0.05737808945920739,0.0768224589101873,0.0677900454538489,0.1047775283585146,0.1487413166818553,0.12014809081095806,0.0841341341986247,0.22635643104408376,0.20607559273749246
1947,4,16,0.13112308322080568,0.08087682966885029,0.08440844381480708,0.15643543207568478,0.153458777506472,0.2649484369585136,0.28144959209400644,0.23175551707066733,0.48694415725313034
1947,5,16,0.3083932353697874,0.2038879521859923,0.2615191153042369,0.39910851901368966,0.3115209180091887,0.5851375154626773,0.3941645459241705,0.23209234395184275,0.5376052685540665
1947,6,16,0.5596447816788241,0.41579691467553936,0.4591569553149253,0.5047251544073138,0.42193909677566455,0.5730499095753375,0.488764941771172,0.33061803084181907,0.8390397683794182
1947,7,16,0.6783452533968435,0.46118030871016924,0.6012180062872936,0.7563292035630648,0.4846141013010137,0.6660708791430665,0.565494155256933,0.3851275673467306,0.9695414898396039
1947,8,16,0.42114686744500673,0.3095834423519608,0.3626282630142371,0.4502407870732406,0.4225681705912855,0.6554706920678768,0.39085611682196086,0.40511571146408254,0.9199895790663408
1947,9,16,0.27311564992350057,0.1514508212576017,0.19744762434040228,0.2744540944476939,0.29870518919461264,0.43566589615967444,0.38591870851839927,0.3381546084360757,0.7558564272715138
1947,10,16,0.12469304791736281,0.06277739348590522,0.11510919852361615,0.1679633791408257,0.20336837614527983,0.21473669841189935,0.17777719224893637,0.29078574511247124,0.4590544044264414
1947,11,16,0.051412269586351686,0.0577833202979476,0.06900846114933479,0.05027427265391422,0.12288043165117551,0.10338515450353009,0.07696044963831439,0.20974901075264352,0.23755083758464643
1947,12,16,0.0744547506499089,0.0731460701893906,0.072864742505298,0.08737588929438118,0.12114052536717462,0.0857492849485662,0.0817433755764839,0.1503818668985349,0.1941108452877249
1948,1,16,0.0711859053281094,0.0535926497810081,0.06124218939614079,0.054980037522514194,0.10445527939071163,0.044338944054187396,0.032727080096493485,0.15715824624141578,0.05040740578204039
1948,2,15,0.0928089129303093,0.039145745670183,0.07156040232794529,0.11419632685137161,0.12090445119942042,0.1796032699791137,0.076405647352193,0.15209191894900076,0.0947051919628788
1948,3,16,0.09615176895927419,0.0652753820647014,0.07698734719183599,0.2397612605131232,0.18987315227682972,0.3173063370523739,0.14512460872362698,0.21494008587015268,0.2242922989489903
1948,4,16,0.1553470188928032,0.07087682966885031,0.1048715712031312,0.21695468569705878,0.1690415910729461,0.34948725420698123,0.2882162774236079,0.20511911637023528,0.3035975986096783
1948,5,16,0.30957411709419674,0.21292871981868397,0.15955973131501552,0.3051292582391552,0.27996271543515217,0.4000787579364803,0.36276981195001734,0.2532604357741479,0.48779003285138445
1948,6,16,0.6091716937985924,0.4401268733426572,0.38312786089562545,0.3160697339415974,0.3136500912717263,0.41560394245691745,0.5242568217085758,0.28302639074209623,0.6550823270530681
1948,7,16,0.7194771424770879,0.5443525997125362,0.5618531605491011,0.8709988599456346,0.47846126661554056,0.6754123132758363,0.6538685116512325,0.2917262208149134,0.8196674340368373
1948,8,16,0.466677650368294,0.36135420854809575,0.30068170875168376,0.3098613184754004,0.33855549059945556,0.3661020985594374,0.6195559468947781,0.27922397305345237,0.7721178444625654
1948,9,16,0.2524704518798726,0.217894932554371,0.2537449587667221,0.22856833385383785,0.2726100551495336,0.320258672131968,0.32955215774595936,0.29561849846734023,0.7327605666531019
1948,10,16,0.11823543218433759,0.04562188217877869,0.0595263849571421,0.08754951793141182,0.16400389773157012,0.15686962749953437,0.20482848559194608,0.28265177192351043,0.5569441572531303
1948,11,16,0.0757662763175923,0.0526591837753958,0.05885015678936059,0.11197287000133978,0.1608307920359673,0.1826037839659303,0.12134806848835028,0.18449023616575339,0.3164367517289194
1948,12,16,0.0802004064754976,0.0646862777569388,0.069696982731006,0.1621532620938826,0.21350219743548002,0.2533540956156859,0.0771363248937369,0.1524859053816643,0.1891884324297272
1949,1,16,0.080765735176557,0.0635926497810081,0.07311968832332459,0.0902742726539142,0.17680158131298723,0.17009555698002976,0.04766382460019668,0.16086762807723948,0.1341157773457274
1949,2,15,0.0940772691806797,0.0664450255229377,0.06784984720229709,0.12911188059343642,0.1452500712228648,0.24101571888819756,0.06270769269910559,0.15209191894900076,0.07
1949,3,16,0.0907232933168793,0.0816496620978179,0.05930667620605298,0.13799525012706565,0.11855611863427931,0.18367232465196942,0.1314774924954284,0.2008676280772395,0.19193094234942829
1949,4,16,0.11940016485800559,0.08532078105626059,0.1158971665184797,0.16682941850834826,0.1608307920359673,0.29615596835864333,0.23264021444944757,0.2390656032496299,0.37905440442644134
1949,5,16,0.26570359143177724,0.2048184309840436,0.21111573500345718,0.2879565382386338,0.2517500182715009,0.42983214971659556,0.3725392977263875,0.21078574511247117,0.5013471446062325
1949,6,16,0.4982071107018322,0.44410218725745276,0.38603812479101973,0.46508100739983355,0.3302094388807364,0.43560394245691747,0.5714890989002978,0.3507374942731496,0.4235830145800147
1949,7,16,0.6109906977327597,0.4821690352519331,0.5102739954162216,0.5613435311882709,0.4202101078980932,0.5113166462480376,0.6003207135359414,0.44638937803586975,0.8696090552447968
1949,8,16,0.5261195048144924,0.37744201872352134,0.31630268308120124,0.35979936477264335,0.3599705173403497,0.3943462214715674,0.573783733828344,0.3620086107179462,0.5847264740605483
1949,9,16,0.3302168903366146,0.22561836375669417,0.1777822854616211,0.31077060875539514,0.3376773513160519,0.4816596853025533,0.3670824919096244,0.353847824822359,0.7918439283095942
1949,10,16,0.14709880596213498,0.03662529324491229,0.060827028541814016,0.16607427308425782,0.21166024886408039,0.23526720718119332,0.2210998796528422,0.31627140784624597,0.5647180240748243
1949,11,16,0.06234840960856268,0.0608045716998912,0.0709270700151792,0.18385872589950608,0.172738873541275,0.2418880157151107,0.1484534104321525,0.20996980817683458,0.32134359229200005
1949,12,16,0.08333175966207879,0.0737107510702838,0.06940213318539139,0.0668742009432013,0.11671568463175161,0.1367006161224928,0.122875148930489,0.17809845542884173,0.19195223128770614
1950,1,16,0.0749298872381647,0.055354735668125196,0.08466787457068599,0.0707243372160765,0.05255004653129963,0.10835575384282217,0.10246449792787009,0.17007668644229929,0.11805107074882659
1950,2,15,0.0870256598977678,0.0580168531106093,0.06822575132801159,0.03647284596937421,0.06650685768692563,0.14960326997911366,0.0855342725400694,0.18038655134374315,0.16120211474461843
1950,3,16,0.0899943988939317,0.074802695943328,0.0679095747596242,0.1141954223157259,0.13288043165117552,0.24052995770949298,0.12202057932309399,0.22517554931967443,0.17089735809145332
1950,4,16,0.1547325803825658,0.077948421703786,0.06928468440008498,0.17695468569705874,0.13904159107294609,0.28030977045790106,0.17284747221408928,0.20212273237042322,0.4391451789274742
1950,5,16,0.33278357892498334,0.23744157394910112,0.20475720447876802,0.3460659447927787,0.2779576789445273,0.40437291153811195,0.3810894928366557,0.30091139411107604,0.4522408174353325
1950,6,16,0.6291149599966696,0.4111704936291263,0.4385350849233318,0.5776289166332699,0.3768803392494675,0.5109809152421,0.5617395113553812,0.39200861071794624,0.7551776572110604
1950,7,16,0.6483333975141955,0.3937032502111676,0.43940665761048514,0.7698486349945478,0.4800546267004687,0.5591171232190615,0.7316775509022238,0.45542535361159253,0.8896090552447968
1950,8,16,0.48917169379859227,0.3252078203240253,0.3155082670306921,0.6507328911625538,0.4324055237699047,0.6656532126788219,0.5039694018201746,0.373847824822359,0.7921178444625654
1950,9,16,0.33185763089485576,0.22749704004464452,0.20257103694824705,0.2442741802522062,0.23954899659715703,0.33807727220585193,0.3582230427711519,0.2809352156913074,0.7035830145800147
1950,10,16,0.12614116620299737,0.04570859974134839,0.041224942606479464,0.12284534885630556,0.1395608446943201,0.25112895659862067,0.1893050879471145,0.26175551707066735,0.5187751775457055
1950,11,16,0.090275711930322,0.0622442381950793,0.0856305427466183,0.06676797613383668,0.08196741825816992,0.14966330358378022,0.15873127823101768,0.22212273237042318,0.35912757734684564
1950,12,16,0.0748758815668339,0.072192736712067,0.06655336565687099,0.020406086128805775,0.0773100313069055,0.0757492849485662,0.062125469104692396,0.18326176314851578,0.2312696624513256
1951,1,16,0.0778576478063948,0.072192736712067,0.0797417229294601,0.0363218861313855,0.06625627093781752,0.09050844999391824,0.08335738555008529,0.1565424517404001,0.10611640165415312
1951,2,15,0.0955271638396933,0.0760072248967567,0.07727943093192649,0.06262427458095661,0.03817253029405662,0.1716234526782079,0.08803244488544999,0.1364187040213345,0.17196860798453492
1951,3,16,0.0992828322914401,0.0714035133864422,0.07280501902988659,0.10594995963701799,0.10561756138095851,0.12227234844910018,0.07968259852419479,0.1843756165470239,0.2544215192222179
1951,4,16,0.1229812253089571,0.0810793388328499,0.06807892550543099,0.1527436660414802,0.146897138293017,0.23011789898779267,0.284485654812371,0.22541362023741884,0.4138569373366583
1951,5,16,0.3228850955289098,0.17709874316952604,0.18474803953218924,0.33569337711735964,0.22553293776150793,0.34931973400156824,0.49855740527197134,0.21670041914778093,0.4150725119720252
1951,6,16,0.5916334199232962,0.3371432335848007,0.3572421003017693,0.37525490723776006,0.29732286341885095,0.41325304538748153,0.7520278567404739,0.2955178053487164,0.7623206479137491
1951,7,16,0.6991404743822215,0.3084186295708502,0.48339892085524516,0.4576289166332698,0.34322107997019125,0.43207452824183834,0.7682113673604944,0.3970000180615868,0.8426886118601536
1951,8,16,0.5692564716214809,0.24055339575802973,0.31375477384776496,0.4694710804734146,0.44114780278455457,0.5669435364625008,0.6142568217085758,0.316154694621663,0.9116015486215249
1951,9,16,0.26991810519789394,0.16082936578076287,0.2556690514981258,0.2673643583430883,0.3005626972358951,0.40317448155305435,0.41822304277115196,0.2795892186853459,0.7218439283095941
1951,10,16,0.16051762129198638,0.06106649878930748,0.06954578870800329,0.23860073079600969,0.2090724044943685,0.2993197340015682,0.18992164502886547,0.2917224316660947,0.351172450026905
1951,11,16,0.08376146137012631,0.0516496620978179,0.07039008742122879,0.07619780475519981,0.12880396375246111,0.20260378396593032,0.1324261055850717,0.18929319151911872,0.2847313841236617
1951,12,16,0.08333175966207879,0.0506687353532124,0.06313135318658118,0.06000045317853982,0.13982955906780964,0.19720231641858288,0.029682598524194775,0.15437561654702392,0.17582019464716842
1952,1,16,0.0811274764906768,0.0715389718708615,0.07818794335108879,0.04585840745913679,0.12260483934402672,0.06775548931874559,0.049969723444537595,0.17699875951208138,0.05411577734572742
1952,2,15,0.069602539660889,0.0735926497810081,0.0712421893961408,0.06483714837655781,0.09457344732856163,0.14373437666695948,0.07610733151877849,0.14023204683326185,0.05461193564313552
1952,3,16,0.09080582925737929,0.0572251283869067,0.07908242581594249,0.1748371483765578,0.1332170769494149,0.19089101199130737,0.13926489172194068,0.16261117257037477,0.1876065959284344
1952,4,16,0.14781406555532,0.0897494132508919,0.07364096392690317,0.24500415344151305,0.1701867358165173,0.36457843557674496,0.23106678977243666,0.1925993244732117,0.3300052158055069
1952,5,16,0.3136042373938561,0.1774869143998755,0.13628743314759287,0.3638972705003156,0.23733622346768848,0.4169757080579445,0.46497359299110297,0.23993066712552225,0.4885696535070725
1952,6,16,0.5828069047354589,0.34219833150768697,0.3539286736856915,0.4985416437872933,0.2923037723624651,0.44405787608647473,0.5908561168219609,0.36249098745607666,0.6939558162195403
1952,7,16,0.6383333975141955,0.48513775003651927,0.4802739954162216,0.4916002289682902,0.37256817059128544,0.5030499095753376,0.5211151295864506,0.48592278833210856,0.7198499546477825
1952,8,16,0.4107167815797885,0.23135420854809577,0.3338501040057573,0.32736990386878023,0.32377728937093164,0.35975907425057985,0.582027856740474,0.3611685554370795,0.613313865188022
1952,9,16,0.20267674547755044,0.12110345475184878,0.22208288282424535,0.23040027074109354,0.2371113517708883,0.21505562843619208,0.3653195103843476,0.2878959846554139,0.697449787356442
1952,10,16,0.12026178601296879,0.037500840317228695,0.0563011121887482,0.16192962269619365,0.1376925933042946,0.16416759625677513,0.24171084599188666,0.3136130251119498,0.6124338152184532
1952,11,16,0.0662500622178102,0.0752771366828718,0.0868252534222702,0.10722340007054833,0.09749434635804352,0.10038013764421994,0.17555672410301448,0.23476413947095937,0.33292809841748117
1952,12,16,0.07799045192934649,0.0644099450683809,0.0769288929284111,0.055177198820837395,0.08998204829164252,0.08307157096384249,0.1012921342967394,0.1932701535729775,0.20536608308295573
1953,1,16,0.0808154232337706,0.0638315436564605,0.072783507195731,0.1072460839002629,0.1387212409981798,0.11240522477844789,0.0755342725400694,0.15843459592384748,0.06611640165415311
1953,2,15,0.0811859053281094,0.0764450255229377,0.06784984720229709,0.12762191739630968,0.11126954413300091,0.11744297345472038,0.0634862129531807,0.14323706369257194,0.06994602691752669
1953,3,16,0.09080582925737929,0.0602902773677023,0.0648352325545909,0.21277810905053152,0.2098731522768297,0.32650452185504186,0.08743664938003912,0.23173992490415263,0.28179695089726986
1953,4,16,0.12144605355300951,0.09809315343020711,0.08825135377742968,0.1960742730842578,0.19047390596495664,0.31556171104837694,0.22806177291312657,0.21989796387338756,0.39877517754570546
1953,5,16,0.26839323536978743,0.217894932554371,0.1462232843793432,0.3514873800379223,0.272644561494533,0.408044075466372,0.4538864836942743,0.28326043577414795,0.46061624062616446
1953,6,16,0.5608821152271813,0.39579691467553946,0.3660436703167116,0.8038752258629803,0.5247081272727899,0.7554123132758362,0.712027856740474,0.22365937282043302,0.6168358202359953
1953,7,16,0.6684819085149912,0.3974451262633336,0.5615860666917731,0.5996661143836027,0.37246747747266173,0.5754706920678767,0.5782113673604944,0.34700001806158676,0.8610001795988691
1953,8,16,0.449372380671776,0.3234080332536686,0.34260649825996137,0.2924981215627596,0.25788488781525265,0.49304990957533756,0.48085611682196094,0.3532854035065859,0.7826886118601537
1953,9,16,0.27497320312078033,0.15082936578076286,0.192915243448003,0.34340911637631394,0.28153827972488654,0.353408526585106,0.5242855584845993,0.3461396757403099,0.7104845085202285
1953,10,16,0.11534194368825508,0.0573347350146467,0.0482513537774297,0.24646624549710722,0.1979576789445273,0.32684850995873904,0.2018592319372781,0.24160581847551033,0.4994639491501538
1953,11,16,0.0781150400667418,0.0758008367835573,0.069572097089613,0.1609994418591903,0.13360560085645165,0.2758429801815458,0.1654620497465474,0.1356948893705877,0.2907635368012531
1953,12,16,0.0643921995451669,0.0652003888893692,0.07487693595860949,0.10646777076482612,0.10689713829301703,0.2348586675510932,0.0704477925045189,0.15715824624141578,0.15793111863592002
1954,1,16,0.0844212446045142,0.063364301581911,0.07727943093192649,0.0912007950913838,0.10672061668975413,0.10379982781133973,0.1021254691046924,0.18650910538252669,0.0676257199681124
1954,2,15,0.0941903833753808,0.0697569145708733,0.0689489920767187,0.096135157684594,0.061827638743186225,0.10267877862747538,0.11044779250451889,0.1365091053825267,0.1104173668152775
1954,3,16,0.0999048910485186,0.0677833202979476,0.0724231915149239,0.14264391222560346,0.14936166763360692,0.1896633035837802,0.14300879382162368,0.181008006820582,0.22551529042200955
1954,4,16,0.155009330608023,0.0894700249447753,0.07453217390706818,0.2038587258995061,0.13937434579523952,0.25056541560039586,0.30109148922838047,0.18457124588524337,0.26368399617594174
1954,5,16,0.2906698041674643,0.16112936094770772,0.1478000241415424,0.43223949778209786,0.2964087315513828,0.5122404347628008,0.437395618954735,0.21490753762523396,0.6273656779963229
1954,6,16,0.5287354913988294,0.36689864684175433,0.5126282630142371,0.33048318886699385,0.26601527537357517,0.43360805512913914,0.4733475314285811,0.3117262208149134,0.7658564272715138
1954,7,16,0.6486430396617054,0.4229338018930964,0.5281448469213459,0.45317939410116953,0.27944065958002196,0.5169435364625008,0.5755881812287094,0.36172622081491346,0.6926886118601536
1954,8,16,0.7088624323365352,0.3301268733426572,0.4587613188329893,0.360498207748347,0.32193909677566446,0.4395087890315448,0.49252466167936426,0.29545585164595933,0.7311402784314613
1954,9,16,0.3036110027414003,0.18789493255437098,0.17795736544476812,0.19856833385383782,0.2179305379116079,0.2931054497510831,0.308223042771152,0.33310495457652345,0.7239340514652646
1954,10,16,0.13396060723046227,0.058075138103702406,0.05894803910184557,0.08682941850834826,0.1309791779813587,0.18960715023839558,0.23833016874202398,0.2707276791921066,0.46380389220735607
1954,11,16,0.0630023900342895,0.056181341148299604,0.0774941953339896,0.10918711277649258,0.0993616676336069,0.1710157188881976,0.0992648917219407,0.20755328850758753,0.3090554095200537
1954,12,16,0.0808064184533429,0.0748291206397356,0.06599156989268569,0.08810741713293398,0.1339937720868011,0.1785712458835303,0.10638979893588679,0.17635643104408377,0.22434483277991862
1955,1,16,0.0628089129303093,0.0655927266392538,0.062090521615672085,0.0833707236344396,0.11159277645936402,0.10256008632061969,0.064612588240652,0.19478274456692696,0.1285356860231479
1955,2,15,0.0820821364747468,0.05739536822896,0.07624911405360119,0.085245065277837,0.09260813215067171,0.07153925505114977,0.08199012948895909,0.1800766864422993,0.1553660830829557
1955,3,16,0.0854725991522744,0.0767668575571897,0.0778498472022971,0.1822933484364329,0.12650685768692563,0.14858268673480557,0.1314774924954284,0.20478274456692697,0.19333703469044963
1955,4,16,0.14124445041045558,0.07507758628502509,0.0776136590798224,0.12792979898268542,0.11982955906780965,0.20760020892830938,0.2393050879471145,0.22458860760094124,0.5140122422587154
1955,5,16,0.31422569287069496,0.2352533028066026,0.17141743248941158,0.24646624549710722,0.18166024886408041,0.26526720718119334,0.48700136927047477,0.296700419147781,0.42795785789186835
1955,6,16,0.609372380671776,0.39833879909243364,0.4051096235264582,0.4276039489008319,0.30138001688973215,0.42317448155305426,0.6709346806563881,0.32073749427314957,0.6739558162195404
1955,7,16,0.6914184127627913,0.383463659653424,0.6501279241726909,0.6794710804734145,0.4953654059971285,0.6960708791430665,0.6311151295864506,0.29061803084181903,0.8407342108157884
1955,8,16,0.3862440767922092,0.3234080332536686,0.4063026830812013,0.5155120685637636,0.4600546267004687,0.5956532126788219,0.6186625505110066,0.3008328244311419,0.8103836183512865
1955,9,16,0.2613066684886476,0.16902608007458234,0.18760588717555668,0.24402757203232156,0.22734298881523254,0.3631744815530543,0.404973592991103,0.2909352156913074,0.7304845085202285
1955,10,16,0.13390423256080097,0.08098658975703302,0.05216616368469354,0.07292677876424665,0.15394843163602676,0.1361559683586433,0.264485654812371,0.3025993244732117,0.5994639491501539
1955,11,16,0.0938595097309264,0.0465696889794271,0.07209052161567209,0.118049751095592,0.13457344732856164,0.1985482437257543,0.1634848932999461,0.1771582462414158,0.31872044932694255
1955,12,16,0.08289111253835629,0.0535926497810081,0.0731087831056448,0.1569800113422623,0.11563925185378382,0.0883764583138546,0.0873382153061445,0.2004173247894378,0.1093005366717332
1956,1,16,0.0858309492221159,0.0442106362842369,0.0660835111063004,0.07994388753403829,0.0831321509318379,0.0748668916751021,0.094057640778576,0.1964187040213345,0.1130127220369318
1956,2,15,0.0837366147712175,0.0678052164762168,0.054220838129016596,0.125245065277837,0.08788886833438982,0.09580325803103948,0.106405647352193,0.1418542916285158,0.13675682828958022
1956,3,16,0.1100585893048353,0.0795205932471303,0.06342278714721108,0.15957758732949828,0.12515733515580943,0.20714685032303948,0.14768104861155879,0.17066064031482908,0.1855152904220095
1956,4,16,0.1455522650989985,0.095579369107587,0.09630111218874818,0.19646777076482613,0.148340836364137,0.22491223028191748,0.25734493885268683,0.19966740947879685,0.38471802407482425
1956,5,16,0.29037593229152875,0.1553985183288343,0.13967320830712168,0.3735151563172941,0.2666170816027422,0.44074056414971363,0.393490109105453,0.2834452000714659,0.6950823270530682
1956,6,16,0.5271274713256296,0.3703734815625419,0.4185350849233318,0.4451763375578259,0.3448456567793592,0.3818743116258715,0.5248320379061786,0.30326043577414796,0.840298840528398
1956,7,16,0.6698730328690635,0.4760613129043598,0.620331840127863,0.7200875523850581,0.4049254872577758,0.5313166462480376,0.6426760931429754,0.3546949355994996,0.7495059019811648
1956,8,16,0.36873549139882944,0.32908275928176245,0.34260649825996137,0.3474484677032074,0.29855549059945563,0.34405787608647476,0.5395559468947781,0.3461396757403099,0.7455133882169982
1956,9,16,0.27887806907570123,0.20648498139742236,0.233998145362278,0.34340911637631394,0.31153827972488657,0.356419498657204,0.4425947319668704,0.2839097852755166,0.7018439283095941
1956,10,16,0.13142534908197712,0.0616798790368156,0.0635109148244892,0.1429267787642466,0.14745011478610462,0.20450862152163107,0.23185923193727806,0.26259932447321166,0.5494639491501538
1956,11,16,0.0887453455203336,0.0497477687570059,0.0732199983802007,0.1339006986896643,0.06985224289752423,0.1368316321020569,0.12696044963831438,0.19604216696040266,0.4007635368012531
1956,12,16,0.0928911125383563,0.0568128429271436,0.07563054274661829,0.025778678768759986,0.044899507433694225,0.14038013764421997,0.08335738555008529,0.13899220191053097,0.2393625789141432
1957,1,16,0.0883542407206803,0.0658386944169015,0.06635609471276879,0.13041604716204291,0.12218374632675963,0.16089101199130734,0.07541786928713098,0.13655252531153472,0.14040740578204042
1957,2,15,0.08162839132449409,0.06543319449185431,0.078564582304121,0.02390069868966431,0.08744330737381914,0.10227234844910021,0.0626024919590982,0.16100800682058197,0.19419764650460622
1957,3,16,0.0783542407206803,0.0795205932471303,0.06531049705062789,0.18796599993406793,0.1220113180547609,0.19004212466610176,0.172020579323094,0.16016167964694294,0.16758189647249058
1957,4,16,0.15092227705937272,0.0835074498954245,0.09604965574231258,0.23472538002521887,0.1603948098729179,0.2549484369585136,0.268330168742024,0.19494008587015266,0.41914517892747416
1957,5,16,0.27798182552107237,0.18253473338602047,0.1754729727295876,0.23359627895644358,0.192991839084348,0.3019036078816254,0.42241833368080595,0.24098086578766253,0.4760672644460133
1957,6,16,0.5239551803232625,0.3411704936291263,0.47692706485013203,0.38643585707852673,0.293284491968251,0.36840293981467764,0.6674407095194864,0.28749909552967545,0.549862638128635
1957,7,16,0.618961725308487,0.34869766344073916,0.6386620258610376,0.6293387553665527,0.4788761095548255,0.535892130069332,0.6303207135359414,0.31700001806158673,0.8311402784314613
1957,8,16,0.6491404743822214,0.33727043168400606,0.44630268308120125,0.29049820774834695,0.32487885351883905,0.38781251998802646,0.40580554121369516,0.29749909552967546,0.7347264740605484
1957,9,16,0.27361100274140027,0.14515339117715478,0.19514001194503858,0.1769952850501944,0.206202437953705,0.2835932908824239,0.3788105918675273,0.3092381818000961,0.7099633312472589
1957,10,16,0.14709880596213498,0.08010157991394301,0.09168516883162858,0.10910765259764339,0.14336837614527984,0.2197018481845897,0.21833016874202396,0.2732597667567911,0.4086248561009379
1957,11,16,0.060275711930321996,0.056181341148299604,0.0862841579833816,0.1288837380542488,0.1345790289986011,0.18080873112578716,0.1296012949540992,0.174019505445817,0.2513990583875434
1957,12,16,0.07306514898079561,0.0760072248967567,0.07765724133089719,0.08724608390026291,0.14655659542411972,0.13402921072298007,0.0471363248937369,0.17471057674013507,0.1167568282895802
1958,1,16,0.0617777589061351,0.0725017993000734,0.0732541292644523,0.0907243372160765,0.07749344744395864,0.08707292048236509,0.0921254691046924,0.17117045764209093,0.05257320028281512
1958,2,15,0.0733992521459266,0.0762670337314099,0.05939692404778299,0.0651771988208374,0.09907900496663552,0.043854328779866086,0.068373501399878,0.18038655134374315,0.1402755923071488
1958,3,16,0.0834204048556983,0.086966039576643,0.074431350165029,0.1630114023836972,0.1432170769494149,0.09744297345472036,0.1593446204123175,0.1898940338551437,0.2152124608571581
1958,4,16,0.12649857323830677,0.10306088086167389,0.07356105489462869,0.20758057681925596,0.1398731522768297,0.2518880157151107,0.24185923193727807,0.19635643104408373,0.26606726444601325
1958,5,16,0.3227297906068527,0.1871263557281185,0.1762874331475929,0.2989321207276252,0.1976103124387744,0.30763787511544105,0.45881059186752726,0.25393586452307926,0.5034104360295485
1958,6,16,0.721561465130348,0.3351523860835425,0.3872421003017693,0.5118426086563596,0.34960144404745574,0.4676471863406336,0.5657589074747584,0.29302639074209624,0.6339340514652646
1958,7,16,0.7817864731672707,0.3454322390887389,0.5901279241726909,0.5202407870732406,0.3670602534449553,0.4760453647575147,0.539756163510745,0.35700001806158677,0.7896090552447967
1958,8,16,0.5785402873070317,0.3046676351641735,0.316927064850132,0.4981913379490431,0.4349254872577758,0.4860453647575147,0.48532882160954016,0.3070000180615867,0.6847264740605483
1958,9,16,0.3323583139650541,0.21217357439459353,0.20760588717555659,0.37134271741318564,0.32328449196825104,0.44812390594478857,0.42700136927047483,0.26961098343962175,0.6827605666531018
1958,10,16,0.1508495687699848,0.0681698124601695,0.03761365907982239,0.18914385927423955,0.192991839084348,0.30340785756774913,0.2248284855919461,0.22175551707066732,0.5206796526242243
1958,11,16,0.0753576834147859,0.0809418489420627,0.088116800236952,0.1790540898668191,0.18166024886408041,0.2549484369585136,0.1158564904402073,0.15966740947879687,0.40088728452031874
1958,12,16,0.07333175966207879,0.0747573013527829,0.08727943093192649,0.14866338513573957,0.1275733564762331,0.10041519367417495,0.0896213706377747,0.17917517235429214,0.08676950645121281
1959,1,16,0.082734286480303,0.0629887867716345,0.0764164339599185,0.07619638557101409,0.12485506929463802,0.031754537321292076,0.07185438610923929,0.20478274456692697,0.06667941182880413
1959,2,15,0.08262359799042149,0.0778052164762168,0.06599156989268569,0.20138761308953979,0.20360560085645166,0.18022477725325742,0.067488491556788,0.15402950585741337,0.1380510707488266
1959,3,16,0.0978411649707855,0.059691315323422395,0.0828019835587919,0.22551397076877489,0.1703948098729179,0.29275926338133285,0.10111061326805848,0.19301304331120683,0.2301340341972483
1959,4,16,0.1314984475043856,0.0902275184211962,0.09604965574231258,0.2119296226961937,0.13475942109114394,0.3250881766811108,0.19869735415710418,0.18955375737363167,0.3838985901535502
1959,5,16,0.2656733792050852,0.2113104425142592,0.14001603908669683,0.37910851901368964,0.27152091800918876,0.4117539092864684,0.37728878550730216,0.23699920428650167,0.526996604703429
1959,6,16,0.5011935011839435,0.48346365965342397,0.5591719741962784,0.5251763375578259,0.3875421454627008,0.5026390782670348,0.44706790787996076,0.31545585164595935,0.7551776572110604
1959,7,16,0.6221867184582164,0.3525351583888624,0.5887613188329894,0.6196661143836028,0.4500546267004687,0.6053447478706433,0.5637270000264213,0.40519665705968533,0.703313865188022
1959,8,16,0.37531003000195573,0.31686991006573073,0.3978636466377261,0.3991898801897947,0.3999760628660415,0.5479211024936048,0.4595559468947781,0.32328540350658586,0.7495414898396038
1959,9,16,0.23749770937113224,0.18011022391581658,0.20792481719984943,0.3251292582391552,0.2913102028346183,0.3902586721319681,0.43697035399480577,0.32958921868534596,0.6321032879287632
1959,10,16,0.13321768605011303,0.0697494132508919,0.05462372608494939,0.23695468569705874,0.1853498250387415,0.2864829106552639,0.2703156314615289,0.2932597667567911,0.5392523704051526
1959,11,16,0.056798546073312695,0.0465253324628065,0.06219292115192499,0.0992992170184986,0.06907392976208745,0.2618880157151107,0.1442105501692572,0.18173992490415264,0.21013403419724827
1959,12,16,0.0778411649707855,0.0655125202848858,0.0718701531398049,0.1530114023836972,0.10465426313320503,0.2168040195434644,0.1026024919590982,0.18715824624141575,0.1766019667474084
1960,1,16,0.059597330523280596,0.0630406186273547,0.07512512379039359,0.1064472458608169,0.09458199579062804,0.09486689167510207,0.074670629334587,0.18402950585741334,0.07229466808966753
1960,2,15,0.0767985460733127,0.076719385808847,0.073492996868279,0.1041282171108605,0.11255004653129963,0.09153925505114979,0.09,0.14086762807723952,0.0738000119480742
1960,3,16,0.0974512648111251,0.0565253324628065,0.0639899768998832,0.18536476342972114,0.1117932717737539,0.24101571888819756,0.2238922990819865,0.1756948893705877,0.2542922989489903
1960,4,16,0.12384137040240079,0.09913239416685819,0.0776603839100341,0.24607427308425783,0.14394843163602675,0.3122708231813813,0.23772375993500838,0.1945886076009412,0.408835068945672
1960,5,16,0.29723719149593,0.23447232029443307,0.1914174324894116,0.4707993455314186,0.3313800168897322,0.456419498657204,0.4291795900705404,0.26302084521640434,0.501172450026905
1960,6,16,0.6338357168919321,0.4674420187235213,0.38349610776249743,0.5724981215627598,0.4232210799701912,0.5320745282418383,0.47281915073158387,0.30151159449159526,0.7368358202359953
1960,7,16,0.5621867184582163,0.3911803087101692,0.4719863119827188,0.6070579158539265,0.421796039187056,0.48740480665256425,0.6348297441414514,0.34390978527551663,0.9096674340368373
1960,8,16,0.38667765036829405,0.297270431684006,0.29375477384776494,0.45635212384463025,0.3524674774726617,0.4849944578740688,0.5095559468947781,0.3077584551488447,0.9096090552447968
1960,9,16,0.2341985518377756,0.1648184309840436,0.19235644297063856,0.27778871319814985,0.22867210379004002,0.3922404347628008,0.3214427511918144,0.27645165973411745,0.627449787356442
1960,10,16,0.11423893635315009,0.1040647929823155,0.06278081883345951,0.1613876130895398,0.17763621863463333,0.14463832697671153,0.2680617729131266,0.2690656032496299,0.5206796526242243
1960,11,16,0.0742466609891696,0.054181845098049006,0.0838768627051821,0.1225718806295805,0.13749434635804353,0.18052995770949298,0.12968259852419478,0.21436053071067296,0.22276798785249083
1960,12,16,0.0750356390300885,0.0754331944918543,0.0648769359586095,0.0576244003148778,0.12090445119942042,0.09777744768561386,0.06046622429544299,0.17248590538166425,0.16722471972378292
1961,1,16,0.066439673752869,0.0622785048523768,0.07408004260085999,0.04898661746210271,0.06928425117283082,0.08499169046076666,0.05260249195909819,0.16402950585741338,0.09411577734572743
1961,2,15,0.0751192765806404,0.0605343179680491,0.07188172999924919,0.056197804755199796,0.12517803962684182,0.181318548453049,0.04044779250451888,0.24041732478943778,0.1261164016541531
1961,3,16,0.08831720671244961,0.0816496620978179,0.053918831725768376,0.1564677707648261,0.15920680609143512,0.26053464215470123,0.06409713090533428,0.254019505445817,0.2838600455527407
1961,4,16,0.1062823215085178,0.0810793388328499,0.09168516883162858,0.21457555995994587,0.17680158131298723,0.2797139836858284,0.3141861571239485,0.287489784304483,0.39409384353256216
1961,5,16,0.3031874942269476,0.2103902806060914,0.1877278563147505,0.32946262949691923,0.22956084469432012,0.3755021910494778,0.4020869437491904,0.15605675761440962,0.564028891685556
1961,6,16,0.6225783842706997,0.36340803325366866,0.3197176987223964,0.4572453318910635,0.3739519839502593,0.4907661216527772,0.5841011339261106,0.3117262208149134,0.9068358202359953
1961,7,16,0.6408433251152666,0.33410218725745267,0.474185835011695,0.5119691521918378,0.3729036798724247,0.4813166462480376,0.5339844207015277,0.24961098343962174,0.989770186391511
1961,8,16,0.37570867350618975,0.27006878801058876,0.28375477384776493,0.32903844872618354,0.2748788535188391,0.4009809152421,0.4508561168219609,0.29766442917706837,0.8407342108157884
1961,9,16,0.2513066684886476,0.18613770380760739,0.20792481719984943,0.3349359864654395,0.28793053791160783,0.4431744815530543,0.3404290505530764,0.4920086107179462,0.7739558162195403
1961,10,16,0.14236657016019116,0.04460321784611408,0.0645321739070682,0.14532437891434663,0.18640873155138285,0.4066039232156927,0.21075320623274907,0.3069992042865016,0.5638985901535503
1961,11,16,0.10027571193032199,0.060918531730683304,0.07581997688363479,0.1642375469818277,0.13350219743548006,0.23730633705237386,0.135453501284481,0.17996980817683456,0.291343592292
1961,12,16,0.0905064027424651,0.049027359149131505,0.0803577854355433,0.09123543370431099,0.11212873986570432,0.08999999999999997,0.075335333346631,0.1843756165470239,0.1691884324297272
1962,1,16,0.0894456007488243,0.0656738176559333,0.0602008712861954,0.04907051648554951,0.10985224289752421,0.10844848990987754,0.05260249195909819,0.2124556931549722,0.10805107074882661
1962,2,15,0.0794456007488243,0.0700105946765589,0.0690824258159425,0.07556637129679529,0.10928425117283083,0.16162345267820788,0.042464497927870076,0.1269987595120814,0.0967692957870713
1962,3,16,0.0930054255053842,0.0756512861904159,0.06199065051836909,0.126135157684594,0.1555898839952165,0.10491645827771051,0.09760067064567352,0.09326176314851575,0.2147266996784535
1962,4,16,0.12112308322080569,0.06604318884437399,0.07987456153931519,0.173335715037215,0.16702635856624462,0.24971398368582842,0.2310914892283805,0.21436053071067296,0.3586020504492443
1962,5,16,0.22792826279024808,0.2052255590039467,0.15351772223677465,0.29471670442158965,0.24868959702809793,0.32763787511544107,0.49048149800337515,0.12808898243853462,0.4973100515965676
1962,6,16,0.5979126216496126,0.3552078203240253,0.34270133848025297,0.4299620115940242,0.31612131531455545,0.4106269189988402,0.6395559468947781,0.2756184984673402,0.7778047970980997
1962,7,16,0.5886430396617054,0.3911803087101692,0.6496726263935659,0.46496154396850303,0.3499070310640704,0.39781251998802647,0.6211151295864505,0.2908328244311419,0.8400888720382926
1962,8,16,0.4800131317016557,0.36204863291253,0.37001729763620217,0.3427592469998672,0.3011744928510992,0.38165968530255334,0.7254941552569331,0.45038164128062974,0.8303836183512865
1962,9,16,0.26494011771620773,0.18131044251425918,0.21110626201314994,0.231043932274465,0.2362024379537049,0.3031689360273624,0.4969703539948058,0.28302639074209623,0.6607719284086297
1962,10,16,0.1002164455621944,0.0757085997413484,0.0726242028747898,0.1889147590119274,0.23612484447823748,0.2527474152841698,0.21541583564937436,0.23670041914778095,0.4600052158055069
1962,11,16,0.08287645152703631,0.0740110320950152,0.0752729862872463,0.058883738054248805,0.09148989705151014,0.12593729222828776,0.1427076926991056,0.12604216696040266,0.2819309423494283
1962,12,16,0.0865009651680832,0.0577010951524489,0.08349299686827899,0.09123543370431099,0.11907900496663551,0.09516583694518266,0.10845341043215248,0.0854177473864392,0.20675682828958022
1963,1,16,0.06080641845334289,0.040401308653534404,0.07880557139427469,0.14199385211987142,0.15154605162915233,0.10175453732129208,0.07460643892368339,0.07054467423409819,0.13796731958730252
1963,2,15,0.07333175966207879,0.0612207598262539,0.07106897340339699,0.116135157684594,0.14458199579062803,0.07191965968519257,0.038373501399877996,0.027607398507787484,0.07810873678616856
1963,3,16,0.0930054255053842,0.0796317545149257,0.0740239844009081,0.188939892631891,0.16757335647623312,0.1846883157385229,0.16159363008611466,0.1343756165470239,0.2301340341972483
1963,4,16,0.11609757299397731,0.0791323941668582,0.06789524619385628,0.2127436660414802,0.1801867358165173,0.2922708231813813,0.24259809354661713,0.21443034476578682,0.2587053634905916
1963,5,16,0.3578062936510542,0.18286748810831388,0.16351772223677466,0.41643585707852676,0.3517146780109509,0.4580772722058519,0.5995521577459594,0.18670041914778102,0.32925237040515254
1963,6,16,0.5274158167107222,0.3912285595494909,0.37294794670013764,0.48508100739983356,0.30870518919461265,0.583433494317544,0.6860845750835842,0.2479758151338305,0.6890397683794182
1963,7,16,0.6286430396617054,0.46837199583191347,0.5681783487758616,0.5472453318910635,0.4078610662350214,0.4739959156333171,0.6911151295864505,0.40200861071794625,0.8496674340368373
1963,8,16,0.5061195048144925,0.3574420187235213,0.3768651043969744,0.4202407870732406,0.36256817059128554,0.5284918698911931,0.5655881812287094,0.23345996431818106,0.833313865188022
1963,9,16,0.29359087734501865,0.19648498139742235,0.18235644297063855,0.2293329377784032,0.2555896169686881,0.35657518643966923,0.3873834834534964,0.2855178053487164,0.6648236609678007
1963,10,16,0.0915180851490325,0.05372121870664538,0.08678118358086537,0.15401092260548083,0.16733622346768848,0.2627474152841698,0.1477237599350084,0.19605675761440955,0.43183461708440163
1963,11,16,0.0874512648111251,0.0445253804490278,0.06404625451367199,0.08675550863634558,0.11424455476770759,0.1534182443839356,0.0883744003139629,0.3109808657876626,0.23076353680125308
1963,12,16,0.0683542407206803,0.071362424282801,0.0754923753818267,0.12804975109559197,0.14288043165117553,0.17683163210205688,0.07866341177401809,0.0845402249275648,0.20536608308295573
1964,1,16,0.0765565011882664,0.0748291206397356,0.07253388000480539,0.1721532620938826,0.19039480987291788,0.18038013764421995,0.04846625047569489,0.08650910538252671,0.1855676909500299
1964,2,15,0.0773695875864841,0.076719385808847,0.066702025327417,0.0905927903711523,0.08907900496663551,0.1651037947027727,0.0715144718326663,0.1585832656375626,0.09126966245132559
1964,3,16,0.0912154436515903,0.074802695943328,0.07859734473646318,0.1657346773668757,0.10655659542411974,0.24224000975995885,0.1776006706456735,0.11578920141732968,0.1790554095200537
1964,4,16,0.0951960590548145,0.1044128820542403,0.08385096526876878,0.17912625769361096,0.14053595797994675,0.32989710156360164,0.3273449388526868,0.21443034476578682,0.3289334403808598
1964,5,16,0.2849484460076868,0.2003902806060914,0.16351772223677466,0.3247368298179712,0.22646177668068504,0.456419498657204,0.44955215774595936,0.27645165973411745,0.46760459953670963
1964,6,16,0.49873549139882944,0.4051080020610154,0.30724210030176935,0.374822341314566,0.28734298881523257,0.4040578760864747,0.6593413205714599,0.3824909874560767,0.6527605666531018
1964,7,16,0.5521867184582164,0.5368699100657308,0.6325489923109116,0.4811389587782267,0.3199760628660415,0.43076612165277717,0.6448297441414514,0.47550512186786376,0.6639932416425058
1964,8,16,0.4028286694897347,0.3395084176866495,0.4023779777952021,0.2739544965663057,0.2766337310295828,0.3779065459598028,0.4955881812287093,0.2808328244311419,0.6807342108157884
1964,9,16,0.2527714434237446,0.21802892400652937,0.22477279664528269,0.1904002707410936,0.2271113517708883,0.2671472950974597,0.363490109105453,0.30073749427314955,0.6150823270530681
1964,10,16,0.08863543343655218,0.06010157991394301,0.0345321739070682,0.21870404383735692,0.21996271543515214,0.23648291065526383,0.21159363008611468,0.1809808657876626,0.6147180240748242
1964,11,16,0.08287645152703631,0.0619441422351559,0.07226578046101809,0.16994470726429212,0.1372167749871622,0.19452370735798202,0.0738922990819865,0.22134986399067563,0.37013403419724833
1964,12,16,0.08547339276274389,0.0731460701893906,0.07999999999999999,0.1000004531785398,0.10517803962684183,0.1377774476856139,0.08968259852419477,0.15327015357297746,0.2295789069827329
1965,1,16,0.082406626128019,0.07283679288270441,0.0681879433510888,0.0649671974789718,0.0849764364842879,0.11257255381811077,0.08199012948895909,0.20858326563756263,0.0647051919628788
1965,2,15,0.08298391367122859,0.0765354861195106,0.0681879433510888,0.1741963268513716,0.15260483934402672,0.1885826867348056,0.0955567241030145,0.0521242576381421,0.11619912440843441
1965,3,16,0.06415688226055749,0.076231106256679,0.0732199983802007,0.1119672883313003,0.1502305593121391,0.1700421246661018,0.1357795613896136,0.13840015291479618,0.2508973580914533
1965,4,16,0.12793648691425702,0.0992187421582832,0.10720813281784469,0.23682941850834827,0.1608307920359673,0.3455617110483769,0.2710667897724367,0.12850183572962148,0.3095203820995931
1965,5,16,0.27495761095426563,0.20094325709917896,0.18007150518224022,0.31646624549710717,0.2178173002011848,0.387637875115441,0.5307949448965137,0.15490753762523402,0.4834104360295485
1965,6,16,0.5362440767922092,0.3408361311283069,0.3005070638790984,0.4578034774448651,0.34161485974794104,0.5326390782670348,0.7174407095194865,0.3017262208149134,0.8158564272715139
1965,7,16,0.5285402873070316,0.4260613129043599,0.5684426331862078,0.46762891663326983,0.36657564569751444,0.4043462214715674,0.6659843345159404,0.23345996431818106,0.7221178444625653
1965,8,16,0.439372380671776,0.3411704936291263,0.3450258902925616,0.2797993647726434,0.2965756456975144,0.37975907425057986,0.4962454599530479,0.19958921868534596,0.6691911998430293
1965,9,16,0.30359087734501866,0.1750140603222631,0.18257103694824703,0.2173008720668091,0.24734298881523256,0.3881239059447886,0.3914427511918145,0.16295735894012509,0.6325996817836381
1965,10,16,0.10014251572151998,0.05604318884437401,0.05825135377742971,0.2300384024972717,0.23594187403447633,0.28823707324949266,0.20992164502886548,0.18039331669128722,0.36473814947120586
1965,11,16,0.09649609031973869,0.0812207598262539,0.08601760098654249,0.1100004531785398,0.10457344732856164,0.09665719619348478,0.14389229908198647,0.18635643104408378,0.23607559273749243
1965,12,16,0.08333175966207879,0.0720677550395107,0.07373427740942419,0.021849120393450314,0.08319894936841363,0.00975501411113247,0.11348621295318069,0.24173992490415264,0.22195223128770614
1966,1,16,0.0707677463958448,0.0723221387937192,0.0745186073727516,0.1403284425339732,0.10563925185378382,0.07137094898106938,0.1142105501692572,0.10147536186724981,0.12195223128770613
1966,2,15,0.08,0.0722353717359391,0.08136879972097699,0.1260017086434049,0.11877018884430032,0.015327158552717046,0.1314774924954284,0.2930130433112068,0.026469090418060698
1966,3,16,0.0911859053281094,0.047122517593410296,0.07226578046101809,0.14199385211987142,0.14255004653129963,0.15004212466610178,0.17306380028267898,0.1465424517404001,0.16134359229200004
1966,4,16,0.10887614607683939,0.0902275184211962,0.0874805701656374,0.16277810905053147,0.13694967212394532,0.16669054255135818,0.24171084599188666,0.23566038302558823,0.37646756515034185
1966,5,16,0.26318749422694754,0.22749704004464452,0.2477814190455748,0.2836826765227071,0.2473362234676885,0.36697570805794444,0.4170824919096243,0.24059247333875555,0.6350725119720252
1966,6,16,0.579372380671776,0.43055339575802964,0.42946893930873287,0.6347251544073138,0.44088553664702457,0.7065374688468279,0.5695559468947781,0.3359540077484793,0.7968358202359953
1966,7,16,0.6391404743822214,0.4001268733426572,0.5626656884372027,0.5594592245907665,0.4030893478642552,0.5184918698911931,0.6055881812287094,0.19958921868534596,0.7826886118601537
1966,8,16,0.4328069047354589,0.29958344235196077,0.35550826703069216,0.347803477444865,0.3265756456975144,0.4393720638644105,0.5512896903980458,0.19172622081491342,0.6521178444625654
1966,9,16,0.2778828736741087,0.1888429673518159,0.23778228546162103,0.20424147700007161,0.25152091800918874,0.288044075466372,0.4648289303663663,0.3139097852755166,0.5564371767317613
1966,10,16,0.12534194368825508,0.056101274463746076,0.07278081883345949,0.13761366669966146,0.19021143527246112,0.19450862152163106,0.2248284855919461,0.3601105813210099,0.3336839961759418
1966,11,16,0.09005858930483529,0.0697569145708733,0.0915604023279453,0.0950864343070333,0.1239937720868011,0.1665667948322926,0.1883233613297385,0.118992201910531,0.35912757734684564
1966,12,16,0.089416040171812,0.0558386944169015,0.07398997689988318,0.168049751095592,0.1060985562340235,0.16777744768561387,0.1257979453578611,0.188992201910531,0.1766019667474084
1967,1,16,0.08879775121196079,0.0728868799949772,0.069396924047783,0.0792408671433128,0.10111007553303972,0.08385432877986607,0.094057640778576,0.15478274456692698,0.15120211474461842
1967,2,15,0.0784327533000988,0.076719385808847,0.0652336489129915,0.09611508200091849,0.10672061668975413,0.18359322855993065,0.0827270800964935,0.17245569315497222,0.15911320024667103
1967,3,16,0.0910513130800885,0.0634431358489468,0.0732199983802007,0.11102705441778284,0.12345877750647202,0.24619025777136072,0.09202057932309399,0.22996980817683454,0.24089735809145332
1967,4,16,0.11307049977480059,0.0790830263082909,0.08672351754352339,0.16076221714801847,0.1471817189572072,0.24981550028975497,0.2526124706467917,0.1430130433112068,0.37504057603653485
1967,5,16,0.35288509552890984,0.21648498139742237,0.2033991464731503,0.3569428375998957,0.24736699691338312,0.3692887187258992,0.5948289303663663,0.19682761724698639,0.46341043602954857
1967,6,16,0.6207167815797885,0.40037348156254193,0.48692706485013204,0.5518426086563596,0.3736500912717263,0.4856039424569175,0.6160845750835842,0.23561849846734018,0.7502988405283979
1967,7,16,0.5515614651303481,0.4559606197857361,0.7957723530988383,0.5121165248093308,0.36788488781525264,0.5305297320915878,0.4897561635107449,0.46550512186786375,0.8794724001266492
1967,8,16,0.40163341992329615,0.31908275928176244,0.35647724389279645,0.2472453318910635,0.3424674774726617,0.4683026992470338,0.45281915073158385,0.286154694621663,0.8021178444625653
1967,9,16,0.21277144342374466,0.2388429673518159,0.22291524344800304,0.254454094447694,0.26020943888073633,0.39317448155305434,0.42712291759898346,0.23825484900371952,0.6782546180554352
1967,10,16,0.09806128569992158,0.0810664987893075,0.10704678543202875,0.05910765259764335,0.1773315390224802,0.18526720718119327,0.12790641252216403,0.3664516597341174,0.33363802429903733
1967,11,16,0.0668396645954088,0.076374526939123,0.06007530545482438,0.0913977387343088,0.11400389773157013,0.25011789898779263,0.14110813034949038,0.2095121045567397,0.1790554095200537
1967,12,16,0.0821910569938667,0.0738929666999573,0.0663728764272078,0.11017639034142919,0.11445527939071162,0.1001480908109581,0.06473465845191509,0.1311704576420909,0.1019767154997904
1968,1,16,0.0787977512119608,0.0635926497810081,0.06856458230412099,0.1446856300898331,0.11660843760086863,0.09580503086281389,0.058235233652460396,0.1332617631485158,0.06237159714026119
1968,2,15,0.0688189509981992,0.061362424282801004,0.0667241590882213,0.06488728844669732,0.09458199579062804,0.10240522477844788,0.0457979453578611,0.1885832656375626,0.1141976465046062
1968,3,16,0.0868396645954088,0.059691315323422395,0.08214800313306508,0.10957758732949831,0.1651573351558094,0.1996633035837802,0.030164305128750207,0.19361986601414172,0.18139905838754342
1968,4,16,0.11839675379187199,0.09277739348590522,0.11440844381480708,0.2629267787642466,0.1976925933042946,0.3255617110483769,0.2543822513913994,0.2295537573736316,0.40359759860967825
1968,5,16,0.3377079222158664,0.23943501634755068,0.1914174324894116,0.2673565564378908,0.2178173002011848,0.32491309669796375,0.4795521577459594,0.17490753762523403,0.41610034985058597
1968,6,16,0.5957086735061897,0.38122855954949086,0.3646230980501257,0.4521019682755287,0.36609030003888643,0.6049944578740688,0.833783733828344,0.24310495457652337,0.7168358202359953
1968,7,16,0.8127493987864092,0.511378030128327,0.6412180062872936,0.6237042113472707,0.42990703106407036,0.5430499095753376,0.716798758487968,0.27922397305345237,0.8794724001266492
1968,8,16,0.5040505104812549,0.3610352877757752,0.3191569553149253,0.3239327318120299,0.3668803392494675,0.4407661216527772,0.5314890989002977,0.15390978527551658,0.7821178444625654
1968,9,16,0.27494011771620763,0.19854126986586149,0.17703678502043238,0.2535151563172941,0.27764541538056153,0.3710594849220341,0.4091795900705404,0.19209234395184271,0.7304845085202285
1968,10,16,0.11863543343655221,0.09794842170378601,0.08773608043875941,0.09646777076482611,0.14424960736581874,0.16971398368582846,0.1771449749978068,0.2734452000714659,0.4486020504492444
1968,11,16,0.0700585893048353,0.0625506586527979,0.09934132269478539,0.11163839577044628,0.1042496073658187,0.05960326997911369,0.2196012949540992,0.18480034614755553,0.21076353680125312
1968,12,16,0.08598126196155009,0.0642763323401296,0.08559685991393229,0.1572669932795684,0.17769259330429457,0.11083463732164611,0.16,0.13050044266215927,0.05163971542368087
1969,1,16,0.0830651489807956,0.053955083716430596,0.08172021080777869,0.15123543370431097,0.09880254456827542,0.17257255381811076,0.1234097912417125,0.15327015357297746,0.16611640165415312
1969,2,15,0.079602539660889,0.0726899237461073,0.07957729668367919,0.1230330928565225,0.07467667014709511,0.06975501411113247,0.12750521100919338,0.09762935687465579,0.2279673195873025
1969,3,16,0.07874534552033359,0.0790730367828222,0.07365910325542879,0.1561150820009185,0.1449764364842879,0.13946333972890018,0.1876825398045523,0.15437561654702392,0.17038699974032126
1969,4,16,0.1280612856999216,0.0953401684536485,0.08252576880089518,0.17837301898409735,0.1619053760157599,0.2931611341221649,0.3042484301011992,0.16672153668857626,0.32450651242686157
1969,5,16,0.3427835789249833,0.2136798781295917,0.19772785631475046,0.358704043837357,0.23176016049352824,0.40311330962760705,0.4459187085183993,0.26302084521640434,0.34341043602954846
1969,6,16,0.6274158167107222,0.36950841768664955,0.352701338480253,0.7276289166332699,0.4503948721954112,0.7479211024936049,0.7455881812287093,0.15011058132100996,0.6521032879287633
1969,7,16,0.5515614651303481,0.4559606197857361,0.725731682301858,0.6596661143836027,0.3976871663970949,0.6158921300693321,0.5489982815169442,0.3611685554370795,0.7098499546477824
1969,8,16,0.31647812182426094,0.37346920517911586,0.3663026830812013,0.680087552385058,0.5104096364421263,0.8383488175236363,0.46483203790617866,0.2259540077484793,0.7096674340368373
1969,9,16,0.2813066684886476,0.18131044251425918,0.1525831724494857,0.24512925823915516,0.23131020283461826,0.33310544975108314,0.2620869437491904,0.2731049545765234,0.5273712235220148
1969,10,16,0.16963639007144748,0.06730684391763739,0.05453217390706819,0.17914385927423954,0.1873362234676885,0.26648291065526386,0.17541583564937438,0.20466518762399577,0.3279578578918684
1969,11,16,0.07012261842216339,0.0558008367835573,0.05060542278188168,0.033492397236762186,0.0828804316511755,0.07402921072298008,0.10073229685344359,0.2421227323704232,0.20500547309474768
1969,12,16,0.0781150400667418,0.0736513674836545,0.06527298628724629,0.0864728459693742,0.06846456645639812,0.09256008632061968,0.0890667906796606,0.05068654651068799,0.0681087367861686
1970,1,16,0.0808064184533429,0.06414567082022721,0.07209505838472599,0.06994388753403831,0.07460001111713274,0.07433894405418737,0.1014517046251605,0.1369987595120814,0.08906363364406261
1970,2,15,0.07126937987889459,0.0761794831626979,0.08164750192041789,0.0961614661066595,0.11278254933869052,0.041370948981069355,0.08469375556048239,0.14478274456692697,0.11461193564313549
1970,3,16,0.0572423460794876,0.0759397719286656,0.045951362483776584,0.1241954223157259,0.11288043165117553,0.1668040195434644,0.0999334588139976,0.10117045764209093,0.2938600455527407
1970,4,16,0.1347325803825658,0.0722344589949297,0.09604965574231258,0.1327781090505315,0.11936166763360692,0.18932326316525028,0.247906412522164,0.10041732478943777,0.3624338152184532
1970,5,16,0.2949576109542656,0.197098743169526,0.16625434326718738,0.3979565382386338,0.28691948030077985,0.4666039232156928,0.3822600708456516,0.13325976675679108,0.6413471446062327
1970,6,16,0.5466776503682941,0.33908275928176246,0.37360975291337095,0.7400875523850581,0.5052045211276648,0.756186876382326,0.5708561168219609,0.3441981306606092,0.8668358202359954
1970,7,16,0.6691404743822215,0.5323692518679,0.6915860666917732,0.510602969553659,0.3504096364421264,0.4639959156333171,0.6898383367978109,0.306154694621663,0.7311402784314613
1970,8,16,0.4502177041116998,0.31405583954896943,0.32612223415113883,0.4402407870732406,0.39256817059128546,0.5139959156333171,0.5217395113553813,0.3119264374308802,0.739770186391511
1970,9,16,0.21623072936131982,0.20086013922645748,0.2356166040478271,0.1590087007506797,0.2062888355199685,0.30977406438452715,0.2872887855073022,0.29073749427314954,0.6204845085202285
1970,10,16,0.10116752135986191,0.0616798790368156,0.07278081883345949,0.15244196855552578,0.14534982503874153,0.25970184818458975,0.21106678977243667,0.2117555170706673,0.49610034985058593
1970,11,16,0.08628232150851779,0.0736746489160055,0.06749419533398959,0.11126834279809099,0.1260985562340235,0.10338515450353009,0.11401220488775729,0.2694590594274375,0.2887204493269425
1970,12,16,0.0869024318029146,0.054901739441296005,0.079396924047783,0.13906231399082802,0.16680158131298722,0.18004212466610175,0.0917997936970853,0.12758610956950966,0.17536608308295573
1971,1,16,0.08569278185732429,0.0632539474630904,0.0768252534222702,0.08893989263189102,0.0806559100928533,0.030834637321646097,0.1042105501692572,0.14344513774897255,0.18204942378917832
1971,2,15,0.0744212446045142,0.0758386944169015,0.0795405047142387,0.11786185553516959,0.09608039568239501,0.17719219077381387,0.1204477925045189,0.13478274456692696,0.1567692957870713
1971,3,16,0.09424666098916959,0.0724030187817092,0.0698001417354027,0.10496719747897178,0.12046801453243092,0.1785826867348056,0.1664976153368779,0.14655252531153468,0.29910897225087796
1971,4,16,0.11673602845859858,0.07254654717115261,0.089740661245132,0.2142909792957557,0.1719674182581699,0.3053236401306325,0.3310357308845925,0.27633481984430575,0.436100349850586
1971,5,16,0.3177079222158664,0.23648498139742238,0.22622328437934322,0.3642414770000716,0.27056953813808704,0.45310544975108313,0.4477276899532523,0.1596259735735691,0.6707964925140361
1971,6,16,0.7715614651303481,0.3834080332536687,0.46392867368569146,0.6102975208751634,0.432303772362465,0.5697590742505798,0.5857589074747585,0.2079291813948938,0.7790397683794181
1971,7,16,0.7127493987864092,0.5482012695858643,0.6292767360015903,0.5839919219892713,0.39904201607578804,0.6205297320915878,0.6137837338283441,0.34725671584160633,0.8200888720382926
1971,8,16,0.37119350118394345,0.31103528777577516,0.45940665761048516,0.360498207748347,0.31487885351883904,0.43343349431754397,0.5533475314285811,0.36038164128062966,0.7916015486215249
1971,9,16,0.2468307111620628,0.2114508212576017,0.20110626201314993,0.25340911637631386,0.27153827972488653,0.3866039232156928,0.3682029173747704,0.290911394111076,0.6107719284086297
1971,10,16,0.10151808514903245,0.0653207810562606,0.08825135377742968,0.16088596486708412,0.17904159107294612,0.2794872542069812,0.26625288115243695,0.31265177192351046,0.5824338152184532
1971,11,16,0.07920261545740219,0.0692956880022092,0.06285137809494738,0.10064792124544399,0.10671321138278944,0.19340985395947385,0.105453501284481,0.2017399249041526,0.2450054730947477
1971,12,16,0.0902667897043293,0.0655125202848858,0.0667241590882213,0.14799525012706566,0.159374135131098,0.1634182443839356,0.0584662504756949,0.16745211811735128,0.1638000119480742
1972,1,16,0.0808064184533429,0.0716093084130144,0.0654379810407411,0.07585840745913679,0.09457344732856163,0.09050844999391824,0.1376638246001967,0.1605004426621593,0.17722471972378293
1972,2,15,0.0884327533000988,0.0577010951524489,0.05575368666464829,0.09061091795215358,0.09846456645639812,0.1255658381973973,0.086405647352193,0.14320600480472778,0.2430127220369318
1972,3,16,0.10239332762742259,0.0593072648616535,0.0828050190298866,0.13726699327956837,0.13982955906780964,0.24873135644852068,0.17697861018994288,0.24480034614755553,0.2391275773468456
1972,4,16,0.14673602845859857,0.05257214727970991,0.1126242028747898,0.1852111412039235,0.14148989705151013,0.2446383269767115,0.2982162774236079,0.1313498639906756,0.48975845301733745
1972,5,16,0.28387832636494204,0.20886596950959194,0.17880648099194504,0.29471670442158965,0.2195608446943201,0.45007875793648033,0.610481498003375,0.21490753762523396,0.44731005159656756
1972,6,16,0.6240505104812549,0.3721652461031144,0.573754773847765,0.5703822986980519,0.36520452112766477,0.48304990957533755,0.665494155256933,0.3120923439518427,0.6539558162195404
1972,7,16,0.6883787552513592,0.46118030871016924,0.6283398808315341,0.6685684587746211,0.4407974969463043,0.5077737298761118,0.6286625505110066,0.23192643743088015,0.8472466515442981
1972,8,16,0.5043862414871926,0.2885317968755542,0.36077573472346014,0.36024078707324053,0.3225681705912855,0.35207452824183827,0.6012896903980457,0.24775845514884465,0.8047264740605483
1972,9,16,0.2681577719202657,0.20364881924174752,0.2015191153042369,0.21298345797142676,0.24122969544496456,0.26175390928646836,0.42708249190962433,0.222965218816649,0.5725996817836381
1972,10,16,0.15084704292476875,0.026692091681488006,0.0646237260849494,0.16695468569705874,0.1853498250387415,0.23457843557674496,0.21109148922838047,0.2598979638733876,0.4190544044264414
1972,11,16,0.0881150400667418,0.0784539881383728,0.0803059962669675,0.1472234000705483,0.15218374632675963,0.164523707357982,0.1274366493800391,0.1944902361657534,0.2575508375846465
1972,12,16,0.0821910569938667,0.0660928833745857,0.0873771610809237,0.06085261850921071,0.10360560085645162,0.09335409561568586,0.0866056538011282,0.1495152127728221,0.1646119356431355
1973,1,16,0.09126937987889461,0.07461603753267321,0.069696982731006,0.1466006470941738,0.13525007122286478,0.14131854845304903,0.1099334588139976,0.16007668644229928,0.1804074057820404
1973,2,15,0.08492988723816469,0.0677010951524489,0.0702008712861954,0.07577867876876,0.07846456645639813,0.10777744768561387,0.12110813034949039,0.13050044266215927,0.1293625789141432
1973,3,16,0.07126937987889459,0.0737096928457859,0.0548352325545909,0.1692992170184986,0.1492068060914351,0.24650452185504185,0.105453501284481,0.2184001529147962,0.1976065959284344
1973,4,16,0.1418855753071262,0.07206574938203969,0.09204449008237098,0.15276666819925622,0.103458777506472,0.1818880157151107,0.2922053426268886,0.13715824624141576,0.30946394915015385
1973,5,16,0.3039134293067292,0.2908293657807629,0.2120094814851464,0.32532437891434657,0.2333061031680291,0.39175390928646836,0.41852546933648094,0.24993066712552225,0.4573656779963229
1973,6,16,0.5965030895566988,0.4468986468417544,0.42603812479101977,0.49370421134727066,0.35322107997019125,0.5395087890315448,0.6174189447652106,0.27749909552967555,0.7447264740605484
1973,7,16,0.6408433251152666,0.5519544089286149,0.6082815020394936,0.8730104981403807,0.5759187045320487,0.5664075472379331,0.557053699133317,0.28469493559949954,0.6699895790663408
1973,8,16,0.449372380671776,0.3774451262633337,0.3850258902925616,0.4097993647726434,0.3899705173403496,0.4726390782670348,0.533347531428581,0.35834377908023496,0.6900888720382926
1973,9,16,0.3338101593888685,0.28041262261385425,0.25627704633140647,0.23424147700007164,0.28152091800918877,0.3955021910494778,0.4685574052719713,0.3274990955296755,0.6439340514652646
1973,10,16,0.10974619518350089,0.0613443665881727,0.08487157120313119,0.1542909792957557,0.1864048512921009,0.22981550028975495,0.22438225139139942,0.25172243166609465,0.48471802407482434
1973,11,16,0.0826727676088174,0.07013945774599151,0.07365910325542879,0.0819672883313003,0.10457344732856164,0.15777744768561386,0.07743664938003911,0.21517554931967442,0.3517969508972699
1973,12,16,0.0821910569938667,0.0559224966590014,0.0835362082957199,0.1129837249979552,0.12182763874318622,0.16116934111399517,0.0708943615382695,0.17327015357297748,0.237268312932803
1974,1,16,0.0854725991522744,0.0458386944169015,0.07233137970846899,0.11906231399082802,0.11694967212394533,0.13022477725325737,0.1117997936970853,0.18635643104408378,0.15395175608009304
1974,2,15,0.0793002040758998,0.0647573013527829,0.05559685991393229,0.10257188062958052,0.08920680609143514,0.06417759666837147,0.096405647352193,0.17604216696040265,0.1558597271123714
1974,3,16,0.0838595097309264,0.0650827761933015,0.05992221194666579,0.12365876204462607,0.14171803959069776,0.19101571888819757,0.1307322968534436,0.17956589287487035,0.2768307381615829
1974,4,16,0.14252428486398522,0.08604318884437401,0.0998745615393152,0.2760742730842578,0.20702635856624466,0.3698971015636016,0.2510357308845925,0.22494008587015268,0.41351647597052876
1974,5,16,0.30360423739385617,0.22082936578076287,0.17780002414154236,0.35243249556521855,0.25736699691338316,0.5166039232156927,0.49273726370509874,0.17078574511247124,0.5049373061186742
1974,6,16,0.5362440767922092,0.3683387990924336,0.39165722441935813,0.528191337949043,0.36021010789809327,0.5707661216527772,0.7195559468947781,0.23209234395184275,0.7282546180554352
1974,7,16,0.5800131317016558,0.4119544089286149,0.46630268308120126,0.40950458232793024,0.24085945739946193,0.3483026992470337,0.836798758487968,0.3576644291770684,0.7503836183512864
1974,8,16,0.4186735376960724,0.3246676351641735,0.3523779777952021,0.2876289166332698,0.24904201607578805,0.39076612165277713,0.7925246616793643,0.39290181876437946,0.7863534434978648
1974,9,16,0.2783368024203482,0.20082936578076285,0.20399814536227798,0.18827937764976327,0.18185720974917932,0.27840293981467756,0.3570824919096244,0.2909352156913074,0.5799633312472587
1974,10,16,0.15827933198092858,0.03609930131033569,0.07232387838848758,0.12179563124403532,0.1616602488640804,0.18084383406757432,0.1699539837180068,0.22134986399067563,0.5087751775457054
1974,11,16,0.0843166976891751,0.08270627463126651,0.0960176009865425,0.09936125926090857,0.11458155484381707,0.1387313564485207,0.1711106132680585,0.1985018357296215,0.2768307381615829
1974,12,16,0.0837366147712175,0.0631997013603532,0.07601760098654249,0.017995250127065668,0.05987315227682968,0.0336723246519694,0.10610733151877849,0.18401950544581702,0.15906363364406262
1975,1,16,0.0741783849995355,0.0643427665183311,0.06353620829571989,0.0923702774870266,0.09457344732856163,0.0900955569800298,0.04451693107827029,0.15569488937058767,0.07390201834289892
1975,2,15,0.0902667897043293,0.0660928833745857,0.06999999999999999,0.1691118805934364,0.1907135761301953,0.1536723246519694,0.05876892229030918,0.16086762807723948,0.11204942378917832
1975,3,16,0.1053576834147859,0.0496913153234224,0.07606825935882298,0.12778865087565655,0.12475942109114393,0.14656679483229257,0.1492208903200564,0.15066064031482906,0.19442151922221793
1975,4,16,0.1447325803825658,0.0902941369687138,0.1026242028747898,0.17385872589950613,0.15236741951038454,0.24011789898779268,0.2014160119358661,0.14069574325661616,0.3240938435325621
1975,5,16,0.3427835789249833,0.24305398700739447,0.20402528639519737,0.3176032798834751,0.23545150785356686,0.34804407546637206,0.42757873683250824,0.26682761724698634,0.5390100204039143
1975,6,16,0.5551441234809933,0.3774451262633337,0.45647724389279654,0.43800288594711706,0.3340935390351836,0.5185638246841413,0.7109346806563881,0.2792381818000961,0.8339558162195404
1975,7,16,0.6594771424770879,0.3783719958319135,0.610642918639769,0.5191898801897947,0.3970602534449553,0.6474048066525643,0.7271904243004513,0.333847824822359,0.8426886118601536
1975,8,16,0.4674158167107223,0.23340803325366868,0.38721541023522466,0.47184260865635946,0.42688033924946756,0.6074048066525644,0.733783733828344,0.2448463670631108,0.7726886118601537
1975,9,16,0.2474749037194387,0.2288429673518159,0.21935209941892117,0.25079934553141864,0.2950386545624799,0.35938627261105427,0.38388648369427425,0.4124909874560767,0.6227605666531018
1975,10,16,0.11609757299397731,0.051066498789307496,0.07994210924602238,0.19535151994726596,0.2059418740344763,0.21580847383654633,0.27790641252216397,0.2163348198443058,0.501488699691157
1975,11,16,0.1060203833591324,0.06952059324713031,0.0663728764272078,0.11508643430703326,0.1245790289986011,0.16932326316525026,0.1693446204123175,0.16996980817683455,0.30134359229200003
1975,12,16,0.0865565011882664,0.0506687353532124,0.06260850645481168,0.0876244003148778,0.14672061668975414,0.1771468503230395,0.07644596006221169,0.1495152127728221,0.16195223128770614
1976,1,16,0.0776714084706384,0.0653547356681252,0.069696982731006,0.0983135807439046,0.10785122427509831,0.1583557538428222,0.07366260329460989,0.17437561654702388,0.04829961185539369
1976,2,15,0.0858309492221159,0.0660072248967567,0.0716475019204179,0.0719672883313003,0.09302220615930423,0.15089101199130733,0.1399590589225549,0.10578920141732967,0.10255249581178272
1976,3,16,0.0836231936227087,0.0716496620978179,0.07313135318658119,0.12796599993406793,0.1320113180547609,0.21089101199130733,0.1624261055850717,0.2124859053816643,0.2342922989489903
1976,4,16,0.1656296815597746,0.0939611568455053,0.1048715712031312,0.1938587258995061,0.1623674195103845,0.2805654156003959,0.2510667897724367,0.26600787754768523,0.3089334403808599
1976,5,16,0.3217195217797345,0.2188659695095919,0.18253249234743749,0.38348414104162515,0.2671113517708883,0.5171504026372721,0.4473834834534963,0.3462714078462459,0.4508006651846532
1976,6,16,0.6007167815797885,0.30370258119381077,0.4369531440976947,0.530483188866994,0.39020943888073634,0.6243462214715674,0.5495559468947782,0.5258972739465566,0.7127605666531018
1976,7,16,0.6686430396617055,0.44837199583191345,0.5819863119827188,0.5626872922069192,0.4233767677526564,0.6684918698911931,0.5393413205714599,0.5255051218678638,0.870267621112027
1976,8,16,0.5352262967680592,0.3710352877757752,0.33260649825996136,0.5049615439685031,0.46337676775265646,0.5660453647575147,0.46425682170857574,0.3754558516459594,0.7047264740605483
1976,9,16,0.3331483531756352,0.21217357439459353,0.24561660404782712,0.2590530847732067,0.3015209180091887,0.3476378751154411,0.39259473196687034,0.20326043577414799,0.629862638128635
1976,10,16,0.12881888018772109,0.07507758628502509,0.02364096392690318,0.149126257693611,0.17718171895720722,0.35960715023839557,0.32185923193727806,0.21914062791494116,0.4414886996911569
1976,11,16,0.09234840960856268,0.0633451471663965,0.07209052161567209,0.08722340007054831,0.10982955906780964,0.15656679483229258,0.1434881861065911,0.2185018357296215,0.29484527544207784
1976,12,16,0.069602539660889,0.0741456708202272,0.07818794335108879,0.044194835658378104,0.0711405253671746,0.06991410331876435,0.11366260329460989,0.20402950585741336,0.19264523187883809
1977,1,16,0.0454725991522744,0.0555927266392538,0.07800249987104499,0.0747775283585146,0.0683848377660213,0.057072920482365064,0.09487882973408099,0.1708676280772395,0.16724740355349751
1977,2,15,0.0714952914890268,0.0755125202848858,0.06763725747945828,0.0836501119405562,0.09182763874318622,0.11267877862747538,0.09309551138419339,0.14635643104408375,0.1712696624513256
1977,3,16,0.07229092809116969,0.0739789005192753,0.06863650031363878,0.1466006470941738,0.1360985562340235,0.19263399619262234,0.1576006706456735,0.21672153668857624,0.2660755927374925
1977,4,16,0.12112308322080569,0.08396115684550529,0.0826242028747898,0.12138761308953978,0.09680158131298724,0.19760020892830937,0.25900018372195566,0.17457124588524336,0.46243381521845317
1977,5,16,0.32993922273868925,0.2830539870073945,0.18111573500345715,0.2835962789564436,0.23868043208151915,0.40279986273446855,0.39276981195001737,0.22078574511247118,0.461172450026905
1977,6,16,0.6108821152271814,0.4200687880105888,0.43392867368569144,0.44482234131456605,0.3273429888152326,0.5176471863406336,0.6674189447652107,0.2730263907420962,0.6068358202359952
1977,7,16,0.6287228079179769,0.36135420854809575,0.564185835011695,0.4721165248093307,0.35788488781525263,0.5495087890315448,0.6111151295864505,0.29469493559949955,0.949770186391511
1977,8,16,0.6021867184582164,0.2795084176866496,0.3691569553149253,0.43854164378729327,0.4002101078980933,0.4678125199880264,0.695494155256933,0.2354558516459594,0.8011402784314614
1977,9,16,0.3385717862886327,0.2025347333860205,0.25235644297063853,0.24473682981797124,0.2576454153805615,0.34550219104947777,0.4842855584845993,0.29011058132101,0.7304845085202285
1977,10,16,0.17316515221918466,0.093079312652598,0.07606760745067007,0.18500415344151305,0.18904159107294607,0.25823707324949263,0.25028541923483694,0.2342248207271539,0.35040159039432817
1977,11,16,0.0750356390300885,0.0633451471663965,0.07595136248377658,0.05646777076482613,0.0862649210418874,0.12052995770949299,0.07111061326805848,0.21212273237042317,0.06755083758464644
1977,12,16,0.0860203833591324,0.0350494126838344,0.0852336489129915,0.09196728833130031,0.130601409124327,0.16340985395947388,0.08602430961610338,0.1532060048047278,0.1046119356431355
1978,1,16,0.10650096516808319,0.0625480230491698,0.0857574016060685,0.07739384100273868,0.0788025445682754,0.08516583694518265,0.0546064389236834,0.18951521277282213,0.09237159714026119
1978,2,15,0.08105131308008849,0.0670028315460835,0.07184488919765299,0.10120754260730169,0.10645816135022512,0.12580325803103948,0.059452661024884695,0.10323706369257196,0.08395175608009303
1978,3,16,0.11626866583432059,0.0537816295751731,0.06659813959781509,0.09349239723676218,0.08855611863427931,0.14367232465196939,0.1337604856070949,0.13715824624141576,0.2250877539602679
1978,4,16,0.14649857323830678,0.09669209168148801,0.102870093299303,0.20099944185919028,0.17797092242698243,0.2818880157151107,0.23821627742360788,0.1585018357296215,0.3742427966533062
1978,5,16,0.29273289882293513,0.17067486127028156,0.1877278563147505,0.4147368298179713,0.3315209180091887,0.47074056414971366,0.513490109105453,0.10605675761440958,0.5993342574316378
1978,6,16,0.533696514237995,0.3771432335848006,0.39946893930873284,0.615176337557826,0.41484565677935925,0.5895087890315448,0.669756163510745,0.2164270956287111,0.6991911998430294
1978,7,16,0.7694771424770879,0.3503734815625419,0.690127924172691,0.6003822986980519,0.4174285003118273,0.5791171232190615,0.6237270000264212,0.2559540077484793,0.7894724001266491
1978,8,16,0.5207167815797885,0.3310352877757752,0.347712215174115,0.37780347744486503,0.3499705173403497,0.47781251998802643,0.6608561168219609,0.27749909552967555,0.8096674340368373
1978,9,16,0.37666288612157883,0.1852533028066026,0.20727449724394117,0.18760327988347508,0.23153827972488653,0.32550219104947786,0.5324949137038605,0.293659372820433,0.736071053594832
1978,10,16,0.1428246093502874,0.043726647051152506,0.07031721481648881,0.19500415344151306,0.222738873541275,0.2844053084802838,0.217906412522164,0.22605675761440958,0.5004015903943282
1978,11,16,0.09626801392616768,0.0696317545149257,0.06512101230874828,0.12676797613383667,0.1372167749871622,0.16335409561568592,0.1194361725901987,0.18173992490415264,0.22386004555274072
1978,12,16,0.0894456007488243,0.0730930443526109,0.08164750192041789,0.08468563008983311,0.11572559984520883,0.13342897799915188,0.09270769269910559,0.1974521181173513,0.07264523187883806
1979,1,16,0.1050356390300885,0.0633088116831203,0.078248282793529,0.1049800375225142,0.10558988399521652,0.0999116300698022,0.138373501399878,0.2770440999628558,0.0647051919628788
1979,2,15,0.1054733927627439,0.05739536822896,0.07196079365764889,0.0938520023529638,0.09167667548281083,0.15379982781133975,0.1576006706456735,0.2008676280772395,0.07434483277991863
1979,3,16,0.0902667897043293,0.0795205932471303,0.07209052161567209,0.1241954223157259,0.10288043165117552,0.15131854845304898,0.1776006706456735,0.17173992490415263,0.1875818964724906
1979,4,16,0.1112444504104556,0.0868236385264122,0.10066761856780279,0.21551397076877493,0.1447594210911439,0.2549484369585136,0.30106678977243667,0.14480034614755555,0.27606726444601326
1979,5,16,0.37534041842053617,0.2111034547518488,0.16060338914412506,0.2879565382386338,0.2066170816027422,0.29481327843495386,0.47591870851839924,0.22914062791494116,0.37148869969115694
1979,6,16,0.6447292805417082,0.3452078203240253,0.48550826703069216,0.5137042113472707,0.3165756456975144,0.5383026992470338,0.6384477569216838,0.29545585164595933,0.7202988405283979
1979,7,16,0.80744263169805,0.3734001733771447,0.7425489923109116,0.6506029695536589,0.4424055237699047,0.3695087890315447,0.5784477569216837,0.3546949355994996,0.9206042892068935
1979,8,16,0.6284143431097983,0.30908275928176243,0.36647724389279646,0.4113435311882708,0.31520452112766484,0.3278125199880264,0.5833475314285811,0.239589218685346,0.6521178444625654
1979,9,16,0.32004530329709935,0.2248184309840436,0.23257103694824707,0.1750711923187906,0.24138001688973224,0.2835932908824239,0.3725947319668703,0.29302639074209624,0.5073712235220148
1979,10,16,0.19021644556219441,0.0653401684536485,0.061298041028888,0.17013271454401369,0.19350219743548006,0.22615596835864327,0.2904408986502395,0.21296521881664898,0.45040159039432814
1979,11,16,0.0918855753071262,0.0815055774632643,0.07859734473646318,0.1026439122256035,0.09797092242698244,0.11966330358378019,0.1483233613297385,0.17996980817683456,0.31274498569471476
1979,12,16,0.07333175966207879,0.0681243865925135,0.05940213318539139,0.06804975109559198,0.09749434635804352,0.08307157096384249,0.07546204974654741,0.2145712458852434,0.11503137929060661
1980,1,16,0.0824661869365157,0.027496180866865,0.07608351110630039,0.0764472458608169,0.09046801453243092,0.08580325803103947,0.0799697234445376,0.20323706369257197,0.1247051919628788
1980,2,15,0.0917936073224413,0.0686796723278114,0.06909979760040219,0.05850391653577838,0.07625627093781753,0.13379982781133976,0.097488491556788,0.12604216696040266,0.12722471972378294
1980,3,16,0.1095070826815506,0.0804431731959576,0.0715773524306375,0.13229334843643292,0.1398522428975242,0.22089101199130734,0.13733821530614448,0.15604216696040263,0.1710007615124249
1980,4,16,0.1314984475043856,0.0920657493820397,0.07104404393495797,0.23351868548097615,0.174535781693455,0.2561559683586433,0.2232474734663039,0.15517554931967442,0.38351647597052874
1980,5,16,0.32422569287069497,0.19370457758553547,0.1495698048861501,0.3669428375998957,0.2621252214436198,0.46928871872589917,0.47388648369427433,0.2380889824385346,0.5177900328513845
1980,6,16,0.7321867184582164,0.4151080020610154,0.5031278608956254,0.6198486349945479,0.37997606286604146,0.5105297320915878,0.513347531428581,0.22792918139489382,0.7435688058333709
1980,7,16,0.6696070640859828,0.4829338018930964,0.5859439288698729,0.8219691521918377,0.57470812727279,0.5952638022750405,0.6807315448442441,0.18073749427314956,0.8694605442440011
1980,8,16,0.4808821152271814,0.31686991006573073,0.38833988083153415,0.49762891663326986,0.41904201607578806,0.42604536475751464,0.5639844207015277,0.2758972739465565,0.7316015486215248
1980,9,16,0.2517195217797345,0.1736488192417475,0.18663030468656513,0.25778871319814983,0.21867210379004,0.26657518643966915,0.44646967092460743,0.2617262208149135,0.6048236609678006
1980,10,16,0.15438814369220388,0.0849061050280417,0.05778564704136782,0.07905408986681907,0.11745011478610459,0.1441675962567751,0.204485654812371,0.2747650058870056,0.4269441572531303
1980,11,16,0.08305178457044499,0.066374526939123,0.07940213318539138,0.10762440031487779,0.14561756138095852,0.15858268673480558,0.08603738911172878,0.21261117257037476,0.19333703469044963
1980,12,16,0.0772961896426666,0.0515055774632643,0.0790997976004022,0.06880680371770599,0.0788025445682754,0.0922723484491002,0.0645169310782703,0.17209191894900078,0.1199460269175267
1981,1,16,0.09234840960856268,0.0582330792875217,0.062090521615672085,0.07907051648554951,0.08325408024270531,0.07538216501377237,0.058235233652460396,0.11668354129109881,0.047996569780300286
1981,2,15,0.08178683443653,0.0609418489420627,0.07422083812901659,0.10739384100273869,0.1004680145324309,0.1257492849485662,0.06555865386003519,0.14344513774897255,0.07911320024667104
1981,3,16,0.10785245789811838,0.0677315311293718,0.03340130077686709,0.1161963855710141,0.14,0.18665719619348475,0.13697861018994287,0.11541362023741886,0.16013403419724828
1981,4,16,0.13887462610196882,0.0851698177958852,0.09589716651847971,0.2352111412039235,0.19148989705151012,0.29532364013063256,0.32956965098401736,0.16933916339602317,0.41532569856758117
1981,5,16,0.3849401177162077,0.2569852661774198,0.2062232843793432,0.38340911637631386,0.2845029606315329,0.49938627261105417,0.4810894928366558,0.1507276791921066,0.4744554141009286
1981,6,16,0.6074158167107223,0.383463659653424,0.39944437520332654,0.3622726945215778,0.2626100551495336,0.38062691899884016,0.7270536991333171,0.3361396757403099,0.6078047970980996
1981,7,16,0.6184819085149912,0.44092164262490174,0.6481783487758617,0.4596661143836028,0.3000546267004687,0.41131664624803754,0.8298383367978109,0.22249098745607665,0.5503836183512865
1981,8,16,0.43741581671072227,0.28579691467553936,0.48224125262806783,0.32585510761827924,0.3165756456975144,0.4043462214715674,0.42148909890029773,0.2493606982205866,0.6255133882169981
1981,9,16,0.2488780690757013,0.17131044251425923,0.17231047109373418,0.22298345797142677,0.2362024379537049,0.3822404347628008,0.3653195103843476,0.2784157338731832,0.5348236609678007
1981,10,16,0.1277579109776778,0.033493142313074376,0.06257446513759568,0.06796337914082569,0.10534982503874155,0.16450862152163104,0.14546160879973646,0.2707857451124712,0.3635975986096782
1981,11,16,0.09385421044594319,0.0650627923418626,0.058574338863469494,0.07434351312668398,0.0993616676336069,0.14064853347311734,0.0899334588139976,0.17449023616575343,0.2513990583875434
1981,12,16,0.0710513130800885,0.0759224966590014,0.04716918111098649,0.0973944929108916,0.11673437610812182,0.08520973674177368,0.061292134296739395,0.1832701535729775,0.12197671549979039
1982,1,16,0.0990059778697723,0.0725947814080813,0.06641643395991849,0.0996092984310127,0.12255004653129963,0.12881598006797126,0.0787689222903092,0.14050044266215928,0.07041736681527752
1982,2,15,0.0755109035261255,0.050941848942062704,0.066702025327417,0.0847038723096442,0.10455707063173283,0.15556583819739728,0.08348621295318069,0.09050044266215929,0.0880510707488266
1982,3,16,0.0914952914890268,0.0816496620978179,0.0820905216156721,0.14929921701849858,0.12424960736581872,0.194958579180541,0.1776825398045523,0.20173075995757384,0.15778997052889118
1982,4,16,0.139522094168873,0.08087682966885029,0.10286918876365728,0.21871912967370788,0.18039480987291792,0.2897139836858284,0.27498797232128047,0.2030130433112068,0.39877517754570546
1982,5,16,0.2780281744196959,0.2288429673518159,0.2220094814851464,0.2800038961522722,0.20330610316802908,0.36697570805794444,0.4353195103843477,0.21422482072715388,0.5290100204039143
1982,6,16,0.6608821152271813,0.36535035206225364,0.4451096235264581,0.4673008720668091,0.3712068897932711,0.5606269189988401,0.5985672203530142,0.2559540077484793,0.8439558162195404
1982,7,16,0.7682129282899816,0.4300320331223656,0.5786620258610375,0.5795401701863693,0.4476871663970948,0.6556532126788219,0.6239844207015277,0.38603878557136795,0.8696674340368372
1982,8,16,0.4466776503682941,0.2964995720514293,0.35001729763620215,0.38517633755782593,0.31395198395025925,0.49215670152890434,0.5162454599530479,0.25615469462166296,0.6811402784314614
1982,9,16,0.33004530329709936,0.1808293657807629,0.18276629032725897,0.24104393227446502,0.231206889793271,0.333408526585106,0.45646967092460744,0.3008328244311419,0.5564371767317613
1982,10,16,0.09298863061592182,0.039132394166858195,0.060522886841381685,0.1391076525976434,0.1633683761452798,0.24052128210586377,0.24498797232128047,0.22078574511247118,0.26471802407482425
1982,11,16,0.1022909280911697,0.0768128429271436,0.11157735243063749,0.07976126051312322,0.1114898970515101,0.11187885076853188,0.059052584249975976,0.19945905942743747,0.1990554095200537
1982,12,16,0.0917777589061351,0.0733088116831203,0.0859915698926857,0.08041604716204291,0.12171803959069774,0.07009555698002978,0.04873127823101768,0.22715824624141578,0.1966019667474084
1983,1,16,0.0937366147712175,0.0452771366828718,0.07030599626696749,0.0912007950913838,0.09260483934402672,0.07089101199130737,0.0321254691046924,0.18715824624141575,0.051968607984534926
1983,2,15,0.1041903833753808,0.0761794831626979,0.06387686270518209,0.07237027748702658,0.1030122451260671,0.17667659994434598,0.03660565380112821,0.1576293568746558,0.1057359970201103
1983,3,16,0.09769460180948719,0.0652753820647014,0.06885015678936059,0.11918711277649259,0.12515733515580943,0.1885712458835303,0.03934462041231748,0.16261117257037477,0.2219741896545744
1983,4,16,0.13298122530895712,0.07476268644607528,0.082044490082371,0.15910765259764337,0.11097917798135867,0.20227082318138123,0.2332474734663039,0.1792931915191187,0.22284666850954013
1983,5,16,0.2832943724924123,0.20686151845835418,0.18388490765185492,0.33900870075067974,0.1976454153805615,0.35310544975108316,0.5188105918675273,0.1647650058870056,0.30507251197202523
1983,6,16,0.6691149599966696,0.40744201872352137,0.4351096235264582,0.4597993647726433,0.33558961696868805,0.4576471863406336,0.4977603932053869,0.28961098343962177,0.5323206479137491
1983,7,16,0.6686430396617055,0.39606131290435986,0.5702739954162217,0.5396661143836027,0.38005462670046875,0.5569435364625008,0.562027856740474,0.45392976970088605,0.5639932416425059
1983,8,16,0.48650308955669885,0.32744512626333366,0.35917197419627844,0.4260697339415975,0.423948876410447,0.5063027854326211,0.4817395113553813,0.32116855543707945,0.5595414898396038
1983,9,16,0.2429666968027565,0.15538290030717242,0.22380302468708665,0.21061492097292994,0.21171467801095092,0.28105948492203414,0.4041645459241705,0.3261396757403099,0.48607105359483205
1983,10,16,0.0928246093502874,0.0860993013103357,0.06894803910184558,0.1191076525976434,0.1733683761452798,0.23970184818458973,0.20821159297839956,0.32072767919210665,0.4500052158055069
1983,11,16,0.0637614613701263,0.06652533246280651,0.0782830648789441,0.1041070523855281,0.12023055931213911,0.22593729222828773,0.06837440031396289,0.15635643104408375,0.26500547309474765
1983,12,16,0.07799045192934649,0.0663555428572217,0.07398997689988318,0.1292214797459249,0.11485506929463801,0.1277774476856139,0.062464497927870094,0.17437561654702388,0.1636600816978607
1984,1,16,0.0869024318029146,0.0470028315460835,0.0712421893961408,0.07120754260730168,0.08597688263170092,0.06050844999391827,0.0514105861030644,0.18641870402133448,0.15906363364406262
1984,2,15,0.082406626128019,0.0660072248967567,0.06909979760040219,0.09163839577044626,0.09721677498716222,0.12359322855993066,0.08579794535786109,0.13655252531153472,0.20419764650460623
1984,3,16,0.0842466609891696,0.0650827761933015,0.084046254513672,0.13796599993406788,0.15380695408864511,0.19402921072298007,0.0911106132680585,0.17951521277282212,0.17755083758464643
1984,4,16,0.12555226509899853,0.05229568688134978,0.06608191503302019,0.20333571503721498,0.15021143527246109,0.2898971015636016,0.3045132673709635,0.24850183572962153,0.34363802429903734
1984,5,16,0.33993922273868926,0.23524316058457526,0.2101755258160312,0.42827937764976326,0.29954899659715706,0.3922404347628008,0.47700136927047476,0.14037319129490566,0.5206162406261645
1984,6,16,0.6635993273307427,0.2812285595494909,0.5484731312205748,0.5220079423037525,0.3439488764104469,0.4197590742505798,0.4734482245472049,0.27825484900371955,0.8281926576022777
1984,7,16,0.5189617253084869,0.4334692051791159,0.8139349678759309,0.40472515440731366,0.26904201607578804,0.41499445787406875,0.48741894476521064,0.43589727394655664,0.7095414898396039
1984,8,16,0.382806904735459,0.31304213891023136,0.42363531041643454,0.40210196827552863,0.3499070310640704,0.42950878903154477,0.3899220700317074,0.2346949355994995,0.5894605442440011
1984,9,16,0.31683071116206274,0.25161327207911066,0.23627704633140642,0.22609903019735128,0.2566986828765888,0.2700787579364803,0.3582230427711519,0.1739358645230793,0.49643717673176135
1984,10,16,0.1130695952391549,0.0635074498954245,0.06591985034819428,0.12473006447042718,0.11336837614527981,0.16376111592290787,0.19361892749719437,0.24535410023851978,0.4290544044264414
1984,11,16,0.0971313355467322,0.0648829620906122,0.0818817299992492,0.10573467736687568,0.100601409124327,0.16053464215470126,0.139052584249976,0.13494008587015272,0.1368307381615829
1984,12,16,0.08162839132449409,0.0740814272096519,0.07253388000480539,0.0819509116344715,0.10525007122286481,0.1285712458835303,0.1233573855500853,0.20745211811735126,0.2541108452877249
1985,1,16,0.09724234607948759,0.0629375415833399,0.0742247074879443,0.1069800113422623,0.11563925185378382,0.1699116300698022,0.0845169310782703,0.1722571339674898,0.08395175608009303
1985,2,15,0.08547339276274389,0.0408045716998912,0.07745742722820789,0.0935191547039936,0.10522727756285913,0.1699116300698022,0.10555672410301449,0.17074292118034926,0.11197671549979038
1985,3,16,0.1062686658343206,0.0680405516206773,0.07039008742122879,0.094343513126684,0.11515733515580942,0.1736723246519694,0.0996213706377747,0.1585832656375626,0.30473138412366174
1985,4,16,0.12959851013950552,0.0687235758912923,0.0726242028747898,0.20138761308953979,0.17424960736581874,0.28053464215470125,0.26264021444944763,0.19945905942743747,0.38067965262422443
1985,5,16,0.3292255635977982,0.2116132720791106,0.2320094814851464,0.30860073079600975,0.23440179024129662,0.46804407546637206,0.4722600708456516,0.17160581847551026,0.5549373061186742
1985,6,16,0.6565030895566989,0.45908275928176245,0.5506817087516838,0.5068345005827608,0.33855549059945556,0.5143462214715674,0.6087411201909407,0.25498942465171925,0.7602988405283979
1985,7,16,0.5713722944861888,0.3968699100657308,0.5613610586548505,0.6997688667382765,0.5065388908092913,0.6169435364625009,0.5286625505110065,0.4367954456515427,0.8196090552447968
1985,8,16,0.5447292805417082,0.33510800206101543,0.3855082670306922,0.34496154396850304,0.30337676775265643,0.3960453647575146,0.4909346806563881,0.3719264374308803,0.7400888720382925
1985,9,16,0.3079826919371186,0.20217357439459352,0.2386776626002037,0.18117113037367033,0.23165924377046812,0.28928871872589923,0.37772768995325234,0.3415115944915952,0.6260710535948321
1985,10,16,0.10014251572151998,0.04098658975703301,0.07301727957461537,0.17401092260548084,0.21171381159490474,0.24491309669796368,0.2054158356493744,0.32265177192351047,0.38905440442644135
1985,11,16,0.1100585893048353,0.0526591837753958,0.04790957475962419,0.07488818736078219,0.11982955906780965,0.13402921072298007,0.09573512325055739,0.2084001529147962,0.30472669967845345
1985,12,16,0.0844547506499089,0.0675980862292302,0.07851423706626129,0.1137985946853884,0.11892804512864683,0.10835575384282217,0.09246449792787009,0.22996980817683454,0.1299460269175267
1986,1,16,0.0937531732265489,0.054210636284236904,0.0703577854355433,0.0773944929108916,0.08572559984520883,0.0906417260608319,0.08348621295318069,0.1947105767401351,0.07483846802979241
1986,2,15,0.0965009651680832,0.0622442381950793,0.07056532870105939,0.12199385211987142,0.1332170769494149,0.16410286988643316,0.0945169310782703,0.2228798869438643,0.11918843242972718
1986,3,16,0.10000054821090029,0.0745253804490278,0.07659813959781508,0.10508643430703325,0.10626492104188742,0.1826037839659303,0.15943617259019868,0.1665424517404001,0.2876065959284344
1986,4,16,0.14008171553073068,0.0499513036632995,0.09286860210630948,0.17837301898409735,0.1419053760157599,0.21491223028191747,0.257906412522164,0.17966740947879684,0.41928491865007134
1986,5,16,0.28802817441969586,0.21709874316952602,0.16550318495627966,0.33512925823915524,0.21907240449436852,0.4510594849220342,0.5448289303663664,0.33091139411107606,0.4851305778923898
1986,6,16,0.6724416591035653,0.4105533957580296,0.48800670422633463,0.6211389587782268,0.44060904494437836,0.5630499095753376,0.5983085542677468,0.2074990955296755,0.6782546180554352
1986,7,16,0.7083452533968435,0.46869766344073915,0.5203318401278629,0.5298486349945478,0.37246747747266173,0.5005297320915878,0.6537270000264213,0.34700001806158676,0.8003836183512865
1986,8,16,0.47472928054170815,0.28689864684175437,0.3711718880106911,0.32482234131456605,0.35991489094059426,0.41560394245691745,0.5039694018201746,0.4119264374308802,0.7247264740605484
1986,9,16,0.36857178628863274,0.18648498139742234,0.17867766260020365,0.20424147700007161,0.26152091800918875,0.3450556284361921,0.4204814980033751,0.40365937282043307,0.597449787356442
1986,10,16,0.1442389363531501,0.07733473501464669,0.07131767867353486,0.18836301857250098,0.1995608446943201,0.2505212821058638,0.2177771922489364,0.19422482072715386,0.38351647597052874
1986,11,16,0.0930054255053842,0.0579928747827515,0.06199065051836909,0.07758057681925597,0.10350219743548003,0.1465045218550418,0.075335333346631,0.1854136202374188,0.2387204493269425
1986,12,16,0.07183392003245999,0.0662670337314099,0.05682525342227019,0.1210307181250896,0.11381370160456301,0.15307157096384244,0.08873127823101769,0.1774521181173513,0.11957890698273291
1987,1,16,0.0808058292573793,0.0724109332029238,0.07512512379039359,0.0669800113422623,0.09467859990411581,0.16343192342509089,0.08590977047971951,0.2356011941376081,0.036199124408434424
1987,2,15,0.08280891293030929,0.0678052164762168,0.069396924047783,0.1165137870468193,0.11460001111713272,0.1449164582777105,0.09147749249542841,0.1311704576420909,0.07163971542368089
1987,3,16,0.085038202770468,0.0621493870665488,0.0663728764272078,0.0848371483765578,0.11485506929463801,0.17946333972890016,0.15573512325055738,0.14352423384101132,0.0476149863528961
1987,4,16,0.1194669632945813,0.0891323941668582,0.11604965574231257,0.21276666819925621,0.163458777506472,0.3461559683586433,0.32682192799039567,0.1847095716465228,0.3486020504492443
1987,5,16,0.36422569287069495,0.1760440085746278,0.1925324923474375,0.31471670442158967,0.23410791836536113,0.3934078575677491,0.3582029173747704,0.2063348198443058,0.40000521580550685
1987,6,16,0.7151441234809932,0.4212285595494909,0.35110626201315,0.4482532984022006,0.2877354172364165,0.4032530453874815,0.5975137849855021,0.1720923439518427,0.6573712235220148
1987,7,16,0.8035060958818648,0.3868699100657308,0.6082815020394936,0.6072453318910636,0.4478610662350213,0.5821567015289043,0.5525246616793642,0.343847824822359,0.683313865188022
1987,8,16,0.5365030895566989,0.3510352877757752,0.47001729763620226,0.35527872881799133,0.35161485974794104,0.4408855850841077,0.4817395113553813,0.26615469462166297,0.6695414898396038
1987,9,16,0.319918105197894,0.19253473338602048,0.29935209941892116,0.18699528505019442,0.216202437953705,0.32714729509745977,0.40273726370509866,0.3381546084360757,0.5478047970980997
1987,10,16,0.15530960499911378,0.0553401684536485,0.0686724467946968,0.18067833297098973,0.19131020283461833,0.24921369406058802,0.2048738260427205,0.2778959846554139,0.3436839961759418
1987,11,16,0.0826727676088174,0.0622442381950793,0.0754923753818267,0.15410952563449032,0.14694967212394533,0.20052995770949295,0.1957795613896136,0.2321227323704232,0.22088728452031872
1987,12,16,0.0750356390300885,0.0725017993000734,0.080615016758273,0.12059279037115231,0.1332170769494149,0.15089101199130733,0.0673382153061445,0.2147641394709594,0.13793111863592003
1988,1,16,0.0982631089007373,0.0633088116831203,0.06822575132801159,0.09390069868966429,0.07928425117283083,0.08089101199130738,0.0790667906796606,0.16569488937058768,0.06488950701401683
1988,2,15,0.0830054255053842,0.0669073233260445,0.072783507195731,0.0564728459693742,0.044855069294638006,0.09468831573852288,0.1055342725400694,0.1564187040213345,0.11419674196896051
1988,3,16,0.0819936137713765,0.0556512861904159,0.07992221194666578,0.09411445769249281,0.07744330737381913,0.13402921072298007,0.1114774924954284,0.118992201910531,0.15551529042200954
1988,4,16,0.13236657016019115,0.1022956868813498,0.11364096392690318,0.19429097929575567,0.1672167749871622,0.25491223028191745,0.2886973541571042,0.20428002332101924,0.3514886996911569
1988,5,16,0.34839323536978745,0.23789493255437097,0.2204693976919667,0.40473682981797127,0.3214399082896987,0.49025867213196805,0.46226007084565157,0.18968405890563755,0.6073021917200436
1988,6,16,0.6561195048144924,0.3468986468417543,0.3400195914009294,0.5763521238446303,0.3470602534449553,0.4949944578740688,0.7108561168219609,0.24310495457652337,0.6202988405283979
1988,7,16,0.6735060958818647,0.418107243614088,0.6094066576104853,0.6416580736799317,0.386310370344532,0.45607087914306654,0.6470536991333171,0.3658972739465566,0.6696090552447967
1988,8,16,0.4251441234809933,0.3453503520622536,0.41068170875168386,0.30356748618013635,0.2978610662350214,0.44604536475751466,0.557053699133317,0.36290181876437944,0.613313865188022
1988,9,16,0.30238932924072304,0.2552431605845752,0.273744958766722,0.24396948670025304,0.2261213153145554,0.3484029398146776,0.44842219941862016,0.230478828187882,0.5082546180554353
1988,10,16,0.09686942305049466,0.05662529324491228,0.06062467808240293,0.17796337914082572,0.21534982503874153,0.21473669841189935,0.2390001837219556,0.25993066712552226,0.4142427966533062
1988,11,16,0.09126937987889461,0.052917910244230995,0.0663005586925856,0.1320481041359437,0.1409044511994204,0.2371468503230395,0.1296840177083805,0.15361986601414174,0.27333703469044957
1988,12,16,0.0766800942669877,0.042396652597801496,0.0646754750913363,0.12199385211987142,0.12846456645639812,0.16960326997911368,0.08401220488775729,0.11173992490415263,0.10793111863592
1989,1,16,0.1061919763681833,0.0738315436564605,0.0754923753818267,0.1416434483685574,0.1390739297620874,0.13263399619262234,0.055558653860035195,0.1564187040213345,0.12667941182880413
1989,2,15,0.11519605905481449,0.0636746489160055,0.05921563369631439,0.1125718806295805,0.10171803959069772,0.11052995770949298,0.0808943615382695,0.16745211811735128,0.2068755205964359
1989,3,16,0.0867985460733127,0.0390028872930418,0.039704484573021004,0.09429097929575571,0.09053595797994671,0.14932326316525024,0.1402417215895263,0.1945886076009412,0.19193094234942829
1989,4,16,0.1608250845579005,0.0985228588368745,0.09066761856780281,0.18535151994726595,0.13400389773157015,0.2250881766811108,0.3310357308845925,0.16212273237042318,0.5428466685095401
1989,5,16,0.3449576109542656,0.20902608007458232,0.19219245192890758,0.3069952850501944,0.23829953611462099,0.4100787579364803,0.5186154711923359,0.27011058132100996,0.5210452519276996
1989,6,16,0.6202177041116997,0.41006878801058877,0.38477279664528274,0.48370421134727065,0.34322107997019125,0.543433494317544,0.5514890989002977,0.33551780534871645,0.6823206479137491
1989,7,16,0.78744263169805,0.3886976634407392,0.5211718880106911,0.5033125455347874,0.3661878539240414,0.5991171232190615,0.5697561635107449,0.35834377908023496,0.6647264740605483
1989,8,16,0.5903283306481885,0.25370258119381073,0.35647724389279645,0.4249615439685031,0.3906090449443783,0.453433494317544,0.6093413205714598,0.363847824822359,0.5802421067264751
1989,9,16,0.2818576308948557,0.197894932554371,0.21436714356529105,0.27134271741318566,0.27409353903518363,0.3180772722058519,0.5353195103843477,0.2531049545765234,0.5273712235220148
1989,10,16,0.14165228197396046,0.09507758628502509,0.04487157120313118,0.1308859648670841,0.15537282719651754,0.2600460546843457,0.28528184419721603,0.2542248207271539,0.4269441572531303
1989,11,16,0.100765735176557,0.066374526939123,0.07670202532741699,0.08778865087565658,0.1003948098729179,0.1676002089283094,0.11300879382162368,0.19361986601414172,0.22905540952005368
1989,12,16,0.09487588156683391,0.0579104675127331,0.08060601197784528,0.0822489102973767,0.11260661217580112,0.12946333972890017,0.0775932653387088,0.2336198660141417,0.056469090418060724
1990,1,16,0.0998973892065036,0.0635345911030206,0.06422470748794429,0.1347775283585146,0.1299820482916425,0.11777744768561388,0.10179979369708529,0.12858326563756262,0.08257320028281512
1990,2,15,0.0967537721323686,0.0770028315460835,0.050305996266967495,0.10089603843821872,0.10453578169345504,0.0993232631652502,0.08826374131169529,0.19600787754768523,0.05163971542368087
1990,3,16,0.08887614607683939,0.06379841128961211,0.0651466124173056,0.1679297989826854,0.149374135131098,0.21730633705237384,0.1337604856070949,0.2554136202374188,0.2142388666350623
1990,4,16,0.1897461951835009,0.06662529324491229,0.06672351754352338,0.21351868548097613,0.16453578169345504,0.2594412823300768,0.28109148922838045,0.19755328850758758,0.3545065124268616
1990,5,16,0.3881577719202657,0.2914508212576017,0.2660303228858222,0.39473682981797126,0.3115209180091887,0.4400787579364803,0.49689532932949465,0.38498942465171926,0.5013471446062325
1990,6,16,0.6902177041116998,0.4167142222832656,0.46847313122057477,0.6204982077483471,0.42754214546270086,0.5995087890315448,0.5108561168219609,0.2879758151338305,0.6176302362865045
1990,7,16,0.8359320887773555,0.33370325021116765,0.7859439288698729,0.5095401701863692,0.35768716639709486,0.5191171232190614,0.5616775509022237,0.5329018187643795,0.6803836183512865
1990,8,16,0.5440505104812549,0.4803734815625419,0.45363531041643457,0.4291898801897947,0.34997606286604155,0.4321567015289043,0.36876494177117203,0.5067954456515428,0.6398499546477824
1990,9,16,0.33238932924072306,0.24253473338602047,0.2386776626002037,0.2990087007506797,0.3112296954449646,0.3697740643845272,0.389585243150532,0.40365937282043307,0.5939558162195403
1990,10,16,0.1710274350173116,0.03503919394222671,0.059089813609974284,0.21401092260548082,0.21733622346768847,0.26648291065526386,0.31779953425669927,0.30962597357356914,0.3538985901535503
1990,11,16,0.08713133554673219,0.040443173195957596,0.0802008712861954,0.1202742726539142,0.13834083636413702,0.20101571888819758,0.13649761533687788,0.18401950544581702,0.25333703469044966
1990,12,16,0.0833200947988222,0.0662670337314099,0.07061501675827299,0.11646777076482613,0.15018673581651729,0.11417759666837146,0.0869604496383144,0.17327015357297748,0.15419674196896052
1991,1,16,0.0811859053281094,0.0489102238428984,0.0790997976004022,0.14255117615854812,0.14455707063173284,0.09858268673480558,0.057284807638569094,0.19248590538166427,0.054197646504606206
1991,2,15,0.08598126196155009,0.0580168531106093,0.072783507195731,0.05412821711086051,0.08255004653129963,0.11516583694518268,0.09088005395591939,0.16147536186724978,0.12126966245132559
1991,3,16,0.09012261842216339,0.07189828081066771,0.05637287642720779,0.1625718806295805,0.13057215893132923,0.1933540956156859,0.1546870080445645,0.14134986399067562,0.16551529042200955
1991,4,16,0.12793648691425702,0.0880931534302071,0.1007218705838751,0.2175495179314118,0.1702114352724611,0.29508817668111076,0.2293050879471145,0.1921227323704232,0.3003527103276038
1991,5,16,0.41927444366452254,0.2125347333860205,0.23111573500345714,0.31389727050031563,0.2461248444782375,0.387637875115441,0.4788105918675273,0.18633481984430578,0.35183461708440156
1991,6,16,0.6779126216496125,0.23793259874150266,0.4794689393087329,0.3997993647726434,0.275589616968688,0.39062691899884017,0.5774189447652106,0.3009352156913073,0.529800684425878
1991,7,16,0.6296070640859828,0.5842906392593787,0.5715860666917731,0.6595045823279303,0.44308934786425513,0.6155734444225505,0.5656027377625115,0.4151610692012463,0.7298499546477824
1991,8,16,0.42935736179042283,0.33686991006573075,0.31237797779520204,0.46551206856376354,0.38005462670046875,0.39911712321906156,0.6925246616793642,0.5151275673467305,0.6426886118601537
1991,9,16,0.2992744436645226,0.2113104425142592,0.21380302468708665,0.2435151563172941,0.3029575496716306,0.35316893602736243,0.3525947319668703,0.42328540350658583,0.4750823270530682
1991,10,16,0.13151808514903246,0.051382010647464185,0.07122494260647949,0.12069994417076775,0.15594187403447632,0.17970184818458967,0.1625403028199998,0.22039331669128726,0.3335975986096783
1991,11,16,0.0981099812351218,0.043443135848946796,0.06704193960398999,0.0667681867979782,0.08236741951038454,0.13053464215470123,0.11348666613172051,0.2095121045567397,0.14761498635289608
1991,12,16,0.0833200947988222,0.0760928833745857,0.06822575132801159,0.13197539584655577,0.16148989705151015,0.14224000975995887,0.1071363248937369,0.17951521277282212,0.08085393816244532
1992,1,16,0.0969024318029146,0.0650494126838344,0.0667241590882213,0.1316434483685574,0.16475942109114391,0.14064853347311734,0.03761443006404119,0.18842315507257218,0.04796731958730252
1992,2,15,0.0878411649707855,0.048566227459976304,0.07184488919765299,0.10726699327956836,0.12475942109114393,0.11417759666837146,0.093430100487219,0.12245569315497218,0.1291884324297272
1992,3,16,0.06649609031973869,0.0513023975675864,0.04163351355696239,0.13089603843821868,0.1264048512921009,0.15187885076853191,0.12409713090533428,0.15517554931967442,0.2077899705288912
1992,4,16,0.13948509087558258,0.0466252932449123,0.0806676185678028,0.19429097929575567,0.1645815548438171,0.2418880157151107,0.3182162774236078,0.20436053071067295,0.2697584530173375
1992,5,16,0.28239285840440514,0.20698526617741983,0.2287121689452031,0.37969761336520375,0.28669868287658884,0.5165751864396692,0.48273726370509873,0.3092381818000961,0.3291098386669242
1992,6,16,0.6691149599966696,0.3510352877757752,0.3429479467001376,0.6747251544073137,0.47786106623502134,0.7665374688468279,0.7553288216095402,0.22390978527551664,0.5104845085202284
1992,7,16,0.7714184127627913,0.3968699100657308,0.5383398808315341,0.4413435311882708,0.3470602534449553,0.5921567015289043,0.549756163510745,0.35725671584160634,0.6121178444625653
1992,8,16,0.587065510872472,0.3552078203240253,0.4333989208552451,0.3327592469998672,0.3111744928510992,0.43630278543262113,0.43334753142858107,0.45625945642697496,0.5572466515442981
1992,9,16,0.22288509552890984,0.15292871981868397,0.20760588717555659,0.15402757203232148,0.19443945642842833,0.2980772722058519,0.3375787368325083,0.2931049545765234,0.4164371767317613
1992,10,16,0.12014251572151997,0.05098658975703302,0.0866397663819993,0.16976126051312318,0.2298731522768297,0.2505346421547012,0.20127486382883727,0.28098086578766257,0.4187751775457055
1992,11,16,0.08519605905481449,0.0695085472492422,0.07979959352450239,0.12255117615854809,0.12302220615930423,0.1996633035837802,0.08389229908198648,0.16425721766932577,0.2887204493269425
1992,12,16,0.079416040171812,0.0668128429271436,0.07747100199514079,0.10085261850921069,0.1536056008564516,0.09493083537788505,0.07134806848835029,0.19481048836958287,0.1338000119480742
1993,1,16,0.0714952914890268,0.0671969782613269,0.05709578316716899,0.09041604716204289,0.10694967212394532,0.10402921072298005,0.041292134296739405,0.13261117257037475,0.1304074057820404
1993,2,15,0.08027571193032199,0.0508045716998912,0.04578085548605249,0.11573467736687569,0.12920680609143512,0.15340985395947387,0.1114774924954284,0.1332617631485158,0.1021545817471172
1993,3,16,0.0984834713544417,0.0677315311293718,0.035635345999269596,0.14461061598990088,0.1321837463267596,0.19263399619262234,0.1337604856070949,0.22038655134374313,0.22089735809145333
1993,4,16,0.1546088502903047,0.12098658975703301,0.0893216876933754,0.2138587258995061,0.14937434579523953,0.32989710156360164,0.21127486382883728,0.14259932447321166,0.4490544044264414
1993,5,16,0.32456755004078863,0.2111034547518488,0.13628743314759287,0.35340911637631384,0.26545150785356686,0.46408395533403735,0.4822600708456516,0.24700231182631394,0.4234854606948597
1993,6,16,0.6891149599966696,0.4395834423519608,0.5112721285783349,0.3622726945215778,0.30261005514953354,0.47380746363139115,0.4814890989002977,0.3559540077484793,0.539800684425878
1993,7,16,0.7243239533494531,0.38216903525193313,0.5102739954162216,0.5797688667382764,0.3965388908092913,0.5213166462480376,0.4074407095194864,0.3746949355994996,0.617246651544298
1993,8,16,0.4751441234809932,0.4334080332536686,0.40117188801069115,0.3468345005827607,0.34021010789809325,0.4236080551291391,0.4187649417711721,0.5358972739465566,0.6863534434978649
1993,9,16,0.2979826919371187,0.06623201585434937,0.2333904708695211,0.2942414770000716,0.3315209180091887,0.43087577000306476,0.45700136927047486,0.2720923439518427,0.5127605666531018
1993,10,16,0.1498736147826193,0.0660993013103357,0.08697205865009047,0.159126257693611,0.21018673581651728,0.23686962749953433,0.29031563146152894,0.27917164319061005,0.4086248561009379
1993,11,16,0.074119238201266,0.0736746489160055,0.0786365003136388,0.11087202226007194,0.10347818125733324,0.21131854845304898,0.18845341043215247,0.2165424517404001,0.17274498569471483
1993,12,16,0.0987747453389671,0.0739550837164306,0.07156040232794529,0.07061091795215359,0.08301224512606711,0.076676599944346,0.1368569365876203,0.20966740947879686,0.15503137929060662
1994,1,16,0.09881895099819919,0.0631997013603532,0.07591961230399219,0.0863218861313855,0.09874131668185532,0.07302797775482239,0.10214959808892028,0.17476413947095937,0.10906363364406263
1994,2,15,0.0872961896426666,0.0402696939055553,0.07373427740942419,0.048663385135739576,0.09738368735577593,0.15777186601557439,0.1625567294387302,0.14248590538166428,0.15488950701401683
1994,3,16,0.0800585893048353,0.0524030187817092,0.0473130225994431,0.12918711277649259,0.12948035994046264,0.19493083537788508,0.1034866661317205,0.25933916339602314,0.21292809841748125
1994,4,16,0.146923924019021,0.0557085997413484,0.10453217390706818,0.21003840249727168,0.1540038977315701,0.29960715023839557,0.34821627742360783,0.1560078775476852,0.47646756515034183
1994,5,16,0.36247045187987265,0.1852533028066026,0.15943598359594988,0.3542414770000716,0.3150481275527871,0.5348132784349537,0.428223042771152,0.2699306671255223,0.48969893301843836
1994,6,16,0.6651441234809933,0.3164995720514292,0.45395249526592285,0.43606973394159737,0.3236500912717263,0.4732530453874815,0.5439694018201745,0.44249098745607673,0.6451776572110605
1994,7,16,0.8318846710638098,0.5121690352519331,0.6141235468739557,0.6909988599456346,0.5024055237699047,0.8012543581102982,0.5611151295864505,0.5419856904363808,0.7194724001266491
1994,8,16,0.5691404743822214,0.3034080332536686,0.42068170875168376,0.48134353118827083,0.46520452112766486,0.5513166462480377,0.46856722035301424,0.43603878557136777,0.6500888720382926
1994,9,16,0.2579272576966357,0.1899549189937594,0.22291524344800304,0.2751292582391552,0.29120688979327103,0.32310544975108313,0.33253929772638746,0.28302639074209623,0.5644554141009286
1994,10,16,0.12987361478261927,0.0256218821787787,0.025897166518479703,0.1817956312440353,0.21166024886408039,0.22556171104837686,0.17438225139139943,0.30078574511247125,0.29380389220735614
1994,11,16,0.0934204048556983,0.06599011716652531,0.081068973403397,0.11911188059343643,0.12680158131298722,0.22260378396593028,0.1328474722140893,0.18361302511194977,0.0947313841236618
1994,12,16,0.0788369067891364,0.0743427665183311,0.06575368666464829,0.1026439122256035,0.11083079203596732,0.09966330358378023,0.05873127823101769,0.19457124588524338,0.14726831293280299
1995,1,16,0.09219105699386669,0.054901739441296005,0.06220621965252139,0.09411445769249281,0.10218374632675961,0.10391199481720803,0.0808807058640723,0.14086762807723952,0.06940647871073419
1995,2,15,0.0911859053281094,0.045990117166525304,0.04716918111098649,0.07349239723676217,0.06694967212394534,0.0968040195434644,0.0586634117740181,0.13951210455673968,0.14918843242972718
1995,3,16,0.0830054255053842,0.0586677242585451,0.03704193960398999,0.15457555995994587,0.13190537601575994,0.16263399619262237,0.12259809354661713,0.18481048836958291,0.15758189647249057
1995,4,16,0.09914844557734319,0.0740647929823155,0.11278822414042419,0.18013271454401364,0.15236741951038454,0.2618880157151107,0.23641299171742733,0.15933916339602316,0.25914517892747413
1995,5,16,0.3835908773450187,0.16749704004464452,0.23339914647315027,0.2587738578924708,0.19171381159490472,0.3627998627344685,0.31324334631728357,0.2805924733387555,0.4996989330184384
1995,6,16,0.6996070640859828,0.33370325021116765,0.38946893930873283,0.49496154396850306,0.31997051734034965,0.3626390782670348,0.5870679078799608,0.2909352156913074,0.6485429634405279
1995,7,16,0.6886430396617055,0.4311803087101692,0.5382139366343006,0.5572453318910635,0.46786106623502133,0.6321567015289044,0.4748297441414515,0.46762563906515375,0.6907342108157885
1995,8,16,0.4708821152271814,0.3300687880105888,0.38591909833899485,0.40356748618013644,0.42395198395025924,0.5683026992470338,0.3974407095194864,0.3720086107179462,0.6421178444625654
1995,9,16,0.2958694579736234,0.2504126226138542,0.19235644297063856,0.2590087007506798,0.2862888355199684,0.35715040263727205,0.4785574052719713,0.2064516597341175,0.5235830145800148
1995,10,16,0.13863543343655216,0.0383482116077124,0.06124564707751187,0.16244196855552573,0.15940536527891755,0.2434078575677492,0.20031563146152895,0.24923818180009616,0.4042427966533062
1995,11,16,0.0783542407206803,0.050918531730683295,0.09342278714721108,0.14619780475519978,0.1651573351558094,0.21340985395947387,0.1102417215895263,0.18951210455673967,0.3107635368012531
1995,12,16,0.08713133554673219,0.0687943345833813,0.0931196883233246,0.101235433704311,0.11523043357821794,0.1477554893187456,0.07348818610659108,0.2047105767401351,0.1716397154236809
1996,1,16,0.08476856701539509,0.056007224896756705,0.07875580628589529,0.0847038723096442,0.10179327177375389,0.0949164582777105,0.104670629334587,0.16842315507257222,0.11000177283177442
1996,2,15,0.0867985460733127,0.0597569145708733,0.055991569892685694,0.07385200235296381,0.09023350473807812,0.1348668916751021,0.08873127823101769,0.15989403385514367,0.1316397154236809
1996,3,16,0.0866800942669877,0.06536562938208851,0.062423191514923884,0.1467679761338367,0.1528804316511755,0.21417759666837144,0.1657795613896136,0.18248590538166426,0.18912757734684557
1996,4,16,0.1427748716130933,0.0766252932449123,0.09104404393495799,0.25139773873430876,0.1814898970515101,0.3261559683586433,0.3164129917174273,0.30443034476578684,0.3489334403808598
1996,5,16,0.3049576109542656,0.22217357439459354,0.19772785631475046,0.36870404383735694,0.28176016049352826,0.3762048484253676,0.4982230427711519,0.2607276791921066,0.45910983866692423
1996,6,16,0.7361195048144925,0.35346365965342397,0.4962777153487634,0.51393273181203,0.3636500912717263,0.5236080551291391,0.4857589074747585,0.4508328244311419,0.5227605666531018
1996,7,16,0.7043239533494531,0.4743525997125363,0.6669470492755016,0.5821165248093308,0.4078848878152527,0.5083026992470339,0.5629454375439471,0.4319264374308802,0.6633138651880219
1996,8,16,0.37624407679220917,0.3146676351641735,0.29051637510429096,0.5396661143836027,0.42470812727278995,0.6160708791430665,0.5895559468947781,0.3432854035065859,0.6672466515442981
1996,9,16,0.2624704518798726,0.13406268045116146,0.23795736544476806,0.2890087007506797,0.3012296954449646,0.3835932908824239,0.37822304277115193,0.2634452000714659,0.4904845085202285
1996,10,16,0.1218855753071262,0.015169817795885221,0.04663976638199929,0.1739094060015543,0.1650481275527871,0.23376111592290783,0.23261247064679166,0.28466518762399573,0.34877517754570553
1996,11,16,0.0917936073224413,0.066374526939123,0.03921563369631439,0.019577587329498283,0.05694967212394533,0.06022477725325742,0.10468700804456449,0.21755328850758754,0.2352124608571581
1996,12,16,0.0874512648111251,0.0544778797150439,0.0768252534222702,0.0773758892943812,0.09489950743369424,0.09574928494856616,0.11086210224756188,0.22209191894900077,0.1519767154997904
1997,1,16,0.09246618693651569,0.0385662274599763,0.07301763833355329,0.145949959637018,0.16288043165117552,0.15257276448225227,0.07214959808892027,0.21344513774897256,0.1104173668152775
1997,2,15,0.07012261842216339,0.0590273591491315,0.07253388000480539,0.09483714837655781,0.10457344732856164,0.1268316321020569,0.09696044963831438,0.1756948893705877,0.15195223128770613
1997,3,16,0.09941604017181199,0.0502902773677023,0.06402398440090809,0.14810741713293396,0.13694967212394532,0.22052995770949296,0.14025439975115886,0.20541362023741883,0.2301340341972483
1997,4,16,0.1392802590522348,0.07334538521059861,0.09131767867353488,0.19197287000133978,0.1517932717737539,0.27275926338133283,0.30734183063660436,0.2554136202374188,0.4436380242990374
1997,5,16,0.3180180321976685,0.2511034547518488,0.1740252863951974,0.32389727050031564,0.2417138115949047,0.39921369406058793,0.4777603932053869,0.2696259735735691,0.5291098386669243
1997,6,16,0.5951441234809932,0.4005533957580296,0.3436097529133709,0.6613435311882708,0.4699070310640704,0.6239959156333171,0.7193413205714598,0.27613967574030984,0.6773712235220148
1997,7,16,0.5927493987864093,0.48372821794360554,0.4690560651459832,0.7629123002438417,0.5175677029657644,0.6596798035472544,0.5525246616793642,0.2832854035065858,0.8895059019811649
1997,8,16,0.48156146513034803,0.375960619785736,0.3249437170054956,0.5011389587782268,0.43444876765362084,0.6160708791430665,0.5774407095194865,0.3751966570596853,0.7455133882169982
1997,9,16,0.3131483531756353,0.1736488192417475,0.22663030468656517,0.254454094447694,0.25443945642842825,0.38657518643966915,0.42958524315053204,0.4296109834396218,0.6127605666531019
1997,10,16,0.1380612856999216,0.0334751906047169,0.030312162218377653,0.163335715037215,0.19021982569692283,0.2177013793185456,0.2862298789946609,0.2707857451124712,0.4835975986096782
1997,11,16,0.06507055849444308,0.0438419688223228,0.05311968832332459,0.08722340007054831,0.10218374632675961,0.16485866755109319,0.13768104861155878,0.16212273237042318,0.2401340341972483
1997,12,16,0.0775134290749407,0.0638929666999573,0.073492996868279,0.07594995963701799,0.10218374632675961,0.12038013764421995,0.11134806848835029,0.19715824624141576,0.1841108452877249
1998,1,16,0.0869245655637189,0.054901739441296005,0.0703577854355433,0.07229334843643291,0.09515733515580943,0.08777744768561385,0.096405647352193,0.20899220191053097,0.09395175608009301
1998,2,15,0.07799045192934649,0.0681243865925135,0.05527298628724629,0.10120754260730169,0.09911994604408061,0.171318548453049,0.0975932653387088,0.1547641394709594,0.1316397154236809
1998,3,16,0.09300239003428949,0.0634431358489468,0.05985818282933769,0.11395043642685841,0.11846456645639811,0.21773420038046776,0.2100868600473545,0.16996980817683455,0.2376065959284344
1998,4,16,0.1956423597214072,0.0849061050280417,0.12278081883345951,0.16758057681925598,0.1372167749871622,0.27966019536769776,0.3641861571239484,0.144360530710673,0.3606796526242244
1998,5,16,0.41927444366452254,0.200519500879319,0.19388490765185487,0.32532437891434657,0.23868959702809797,0.4317539092864684,0.4525947319668704,0.27792918139489375,0.41117245002690495
1998,6,16,0.6428660949127003,0.5243525997125363,0.3762777153487634,0.4960697339415974,0.3536500912717263,0.43560394245691747,0.5712896903980458,0.37922397305345235,0.5850823270530682
1998,7,16,0.8784023675293194,0.41966678749047204,0.5796726263935659,0.6131793941011695,0.3947081272727899,0.4791171232190614,0.6267987584879681,0.44116855543707956,0.7095414898396039
1998,8,16,0.6192564716214808,0.363463659653424,0.3685224014424793,0.39683450058276065,0.34340133185806276,0.4143462214715674,0.6189982815169442,0.4989690324081034,0.5539932416425059
1998,9,16,0.3238101593888685,0.14525330280660262,0.18902515712230059,0.23348414104162513,0.2520687884941806,0.3857665892782983,0.5212749261513305,0.20302639074209616,0.5727605666531018
1998,10,16,0.15990122734121182,0.058171742217190195,0.06761365907982239,0.14608343803083662,0.16349212386434545,0.18960715023839558,0.3025938655508241,0.29682761724698636,0.3734104360295485
1998,11,16,0.06500933060802298,0.0456134782134931,0.08969698273100599,0.078049751095592,0.09065591009285331,0.17338515450353004,0.2228474722140893,0.178992201910531,0.25915532114950146
1998,12,16,0.09005858930483529,0.0544778797150439,0.0825338800048054,0.0658584074591368,0.08465426313320504,0.13009555698002978,0.08255672943873021,0.14066064031482906,0.2050313792906066
1999,1,16,0.0955271638396933,0.0477010951524489,0.0689489920767187,0.0464472458608169,0.05046801453243091,0.07999999999999996,0.10214959808892028,0.16604216696040264,0.09619912440843442
1999,2,15,0.0860203833591324,0.0763555428572217,0.04142798484899649,0.0561963855710141,0.06367305379446192,0.12665719619348476,0.08086210224756188,0.09402950585741338,0.09994602691752671
1999,3,16,0.0934204048556983,0.0782045620114167,0.08716918111098648,0.10911188059343642,0.10834083636413702,0.1710157188881976,0.1876810486115588,0.16966740947879683,0.20292809841748125
1999,4,16,0.13692392401902098,0.0822344589949297,0.07453217390706818,0.20038568008708663,0.15453578169345503,0.2694412823300768,0.3514495920940064,0.13443034476578686,0.28606726444601327
1999,5,16,0.33272979060685265,0.2148184309840436,0.15475720447876803,0.36905308477320675,0.2717138115949047,0.4608757700030647,0.5875137849855022,0.28642709562871105,0.42736567799632297
1999,6,16,0.7252262967680593,0.4613542085480957,0.3164624796460813,0.5139919219892713,0.33193909677566447,0.47830269924703384,0.713783733828344,0.3261396757403099,0.7904995274015816
1999,7,16,0.5704744018917193,0.47794190996669517,0.48064291863976916,0.5194710804734145,0.3453654059971285,0.5956532126788219,0.6944850728988152,0.4257440392583739,0.6894724001266491
1999,8,16,0.5392564716214808,0.35117049362912633,0.3007757347234601,0.37275924699986723,0.3575421454627008,0.5378125199880265,0.567053699133317,0.3620086107179462,0.6898499546477824
1999,9,16,0.32586945797362343,0.1994350163475507,0.2377268512211382,0.28933293777840324,0.295589616968688,0.49610209855943743,0.38591870851839927,0.3381546084360757,0.572009261956987
1999,10,16,0.1382354321843376,0.030986589757033,0.06867421962647119,0.11883374929243747,0.1550481275527871,0.21580847383654633,0.21028541923483693,0.27682761724698635,0.3792523704051526
1999,11,16,0.09094661383028349,0.0558008367835573,0.05419179306966929,0.1790540898668191,0.18400389773157014,0.23966019536769778,0.1194361725901987,0.16173992490415262,0.20607559273749246
1999,12,16,0.0823933276274226,0.057099379736912204,0.061427984848996496,0.06337072363443959,0.08325408024270531,0.07257255381811079,0.0676810486115588,0.18604216696040266,0.14582019464716842
2000,1,16,0.07826310890073729,0.0546160375326732,0.07015033993403699,0.0799986803467654,0.10517803962684183,0.14340985395947387,0.0733573855500853,0.14705422560762477,0.11799656978030029
2000,2,15,0.0750356390300885,0.0515055774632643,0.0709270700151792,0.058049751095592,0.07880396375246113,0.11714685032303951,0.0355567241030145,0.16173992490415262,0.15799656978030027
2000,3,16,0.0726727676088174,0.0574255348624043,0.09402398440090809,0.12197539584655577,0.12982955906780963,0.2210157188881976,0.12697861018994286,0.19966740947879685,0.2364367517289194
2000,4,16,0.13444054422022428,0.05029413696871379,0.08096711488436431,0.1650041534415131,0.12684370597908903,0.24960715023839553,0.2795696509840173,0.2163348198443058,0.26610034985058595
2000,5,16,0.2680281744196959,0.22648498139742237,0.22905944653501806,0.36900870075067976,0.2676454153805615,0.5180772722058519,0.43318382631838437,0.2609352156913074,0.5227605666531018
2000,6,16,0.6561195048144924,0.3568986468417543,0.4361222341511388,0.4039544965663057,0.25767735131605196,0.41856382468414133,0.6639844207015277,0.46700001806158675,0.7278047970980996
2000,7,16,0.6208433251152666,0.37589866608297906,0.4990560651459832,0.5402663014587926,0.35444876765362077,0.4030499095753375,0.8529907952811109,0.2659540077484793,0.8011402784314614
2000,8,16,0.412806904735459,0.38388801450848553,0.42418583501169493,0.37762891663326986,0.3190420160757881,0.43207452824183834,0.5025246616793643,0.42638937803586974,0.6803836183512865
2000,9,16,0.27494011771620763,0.21217357439459353,0.252915243448003,0.2422394977820979,0.24793053791160793,0.4140839553340374,0.5131838263183844,0.2734599643181811,0.647449787356442
2000,10,16,0.13151808514903246,0.0724211874417212,0.061685168831628584,0.0935962789564437,0.12367120881252161,0.2017539092864684,0.1743582352132526,0.33645583240473464,0.4004015903943282
2000,11,16,0.0800817155307307,0.0604013086535344,0.06563054274661828,0.06912625769361098,0.08453578169345502,0.1803097704579011,0.12214959808892029,0.23436053071067298,0.26500547309474765
2000,12,16,0.0867985460733127,0.0555927266392538,0.0862491140536012,0.053950436426858414,0.06749434635804355,0.04493083537788506,0.08255672943873021,0.22956589287487034,0.10646909041806071
2001,1,16,0.0799943988939317,0.0623662797743701,0.06481870333267499,0.05126834279809096,0.059361667633606924,0.049603269979113684,0.09846625047569489,0.19654245174040008,0.12619912440843442
2001,2,15,0.0872423460794876,0.0658386944169015,0.07422412723541359,0.06253809666292269,0.06880254456827542,0.0877554893187456,0.07962137063777469,0.16917517235429214,0.1946119356431355
2001,3,16,0.0857662763175923,0.03062438053283329,0.07857433886346948,0.12762440031487782,0.1268009946556394,0.17089101199130735,0.1551296613217381,0.20212273237042322,0.24274498569471478
2001,4,16,0.1418855753071262,0.0499513036632995,0.10604965574231259,0.16472538002521886,0.11399377208680114,0.19416759625677504,0.3062298789946609,0.13672153668857623,0.4360672644460133
2001,5,16,0.2697601377905131,0.2621827393411723,0.17340383091835856,0.3347167044215897,0.25410791836536106,0.46804407546637206,0.4424949137038604,0.3756184984673402,0.5325996817836381
2001,6,16,0.6708821152271813,0.39744201872352136,0.41452887406621064,0.5672453318910635,0.35663373102958285,0.45360805512913915,0.6526760931429754,0.35310495457652336,0.833568805833371
2001,7,16,0.6084819085149912,0.48634008838357623,0.480127924172691,0.45945922459076655,0.30085945739946196,0.4853447478706434,0.8231523273367833,0.36777301168264664,0.8807342108157884
2001,8,16,0.4591149599966696,0.3251080020610154,0.4802739954162216,0.38049820774834703,0.33487885351883906,0.4739959156333171,0.5982113673604944,0.3763893780358699,0.733313865188022
2001,9,16,0.3411136707055269,0.20370457758553548,0.19772685122113817,0.19760394890083194,0.20443945642842834,0.27105948492203413,0.4224949137038604,0.17302084521640437,0.637449787356442
2001,10,16,0.10881888018772108,0.03372121870664539,0.0648715712031312,0.15535151994726598,0.17594187403447634,0.219213694060588,0.27264021444944764,0.2556184984673402,0.4347381494712059
2001,11,16,0.088874172923429,0.042917910244231,0.02129488501352919,0.1266006470941738,0.13424960736581873,0.21854824372575427,0.0625485269440087,0.1517399249041526,0.2217969508972699
2001,12,16,0.0808058292573793,0.0557558038984139,0.07156040232794529,0.0634742366851337,0.08023055931213913,0.12391199481720805,0.0756633531098402,0.18209191894900079,0.10810873678616859
2002,1,16,0.07650096516808319,0.0538929666999573,0.07765724133089719,0.04952258086844298,0.06846456645639812,0.0908346373216461,0.007614430064041194,0.09209191894900076,0.0647051919628788
2002,2,15,0.0928089129303093,0.0590273591491315,0.04784984720229708,0.061967288331300316,0.07515733515580941,0.09773420038046776,0.021348068488350275,0.16449023616575342,0.09957890698273292
2002,3,16,0.10431669768917509,0.0430560776090226,0.04425434417441129,0.11163839577044628,0.1073100313069055,0.19452370735798202,0.061784505155339786,0.1985018357296215,0.2317969508972699
2002,4,16,0.1536517012819436,0.06809315343020711,0.08766038391003408,0.23431332130351856,0.1716602488640804,0.3552672071811933,0.28992164502886547,0.24428002332101928,0.3200052158055069
2002,5,16,0.32422569287069497,0.23110345475184876,0.2501755258160312,0.4485683338538378,0.3362428636430641,0.5506269189988401,0.5064696709246075,0.22993066712552224,0.6073021917200436
2002,6,16,0.6040505104812549,0.42055339575802964,0.4169270648501321,0.6621165248093308,0.4461878539240415,0.6265374688468279,0.6459843345159404,0.4911685554370796,0.7435688058333709
2002,7,16,0.5983333975141955,0.41216903525193316,0.4986620258610377,0.5663292035630648,0.3561736451773977,0.5577737298761118,0.8266656070543502,0.39290181876437946,0.7111402784314613
2002,8,16,0.37163341992329624,0.30055339575802964,0.38117188801069113,0.5107328911625538,0.4144487676536208,0.6489839717854438,0.6746251717314075,0.2348463670631108,0.7694724001266491
2002,9,16,0.3139453652422196,0.19854126986586149,0.25231047109373417,0.27507119231879057,0.2762888355199684,0.4484029398146776,0.4769703539948058,0.293659372820433,0.5322740141748123
2002,10,16,0.12987361478261927,0.04908302630829088,0.042788224140424186,0.12134227263876542,0.16399377208680113,0.26532364013063253,0.20482848559194608,0.2991406279149411,0.42699660470342904
2002,11,16,0.06473258038256578,0.0431792215270526,0.07106897340339699,0.10483714837655782,0.10744330737381913,0.15089101199130733,0.11254852694400871,0.20511911637023528,0.24352000513421077
2002,12,16,0.0980956526693539,0.0646160375326732,0.08301763833355329,0.08739384100273868,0.09757335647623311,0.14499169046076665,0.10945266102488468,0.18966740947879684,0.1593625789141432
2003,1,16,0.09487588156683391,0.0547573013527829,0.0749774839193049,0.1020724409068545,0.08892804512864683,0.10929697492103624,0.06110813034949038,0.17842315507257223,0.0412696624513256
2003,2,15,0.07080582925737929,0.057295635591483304,0.063198845670429,0.03906231399082803,0.07179327177375391,0.14162345267820786,0.07962137063777469,0.13388111991202195,0.10911320024667104
2003,3,16,0.09012261842216339,0.048440572038497005,0.045653777790193695,0.1419728700013398,0.1362649210418874,0.2682465462397998,0.1201643051287502,0.2567215366885763,0.18912757734684557
2003,4,16,0.13717246512558806,0.06863739797325838,0.08351091482448919,0.21682941850834825,0.17399377208680114,0.3555617110483769,0.2926124706467917,0.27470957164652277,0.36862485610093787
2003,5,16,0.29957411709419673,0.193967048278031,0.22955973131501548,0.33298345797142676,0.23764541538056153,0.39641949865720405,0.4214427511918145,0.3264270956287111,0.4561003498505859
2003,6,16,0.6257086735061897,0.3152078203240253,0.5091569553149253,0.6121019682755288,0.4376773513160519,0.6749944578740688,0.6437270000264212,0.3803816412806297,0.6151776572110604
2003,7,16,0.6520535670245985,0.3937282179436056,0.5884426331862078,0.715115449253484,0.4552934512041803,0.6100347793440402,0.5797561635107449,0.5656447462864221,0.8394724001266491
2003,8,16,0.4524416591035654,0.2867142222832656,0.38591909833899485,0.3991898801897947,0.3425681705912855,0.5674048066525643,0.3942568217085758,0.5811062672993402,0.6626886118601536
2003,9,16,0.27494011771620763,0.15446231988283668,0.14218892276522552,0.2522394977820979,0.2679305379116079,0.4038074636313911,0.4324949137038604,0.4339097852755166,0.6182546180554352
2003,10,16,0.13792826279024806,0.009470024944775307,0.07337763875757558,0.10607427308425783,0.14943557750560962,0.19227082318138133,0.22992164502886545,0.2803731912949057,0.4824338152184532
2003,11,16,0.0768396645954088,0.047370531191718204,0.08184488919765298,0.04581887499393379,0.07457902899860111,0.11914029272148907,0.1407322968534436,0.16974901075264348,0.2007635368012531
2003,12,16,0.0828931709794417,0.0564450255229377,0.056239267277371385,0.0685343663699133,0.08948035994046263,0.1100421246661018,0.0719901294889591,0.19604216696040266,0.1793005366717332
2004,1,16,0.0784327533000988,0.0544778797150439,0.07601760098654249,0.05799127954224771,0.06325408024270532,0.07707292048236508,0.09555865386003519,0.1447105767401351,0.021269662451325583
2004,2,15,0.0717777589061351,0.0669073233260445,0.07030599626696749,0.07556637129679529,0.08744330737381914,0.11777744768561388,0.09468700804456451,0.1624556931549722,0.11503137929060661
2004,3,16,0.08713133554673219,0.0509617431581242,0.028574338863469495,0.10197539584655575,0.11218374632675962,0.20854824372575426,0.1525485269440087,0.18038655134374315,0.3243146409567532
2004,4,16,0.12740853929334228,0.0690830263082909,0.07932168769337539,0.25796337914082573,0.19812012976603624,0.4052672071811933,0.4253830145874522,0.20511911637023528,0.48910983866692426
2004,5,16,0.30891257542070066,0.15699533974855442,0.21547297272958763,0.311833297431167,0.22545150785356685,0.4431054497510831,0.4946573433268511,0.25682761724698633,0.5342754999054409
2004,6,16,0.6604744018917192,0.3430421389102314,0.4960436703167116,0.45184260865635945,0.3096014440474557,0.5316596853025533,0.6503207135359413,0.38419813066060926,0.7521032879287632
2004,7,16,0.6935060958818647,0.38137803012832705,0.598144846921346,0.5338752258629803,0.3831043667456083,0.4784918698911931,0.7230263831395499,0.42200861071794626,0.7698499546477824
2004,8,16,0.5361195048144924,0.2934080332536686,0.3445288740662107,0.3502407870732405,0.3025681705912855,0.5356532126788218,0.5495559468947782,0.3177730116826468,0.7216015486215248
2004,9,16,0.2727714434237446,0.18679924548110347,0.19813639594485064,0.22396948670025313,0.22056269723589508,0.31108330650226546,0.353490109105453,0.35775845514884463,0.6698006844258779
2004,10,16,0.11698159005636295,0.07167987903681561,0.12328438243783227,0.14695468569705877,0.16940536527891756,0.23526720718119332,0.22625288115243689,0.3496840589056375,0.4187751775457055
2004,11,16,0.0799048910485186,0.0445253804490278,0.037313022599443094,0.07410952563449032,0.08424455476770762,0.14224000975995887,0.0957795613896136,0.17850183572962153,0.1769560053502934
2004,12,16,0.08178683443653,0.0624561036316334,0.08255171434734489,0.06027427265391418,0.0952500712228648,0.12224000975995886,0.07214959808892027,0.20038186689853488,0.1438000119480742
2005,1,16,0.0823933276274226,0.0545465741478356,0.053536208295719895,0.050416047162042885,0.07455707063173286,0.09670061612249281,0.0411853229324571,0.13248590538166427,0.044115777345727414
2005,2,15,0.0800005482109003,0.0682330792875217,0.06765724133089719,0.06483714837655781,0.08260483934402674,0.1008346373216461,0.0615144718326663,0.1299474661690717,0.1182996118553937
2005,3,16,0.05990489104851861,0.0580405516206773,0.0548352325545909,0.12796599993406793,0.1256175613809585,0.21683163210205691,0.04649761533687788,0.13635643104408374,0.16088728452031872
2005,4,16,0.1329886306159218,0.06846957879736229,0.1048715712031312,0.23351868548097615,0.17097917798135867,0.3544281141319774,0.3349879723212805,0.15511911637023523,0.4738985901535503
2005,5,16,0.3325568494461361,0.2521827393411723,0.2475075157403688,0.29532437891434654,0.22264456149453302,0.363113309627607,0.44349010910545295,0.3064516597341175,0.41610034985058597
2005,6,16,0.6140505104812549,0.3368986468417543,0.3909930947084459,0.5537042113472708,0.38322107997019117,0.48434622147156736,0.5495559468947782,0.42384782482235905,0.653568805833371
2005,7,16,0.5828660949127002,0.3288585483102029,0.655002970010996,0.6693387553665527,0.42461410130101374,0.5977737298761119,0.7432550796914571,0.3863893780358697,0.7907342108157884
2005,8,16,0.46383571689193204,0.22510800206101547,0.3855082670306922,0.3647251544073136,0.3153654059971285,0.3571481088725448,0.4870536991333171,0.3376644291770684,0.6816015486215248
2005,9,16,0.24400343116258416,0.20501406032226308,0.2197176987223964,0.2573643583430883,0.2605626972358951,0.3457665892782983,0.4304814980033751,0.34083282443114193,0.6785429634405279
2005,10,16,0.10990122734121179,0.044762686446075284,0.05786087922442398,0.12569337711735967,0.16175001827150084,0.20620484842536768,0.2443721778202648,0.20968405890563746,0.49473814947120587
2005,11,16,0.0758541842656913,0.025275382064701396,0.04790957475962419,0.045513970768774906,0.07537282719651753,0.12115609763154012,0.10348489329994609,0.2045712458852434,0.27088728452031874
2005,12,16,0.07094468407326279,0.0577010951524489,0.072864742505298,0.0658584074591368,0.1009044511994204,0.1377774476856139,0.08803244488544999,0.17578920141732968,0.1726452318788381
2006,1,16,0.07280891293030929,0.0537708062569441,0.06393688942039669,0.05000045317853981,0.0738745017953523,0.08946333972890019,0.11555672410301449,0.1666835412910988,0.09667941182880413
2006,2,15,0.1028764515270363,0.066719385808847,0.05939692404778299,0.08496719747897179,0.09485506929463802,0.1508346373216461,0.09845341043215247,0.14352423384101132,0.11508775396026791
2006,3,16,0.09551090352612548,0.0618982808106677,0.07340130077686709,0.1158584074591368,0.1268009946556394,0.15574928494856616,0.1678297260798647,0.1584001529147962,0.17680052593489085
2006,4,16,0.12124445041045558,0.0649061050280417,0.10066761856780279,0.22069994417076777,0.152738873541275,0.2761559683586433,0.3102854192348369,0.2193391633960231,0.33870536349059155
2006,5,16,0.41267674547755046,0.2128985075919919,0.1962232843793432,0.38507119231879067,0.28236329236136415,0.463408526585106,0.4871229175989834,0.21295735894012502,0.6550823270530681
2006,6,16,0.7321867184582164,0.4213542085480957,0.556927064850132,0.5324981215627598,0.3699070310640704,0.5871481088725449,0.5595559468947781,0.4581546084360757,0.7278047970980996
2006,7,16,0.7108433251152667,0.41596061978573606,0.6841235468739555,0.6294710804734146,0.4553654059971285,0.7812543581102982,0.629838336797811,0.6398866885330822,0.8794724001266492
2006,8,16,0.5091149599966696,0.2583719958319135,0.3107757347234601,0.5296661143836027,0.43656065556356705,0.6372587354090335,0.6193413205714599,0.18958921868534595,0.7907342108157884
2006,9,16,0.3466628861215788,0.16041262261385428,0.2134105962659026,0.25396948670025304,0.26171467801095094,0.4043462214715674,0.48249491370386044,0.32484636706311065,0.6350823270530681
2006,10,16,0.14311171990525667,0.059470024944775296,0.0476136590798224,0.10088596486708414,0.12273887354127502,0.1837611159229079,0.23103573088459253,0.27365937282043307,0.43595065125542887
2006,11,16,0.08551090352612549,0.03804055162067731,0.0631196883233246,0.0979297989826854,0.11345877750647201,0.19115609763154007,0.058374400313962876,0.22511911637023518,0.2047313841236618
2006,12,16,0.084840620995133,0.0660928833745857,0.0657808554860525,0.06365876204462607,0.11689713829301704,0.13730633705237383,0.0382637413116953,0.22100800682058197,0.15164476802179203
2007,1,16,0.0736231936227087,0.0561794831626979,0.04260850645481169,0.04106689479720062,0.05023055931213913,0.07083463732164608,0.0476144300640412,0.17951210455673966,0.1012696624513256
2007,2,15,0.0855271638396933,0.0656738176559333,0.07914415411702279,0.105245065277837,0.09905340485807823,0.1274480260528315,0.11545350128448101,0.14480034614755555,0.09215458174711719
2007,3,16,0.0992828322914401,0.034896536857545096,0.04992221194666578,0.12099944185919033,0.11842503399119511,0.21532364013063254,0.1754371245876522,0.2045712458852434,0.19761498635289612
2007,4,16,0.12914844557734317,0.06846957879736229,0.06678118358086535,0.22179563124403529,0.17047390596495662,0.35457843557674495,0.33263007222742025,0.2842248207271538,0.4185696535070724
2007,5,16,0.3177889319353564,0.18305398700739448,0.19046939769196666,0.3247368298179712,0.24143990828969872,0.35007875793648036,0.4569703539948058,0.25923818180009617,0.5482806973029979
2007,6,16,0.6852262967680592,0.3400687880105888,0.3394443752033265,0.5776289166332699,0.40039487219541114,0.6913166462480377,0.7339844207015277,0.29469493559949955,0.732009261956987
2007,7,16,0.7205322466033605,0.3225351583888624,0.5686620258610375,0.5399882594131061,0.35653889080929124,0.5353447478706432,0.7607563753751221,0.40384782482235904,0.7603836183512864
2007,8,16,0.517065510872472,0.2637032502111676,0.3623779777952021,0.3281913379490429,0.2949254872577758,0.40052973209158793,0.6848297441414515,0.3119264374308802,0.7803836183512864
2007,9,16,0.280707470354596,0.1876010606784355,0.2201611464858537,0.21298345797142676,0.23628883551996852,0.29641949865720396,0.5112749261513305,0.2892381818000961,0.6218439283095941
2007,10,16,0.12151808514903246,0.03508591877243841,0.028251353777429683,0.12893212072762522,0.1709691775697623,0.1964829106552639,0.20106678977243667,0.27863994484474275,0.5290544044264414
2007,11,16,0.0840513717442664,0.049073036782822196,0.044116291213677494,0.09087202226007192,0.11190537601575992,0.17052995770949297,0.1094361725901987,0.18517554931967445,0.3079646987940603
2007,12,16,0.07724234607948759,0.0501394577459915,0.06184488919765299,0.050852618509210704,0.11702635856624463,0.06593729222828776,0.02421055016925719,0.19840015291479618,0.1346119356431355
2008,1,16,0.0787977512119608,0.0643427665183311,0.05397797852403789,0.06573467736687567,0.07179327177375391,0.1071468503230395,0.09338678536871879,0.18715824624141575,0.15894121228512562
2008,2,15,0.07928283229144009,0.0586796723278114,0.05811680023695199,0.07799525012706567,0.09424455476770757,0.14052995770949295,0.053662603294609895,0.17476413947095937,0.12395175608009301
2008,3,16,0.0821910569938667,0.029618456014329296,0.05867376644793139,0.10799525012706566,0.11057215893132924,0.15493083537788505,0.14324747346630387,0.1771582462414158,0.3038569373366583
2008,4,16,0.1368401728574969,0.0722344589949297,0.07129804102888801,0.21682941850834825,0.1576925933042946,0.2944053084802838,0.39418615712394844,0.17494008587015264,0.38905440442644135
2008,5,16,0.34815777192026565,0.24145082125760167,0.20111573500345717,0.3460659447927787,0.26264456149453297,0.5098321497165956,0.5253195103843477,0.3009352156913073,0.6007719284086297
2008,6,16,0.6438357168919321,0.3554322390887389,0.5069270648501321,0.4639544965663058,0.31377728937093163,0.6360453647575147,0.7711151295864506,0.40766442917706835,0.8291911998430294
2008,7,16,0.6694771424770879,0.42127563886816155,0.4133989208552451,0.5103822986980519,0.33742850031182736,0.706407547237933,0.8029572934265952,0.46038164128062975,0.7800888720382926
2008,8,16,0.4047292805417082,0.26968099623711583,0.31630268308120124,0.3618426086563595,0.31688033924946757,0.4671481088725449,0.7848297441414515,0.353847824822359,0.7021178444625653
2008,9,16,0.27798269193711866,0.18854126986586148,0.19867766260020367,0.25512925823915517,0.26624286364306404,0.4140839553340374,0.49079494489651365,0.3279291813948938,0.6282546180554353
2008,10,16,0.13348478891332988,0.036710219262489296,0.06403852987765249,0.11431332130351853,0.142991839084348,0.18112895659862072,0.23682192799039567,0.3268276172469864,0.43513057789238985
2008,11,16,0.0718578979213842,0.041159812271828494,0.0763728764272078,0.08087202226007191,0.09347818125733323,0.1508087311257872,0.12024172158952628,0.19134986399067566,0.27179695089726985
2008,12,16,0.0823933276274226,0.0540179018937897,0.06737716108092369,0.041975395846555755,0.08842503399119514,0.050042124666101806,0.0971363248937369,0.2164187040213345,0.1508539381624453
2009,1,16,0.0783172067124496,0.0561794831626979,0.049099797600402194,0.08419632685137161,0.10302220615930421,0.1255658381973973,0.0627270800964935,0.19388111991202198,0.08722471972378293
2009,2,15,0.0838595097309264,0.07461603753267321,0.068002499871045,0.06337072363443959,0.07680099465563942,0.060148090810958066,0.12270769269910559,0.14209191894900075,0.1021545817471172
2009,3,16,0.0854725991522744,0.040116240925262996,0.0492156336963144,0.13676797613383668,0.128340836364137,0.20263399619262235,0.1560580935827612,0.21809845542884176,0.18915532114950154
2009,4,16,0.14307049977480057,0.07671021926248928,0.08301727957461538,0.22472538002521886,0.17399377208680114,0.3858084738365464,0.3424009719651081,0.24670041914778096,0.3842427966533062
2009,5,16,0.34272979060685266,0.20525330280660262,0.1994359835959499,0.39134271741318566,0.2762024379537049,0.48513751546267725,0.5624949137038604,0.33561849846734015,0.48397080635348766
2009,6,16,0.6108821152271814,0.3668699100657308,0.4660436703167117,0.5058551076182792,0.34767735131605193,0.5609809152421,0.6658055412136952,0.38775845514884466,0.7118439283095941
2009,7,16,0.7103283306481886,0.45195440892861494,0.6396726263935659,0.5596661143836027,0.39005462670046875,0.5554706920678767,0.7550864419214709,0.49679544565154277,0.9198499546477824
2009,8,16,0.47137229448618867,0.3295834423519608,0.4411718880106912,0.462687292206919,0.39085945739946193,0.5374048066525643,0.5474407095194864,0.5851157114640825,0.7999895790663408
2009,9,16,0.3123583139650541,0.15000870731189,0.20218892276522546,0.241345824952998,0.25185720974917924,0.3406269189988401,0.3710894928366557,0.4177584551488447,0.536071053594832
2009,10,16,0.11775791097767781,0.0034751906047169046,0.0012456470775118744,0.12761366669966145,0.16360560085645162,0.24686962749953434,0.22849036639469375,0.2546651876239957,0.48473814947120586
2009,11,16,0.0958357524747672,0.06599011716652531,0.049402133185391384,0.08484395578884331,0.10047390596495662,0.1753236401306325,0.03733821530614451,0.21566038302558832,0.2529280984174812
2009,12,16,0.08183392003245998,0.0565354861195106,0.07591961230399219,0.06390069868966429,0.09065591009285331,0.10307157096384245,0.07179979369708529,0.19840015291479618,0.11646909041806072
2010,1,16,0.069416040171812,0.0546862777569388,0.05974172292946009,0.09123543370431099,0.09608039568239501,0.11342897799915189,0.07141058610306439,0.20388111991202196,0.0793625789141432
2010,2,15,0.07262359799042149,0.058342940416545,0.07209505838472599,0.0663218861313855,0.07502971652380014,0.059755014111132515,0.0948877519600737,0.15209191894900076,0.0348895070140168
2010,3,16,0.07583575247476719,0.066231106256679,0.0612948850135292,0.1220481041359437,0.11744330737381914,0.1568040195434644,0.10409713090533429,0.21361986601414173,0.2600397221505063
2010,4,16,0.11823543218433759,0.076043188844374,0.09287009329930299,0.19244196855552576,0.1417324166908723,0.2655617110483769,0.2193050879471145,0.2956603830255883,0.3834104360295485
2010,5,16,0.3592255635977982,0.28256554680744295,0.20111573500345717,0.3449359864654395,0.24620243795370492,0.27175390928646836,0.46416454592417045,0.28265177192351043,0.3873100515965675
2010,6,16,0.6225783842706997,0.3200687880105888,0.40800670422633467,0.4782532984022006,0.35185720974917933,0.5256039424569174,0.8171904243004514,0.39922397305345236,0.46737122352201477
2010,7,16,0.6808433251152667,0.48429063925937876,0.5684426331862078,0.5025442398393624,0.3029036798724246,0.466407547237933,0.8330939485447428,0.6276256390651537,0.6826886118601536
2010,8,16,0.5328660949127003,0.3167142222832656,0.34721541023522473,0.3651763375578259,0.31706025344495525,0.39131664624803775,0.5095559468947781,0.3406180308418191,0.7595414898396038
2010,9,16,0.33927444366452253,0.1952533028066026,0.20760588717555659,0.20427418025220628,0.21954899659715701,0.2802586721319681,0.43497359299110305,0.29642709562871106,0.5273712235220148
2010,10,16,0.1346930479173628,0.04570859974134839,0.047736080438759376,0.13891475901192735,0.16612484447823747,0.25948725420698127,0.2342484301011992,0.257489784304483,0.4529847776246614
2010,11,16,0.0840513717442664,0.0350827761933015,0.016598139597815087,0.053011402383697184,0.07489950743369422,0.066676599944346,0.10759573858767099,0.22134986399067563,0.30150307902133444
2010,12,16,0.09126937987889461,0.036626936245598804,0.07727943093192649,0.09123543370431099,0.10523043357821793,0.09342897799915187,0.1273382153061445,0.23989403385514368,0.22810873678616858
2011,1,16,0.0771313355467322,0.0470028315460835,0.05709984558662349,0.0864728459693742,0.08650685768692562,0.12946333972890017,0.0919816276162358,0.1524859053816643,0.10000177283177442
2011,2,15,0.0930054255053842,0.0653547356681252,0.06709984558662349,0.0874081485850888,0.07788886833438981,0.11744297345472038,0.0787689222903092,0.0965424517404001,0.15164476802179203
2011,3,16,0.10503820277046799,0.037491918091236,0.02499565257931688,0.14726699327956838,0.14936166763360692,0.21341824438393558,0.1407322968534436,0.22449023616575342,0.24521246085715812
2011,4,16,0.13444054422022428,0.05166567260713098,0.06544174258176808,0.22883374929243738,0.1794053652789175,0.36931973400156815,0.36633156180948623,0.3053541002385197,0.4353256985675812
2011,5,16,0.3586313062875318,0.25082936578076287,0.2437130228312316,0.35699528505019446,0.28295754967163056,0.43983214971659557,0.49294884245009996,0.4856184984673402,0.6299633312472588
2011,6,16,0.5908821152271814,0.3046676351641735,0.47647724389279644,0.6707328911625539,0.49788488781525264,0.6021567015289043,0.555494155256933,0.4241981306606093,0.7972466515442981
2011,7,16,0.6708433251152667,0.5494118468451231,0.518339880831534,0.5954497804260243,0.3777824965550872,0.4055734444225505,0.7789982815169443,0.4224909874560767,0.8996674340368372
2011,8,16,0.4451441234809932,0.30968099623711576,0.37001729763620217,0.47024078707324063,0.38788488781525265,0.4205297320915877,0.7048297441414515,0.4467954456515427,0.7903836183512865
2011,9,16,0.2923583139650541,0.20995802720984183,0.19473971124071007,0.268002885947117,0.2537772893709317,0.3208855850841077,0.44955215774595936,0.3732854035065859,0.5950823270530682
2011,10,16,0.17371812871227227,0.038075138103702416,0.0186184737122235,0.144505192773627,0.176461776680685,0.22491309669796378,0.19849036639469378,0.2691406279149411,0.4192523704051526
2011,11,16,0.0836017072523647,0.0573705311917182,0.06806270242523968,0.1368294185083483,0.14553293776150797,0.2214979548016337,0.1415359640487727,0.13494008587015272,0.20500547309474768
2011,12,16,0.08262359799042149,0.0652003888893692,0.055326757364195685,0.04929921701849861,0.1102114352724611,0.0972023164185829,0.06366260329460989,0.19457124588524338,0.16675682828958022
2012,1,16,0.0784261578035092,0.0377010951524489,0.06472385220414449,0.0806109179521536,0.0956175613809585,0.11667659994434598,0.0752025339264781,0.1732060048047278,0.08410837203876273
2012,2,15,0.0709222325103177,0.0775980862292302,0.04355276675105129,0.07197583679336671,0.07608039568239502,0.14665719619348477,0.0989287377189268,0.1193152489179421,0.14796731958730253
2012,3,16,0.0860203833591324,0.0599772492097492,0.05411629121367749,0.16277810905053147,0.1552500712228648,0.28981550028975495,0.10413413419862469,0.2694590594274375,0.23551529042200953
2012,4,16,0.13793648691425703,0.05347519060471689,0.0907218705838751,0.15013271454401367,0.12538426804779282,0.22966019536769777,0.33956965098401737,0.24425721766932573,0.31424279665330623
2012,5,16,0.3227297906068527,0.29345585774822647,0.20871216894520309,0.32795653823863374,0.2765155649988157,0.4007405641497136,0.538223042771152,0.3179291813948938,0.4234854606948597
2012,6,16,0.6652262967680592,0.45092164262490175,0.44452887406621067,0.4118426086563595,0.291614859747941,0.4240578760864747,0.6837270000264213,0.426154694621663,0.6321032879287632
2012,7,16,0.7427493987864092,0.5300537978766414,0.6815860666917732,0.5307328911625538,0.36256817059128554,0.39849186989119323,0.6931523273367833,0.46038164128062975,0.8997701863915111
2012,8,16,0.5843862414871925,0.3411704936291263,0.3226282630142372,0.40356748618013644,0.3539519839502593,0.3807661216527771,0.5193413205714599,0.5451157114640824,0.7198499546477825
2012,9,16,0.3285717862886327,0.2661377038076074,0.24566905149812587,0.19223949778209787,0.21328449196825108,0.24641949865720403,0.4407949448965136,0.42613967574030986,0.7039340514652646
2012,10,16,0.10534194368825513,0.009573537995469394,0.044788848448849894,0.05473006447042712,0.11132528867096922,0.1355617110483769,0.1662528811524369,0.2591406279149411,0.4824338152184532
2012,11,16,0.06944560074882429,0.022917910244230996,0.074431350165029,0.07457555995994587,0.0971817189572072,0.15730633705237385,0.10413413419862469,0.2645886076009412,0.24292809841748123
2012,12,16,0.0733200947988222,0.0570028315460835,0.08187015313980489,0.1025380966629227,0.11212873986570432,0.10153925505114975,0.13145170462516048,0.17476413947095937,0.21366008169786072
2013,1,16,0.0743921995451669,0.0635926497810081,0.06994499632931389,0.04940515905749958,0.06655659542411974,0.07991410331876436,0.04980809908456618,0.1808676280772395,0.09619912440843442
2013,2,15,0.07333175966207879,0.0653547356681252,0.06655336565687099,0.0400004531785398,0.057310031306905485,0.05795783977815666,0.0764699379511359,0.13023204683326184,0.08419674196896051
2013,3,16,0.085038202770468,0.0683526048775835,0.0792156336963144,0.138939892631891,0.1490790049666355,0.20795783977815668,0.2290001837219556,0.2008676280772395,0.20607559273749246
2013,4,16,0.14753755805916857,0.06166567260713099,0.1255479673911327,0.1629267787642466,0.1239937720868011,0.2596601953676978,0.33749713555866157,0.26933916339602315,0.41067965262422435
2013,5,16,0.31683755206425473,0.3217926784276953,0.16562845214499014,0.5093329377784033,0.3705626972358951,0.46566589615967446,0.5570013692704748,0.22748978430448297,0.5542754999054409
2013,6,16,0.6904744018917193,0.364378678960099,0.45260649825996135,0.530087552385058,0.33742850031182736,0.39830269924703376,0.6458055412136952,0.37345996431818107,0.7837055310005053
2013,7,16,0.6514184127627912,0.4065824901773295,0.6706429186397691,0.5395045823279302,0.38653889080929127,0.545892130069332,0.6407315448442441,0.5476256390651536,1.0506042892068936
2013,8,16,0.5128660949127003,0.3067142222832656,0.42686510439697445,0.3939919219892712,0.3508594573994619,0.44131664624803757,0.435494155256933,0.47834377908023507,0.8396090552447968
2013,9,16,0.27497320312078033,0.1936488192417475,0.17727449724394115,0.2707706087553951,0.2637772893709317,0.3310833065022655,0.40822304277115196,0.3339097852755166,0.732009261956987
2013,10,16,0.15648783962309049,0.0897494132508919,0.06666901657499705,0.13150175936809977,0.1576103124387744,0.21648291065526382,0.22031563146152897,0.2796840589056375,0.634937306118674
2013,11,16,0.0981150400667418,0.0386677242585451,0.054023984400908096,0.08929921701849859,0.11345877750647201,0.16376795682509981,0.025534317089124375,0.2185018357296215,0.29274498569471474
2013,12,16,0.0865732829027054,0.0340110320950152,0.06472948076266709,0.05257188062958053,0.08797092242698243,0.1366905425513582,0.012149598088920271,0.21361986601414173,0.16793111863592003
2014,1,16,0.0628764515270363,0.0637708062569441,0.08393688942039669,0.0599438875340383,0.06757335647623311,0.09744802605283148,0.0787689222903092,0.1917399249041526,0.07722471972378292
2014,2,15,0.0878411649707855,0.0616502423503486,0.0707790271490124,0.06087202226007189,0.08842503399119514,0.11263399619262238,0.0890667906796606,0.20100800682058195,0.19906363364406263
2014,3,16,0.11027571193032198,0.04141551176228749,0.04285137809494739,0.12197287000133979,0.12626492104188744,0.22730633705237385,0.10697861018994287,0.290161679646943,0.2413990583875434
2014,4,16,0.1474085392933423,0.09195770876947248,0.08678118358086537,0.223335715037215,0.17702635856624463,0.3597018481845897,0.3977995342566992,0.25325976675679107,0.40368399617594175
2014,5,16,0.35456755004078866,0.2761377038076074,0.2587121689452031,0.3547368298179712,0.2566170816027422,0.38641949865720404,0.483490109105453,0.2569992042865017,0.43595065125542887
2014,6,16,0.5991716937985924,0.33671422228326564,0.40915695531492535,0.4918426086563595,0.36161485974794105,0.5663027854326211,0.6039694018201746,0.47192643743088025,0.7451776572110604
2014,7,16,0.5983787552513592,0.42435259971253625,0.6050029700109962,0.7717838848618072,0.5573313134045751,0.7400347793440403,0.8035737653382387,0.3203816412806296,1.140267621112027
2014,8,16,0.4151441234809933,0.30968099623711576,0.3406817087516838,0.37399192198927117,0.3076871663970948,0.45849186989119306,0.5939844207015277,0.2841981306606093,0.9007342108157884
2014,9,16,0.2723893292407231,0.17305398700739447,0.18227004540437505,0.26778871319814984,0.27409353903518363,0.3856658961596745,0.5053195103843476,0.3077584551488447,0.7339558162195403
2014,10,16,0.10974619518350089,0.0339611568455053,0.03064105477923168,0.15038568008708664,0.18132528867096923,0.2734078575677491,0.29956965098401733,0.3292381818000961,0.40610034985058596
2014,11,16,0.0784834713544417,0.056966039576643,0.066702025327417,0.07810741713293397,0.09347818125733323,0.15730633705237385,0.1260373891117288,0.23037319129490563,0.2527449856947148
2014,12,16,0.0728764515270363,0.0644778797150439,0.04623926727737139,0.0479659999340679,0.06749434635804355,0.09338515450353008,0.05980809908456619,0.2456948893705877,0.17197671549979038
2015,1,16,0.069416040171812,0.0501394577459915,0.0660176009865425,0.07052599193457658,0.06485506929463802,0.07960326997911366,0.07,0.21066064031482906,0.08195223128770612
2015,2,15,0.0836231936227087,0.0431829364684728,0.05226578046101808,0.07573467736687568,0.0774943463580435,0.08064853347311735,0.07546204974654741,0.1484231550725722,0.06461193564313547
2015,3,16,0.0783542407206803,0.04141551176228749,0.05170685930445389,0.14442019956898328,0.13538426804779283,0.19824654623979987,0.150709613023729,0.24951210455673967,0.17912757734684562
2015,4,16,0.0971724651255881,0.07733473501464669,0.06589716651847968,0.20695468569705877,0.1417324166908723,0.26030977045790105,0.3626300722274203,0.2817224316660947,0.4142427966533062
2015,5,16,0.3974749037194387,0.2408246813355546,0.25268468905341224,0.3169952850501944,0.2236712088125216,0.31481327843495377,0.4353195103843477,0.3264516597341175,0.44856965350707245
2015,6,16,0.6813722944861887,0.38388801450848553,0.4845288740662106,0.4560697339415974,0.3160152753735752,0.42856382468414134,0.5712896903980458,0.5481546084360758,0.7885429634405279
2015,7,16,0.6591404743822215,0.4982012695858643,0.5750029700109962,0.518191337949043,0.35786106623502134,0.4621567015289043,0.8337525144119732,0.7673145605532475,0.9925455594925969
2015,8,16,0.42097614119895765,0.29837199583191343,0.35001729763620215,0.4233125455347873,0.3708594573994619,0.5756532126788219,0.6825246616793642,0.5556447462864221,0.7839932416425058
2015,9,16,0.24494011771620772,0.17943501634755069,0.19867766260020367,0.22077060875539506,0.22767735131605196,0.30812390594478856,0.4170013692704748,0.35093521569130737,0.5580042056003516
2015,10,16,0.10371812871227228,0.056692091681488005,0.03773608043875942,0.14951906244635843,0.1873362234676885,0.2993197340015682,0.22028541923483688,0.264907537625234,0.4276045995367097
2015,11,16,0.0830023900342895,0.0506796641268566,0.048062702425239696,0.07089603843821869,0.086843705979089,0.10188801571511075,0.07649761533687788,0.1703731912949057,0.2147313841236618
2015,12,16,0.07650096516808319,0.0575980862292302,0.0769309290712346,0.05799525012706565,0.08196741825816992,0.09052995770949296,0.004012204887757276,0.1997490107526435,0.1599460269175267
2016,1,16,0.07583575247476719,0.0586796723278114,0.04601760098654249,0.0696092984310127,0.08778335781809873,0.09267877862747537,0.057617465535135894,0.1874521181173513,0.041952231287706115
2016,2,15,0.0909222325103177,0.0766269362455988,0.04764075849528789,0.015734677366875685,0.03455707063173283,0.05359322855993065,0.019452661024884688,0.20809845542884176,0.11419674196896051
2016,3,16,0.0951960590548145,0.0350662933576922,0.050744277597765175,0.1088837380542488,0.10525007122286481,0.17335409561568588,0.10259809354661711,0.20917517235429217,0.10680052593489084
2016,4,16,0.2142389363531501,0.09372370162521348,0.10786087922442397,0.1960834380308366,0.1490415910729461,0.2314979548016337,0.2577995342566992,0.24933916339602313,0.42243381521845313
2016,5,16,0.4131156499235006,0.22217357439459354,0.19388490765185487,0.42445409444769394,0.2820687884941805,0.40105948492203414,0.45708249190962436,0.21059247333875553,0.37080066518465327
2016,6,16,0.667065510872472,0.37006878801058873,0.6291719741962785,0.4451763375578259,0.28230377236246507,0.5283026992470338,0.5603207135359414,0.2659540077484793,0.7872466515442981
2016,7,16,0.7152033764864937,0.40354776901354306,0.710127924172691,0.4854497804260241,0.28778249655508714,0.4853447478706434,0.6749403706779402,0.5053226012569186,0.850267621112027
2016,8,16,0.501561465130348,0.21714323358480073,0.41771221517411505,0.2990384487261835,0.2678610662350214,0.39950878903154474,0.577053699133317,0.4467954456515427,0.7055133882169982
2016,9,16,0.28991810519789396,0.18305398700739448,0.23380302468708666,0.25525490723776006,0.2477354172364166,0.40560394245691744,0.4779403074008747,0.43484636706311075,0.580298840528398
2016,10,16,0.1286354334365522,0.07947002494477529,0.01987456153931519,0.13390940600155427,0.1650481275527871,0.26970184818458975,0.21806177291312656,0.287489784304483,0.5047381494712059
2016,11,16,0.0909446840732628,0.0575758747964413,0.069572097089613,0.06726699327956838,0.09797092242698244,0.14593729222828777,0.16111061326805848,0.2321227323704232,0.30274498569471475
2016,12,16,0.0823933276274226,0.0559224966590014,0.0809270700151792,0.06349239723676216,0.10721677498716223,0.15485866755109318,0.0599590589225549,0.21745211811735127,0.1021545817471172
2017,1,16,0.0865732829027054,0.0561794831626979,0.06737716108092369,0.05611508200091851,0.07515733515580941,0.09777744768561386,0.05761443006404118,0.1576293568746558,0.016679411828804114
2017,2,15,0.0842466609891696,0.0512207598262539,0.0639899768998832,0.06040608612880578,0.07465426313320503,0.10402921072298005,0.0869604496383144,0.1771582462414158,0.11918843242972718
2017,3,16,0.10000054821090029,0.030230553892290894,0.023451294806446005,0.11810741713293395,0.11694967212394533,0.17854824372575429,0.1754371245876522,0.25425721766932574,0.168374338637332
2017,4,16,0.1614460535530095,0.07463366768024898,0.09440844381480709,0.20912625769361098,0.163458777506472,0.27864992654057963,0.384551262768441,0.2742800233210193,0.40532569856758116
2017,5,16,0.36815777192026566,0.20884296735181587,0.1894359835959499,0.34363670464580276,0.27015567692867315,0.4866039232156928,0.5942855584845994,0.27792918139489375,0.5752562268909946
2017,6,16,0.677065510872472,0.42340017337714475,0.4955082670306922,0.5197993647726434,0.3837772893709317,0.583433494317544,0.7746251717314074,0.5563893780358699,0.7476302362865045
2017,7,16,0.78744263169805,0.3709216426249017,0.6281783487758617,0.5394710804734145,0.3653654059971285,0.5679211024936048,0.9066656070543503,0.5151966570596852,0.8595414898396039
2017,8,16,0.5828660949127002,0.3709216426249017,0.42786364663772614,0.32200794230375235,0.2878610662350214,0.4083026992470338,0.5886625505110066,0.5151966570596852,0.7933138651880219
2017,9,16,0.3311136707055269,0.12995491899375936,0.15737781028528838,0.2573643583430883,0.27300642973835487,0.3581239059447886,0.4364696709246074,0.23792918139489383,0.666071053594832
2017,10,16,0.11987361478261933,0.07396115684550528,0.06894803910184558,0.11951906244635842,0.15299183908434796,0.2527474152841698,0.2018592319372781,0.26302084521640434,0.5010452519276996
2017,11,16,0.0681150400667418,0.0647049657943308,0.05693092907123459,0.05087202226007194,0.0762649210418874,0.0787313564485207,0.1014522128872486,0.2185018357296215,0.24607559273749244
2017,12,16,0.0953214187842459,0.0549751673695616,0.0735527667510513,0.0504060861288058,0.07948035994046262,0.060380137644219956,0.0771363248937369,0.1648104883695829,0.1853660830829557
2018,1,16,0.0755109035261255,0.0653547356681252,0.05655336565687099,0.047375889294381204,0.06023055931213911,0.058448489909877555,0.09076380898902589,0.22449023616575342,0.09799656978030027
2018,2,15,0.0822909280911697,0.0520934094330903,0.06353620829571989,0.06337072363443959,0.08523043357821794,0.10491645827771051,0.0787689222903092,0.17388111991202196,0.0946119356431355
2018,3,16,0.0838542104459432,0.0602902773677023,0.06269276450394409,0.12611508200091848,0.13325408024270533,0.14665719619348477,0.248330168742024,0.1632060048047278,0.2539107256547889
2018,4,16,0.1374085392933423,0.0683482116077124,0.07697205865009049,0.20333571503721498,0.15021143527246109,0.27960715023839555,0.3774971355586616,0.2853541002385197,0.47473814947120585
2018,5,16,0.30288509552890985,0.2721827393411723,0.1914174324894116,0.491345824952998,0.3479305379116079,0.5897373094963041,0.5827372637050987,0.30561849846734024,0.5022408174353326
2018,6,16,0.5908821152271814,0.393463659653424,0.5333989208552452,0.47393273181202994,0.3318572097491793,0.6307661216527771,0.836798758487968,0.4329018187643795,0.7504995274015817
2018,7,16,0.7582129282899815,0.4900537978766414,0.5802739954162217,0.7818368753937833,0.4752934512041803,0.671416548960061,0.6826760931429754,0.6495317127362962,0.8896090552447968
2018,8,16,0.3747292805417082,0.3037032502111676,0.33786364663772606,0.37551206856376346,0.3149254872577758,0.44131664624803757,0.6648297441414515,0.6166553468189505,0.8994724001266491
2018,9,16,0.3136110027414002,0.18305398700739448,0.2256166040478271,0.22402757203232154,0.22734298881523254,0.3084029398146776,0.3604290505530764,0.5332854035065858,0.686071053594832
2018,10,16,0.1643881436922039,0.06372370162521349,0.022964745743687093,0.12695468569705876,0.14534982503874153,0.20052128210586373,0.25956048603743853,0.38645165973411744,0.4506796526242244
2018,11,16,0.0800817155307307,0.0386677242585451,0.062090521615672085,0.07761366669966148,0.10400389773157012,0.13730633705237383,0.1357795613896136,0.2592931915191188,0.2147266996784535
2018,12,16,0.07920261545740219,0.0584539881383728,0.06999999999999999,0.07799525012706567,0.11458155484381707,0.08009555698002979,0.0921254691046924,0.17517554931967444,0.08461193564313549
2019,1,16,0.07000054821090029,0.056355542857221705,0.05969698273100599,0.0725380966629227,0.07608039568239502,0.11777997353082986,0.0488364309061574,0.17209191894900078,0.0
2019,2,15,0.0836231936227087,0.0695085472492422,0.04532675736419569,0.04064792124544399,0.049284251172830834,0.10064853347311736,0.040466224295443,0.20635643104408374,0.07799656978030028
2019,3,16,0.0627261752763928,0.0648965368575451,0.036067607450670086,0.11163839577044628,0.10515733515580941,0.16873135644852072,0.11512460872362698,0.23134986399067564,0.16683073816158286
2019,4,16,0.12460885029030468,0.07221438331125421,0.0748715712031312,0.2447608379161218,0.18781730020118484,0.4272919577221964,0.4153830145874523,0.26037319129490566,0.2791098386669242
2019,5,16,0.37749770937113225,0.21305398700739445,0.18219245192890757,0.3304002707410935,0.23143990828969876,0.3269757080579444,0.5125392977263875,0.21325976675679104,0.4990100204039144
2019,6,16,0.6843862414871925,0.3874451262633337,0.43897128732309476,0.4951763375578259,0.32855549059945555,0.5521567015289044,0.653783733828344,0.5263893780358698,0.657449787356442
2019,7,16,0.8231043745831951,0.40137803012832707,0.6380125218144841,0.5807328911625539,0.4500546267004687,0.6653447478706433,0.7074781349424519,0.7082007267126783,0.970267621112027
2019,8,16,0.4708821152271814,0.3000687880105888,0.43905606514598317,0.36496154396850305,0.3278848878152527,0.5465374688468279,0.6016775509022237,0.5153226012569186,0.7916015486215249
2019,9,16,0.3211136707055269,0.16854126986586146,0.16561660404782716,0.17134271741318569,0.19328449196825107,0.31408395533403743,0.5970679078799608,0.4477584551488446,0.7085429634405279
2019,10,16,0.13645474974268496,0.04334538521059861,0.05031721481648879,0.0976136666996615,0.13360560085645165,0.19944128233007685,0.2443721778202648,0.337002311826314,0.39351647597052875
2019,11,16,0.08753755805916859,0.029959414867209697,0.06764075849528789,0.047995250127065694,0.0728804316511755,0.07131854845304902,0.1414522128872486,0.21134986399067568,0.2229280984174812
2019,12,16,0.0926235979904215,0.056007224896756705,0.0752729862872463,0.036755508636345594,0.07071357613019527,0.06857124588353031,0.054721646657491685,0.23951210455673966,0.12810873678616858
2020,1,16,0.0737366147712175,0.0486796723278114,0.056702025327416986,0.06395043642685842,0.050904451199420386,0.0972023164185829,0.030894361538269494,0.17261117257037478,0.04204942378917831
2020,2,15,0.08162839132449409,0.0525506586527979,0.03039008742122879,0.038298292202159065,0.04387450179535232,0.0849308353778851,0.05573512325055738,0.1985018357296215,0.0581087367861686
2020,3,16,0.0857662763175923,0.044127560189821294,0.049704484573020985,0.11810741713293395,0.11455707063173284,0.18495857918054098,0.14306380028267898,0.23966740947879683,0.1787204493269425
2020,4,16,0.1408414612547293,0.07,0.14689839948663738,0.1790540898668191,0.15457902899860113,0.34508817668111075,0.27044089865023946,0.35072767919210657,0.27368399617594175
2020,5,16,0.363379365697056,0.23406268045116144,0.19258317244948572,0.3514873800379223,0.2973669969133831,0.416848509958739,0.5012749261513305,0.3832604357741479,0.44856965350707245
2020,6,16,0.599372380671776,0.44686991006573074,0.3989712873230947,0.6616002289682903,0.4606090449443784,0.786407547237933,0.6974189447652106,0.39595400774847933,0.749800684425878
2020,7,16,0.7314184127627913,0.3739027787552007,0.48817834877586175,0.510602969553659,0.376560655563567,0.49399591563331713,0.6961735051600997,0.6752642224648782,0.8894724001266491
2020,8,16,0.47706551087247206,0.38370258119381073,0.5182139366343006,0.36370421134727066,0.33060904494437837,0.5669435364625008,0.46173951135538127,0.5159227883321084,0.7994724001266491
2020,9,16,0.2658694579736234,0.19799610294460726,0.15971769872239636,0.2173008720668091,0.22171467801095093,0.2938074636313911,0.4186154711923359,0.446154694621663,0.6673712235220148
2020,10,16,0.12680397190611437,0.043475190604716885,0.034408443814807094,0.08735655643789082,0.11330610316802905,0.16491309669796372,0.207906412522164,0.2386399448447427,0.4894639491501539
2020,11,16,0.0728764515270363,0.039631754514925704,0.03979399241843408,0.07385872589950611,0.102738873541275,0.15463832697671154,0.14148146308024637,0.19428002332101924,0.2855152904220095
2020,12,16,0.0850356390300885,0.0651244822099098,0.052864742505298,0.05675550863634561,0.07797092242698242,0.10485866755109319,0.0827270800964935,0.17173992490415263,0.12722471972378294
2021,1,16,0.07431669768917509,0.0624109332029238,0.06422470748794429,0.0934742366851337,0.08650685768692562,0.03486689167510207,0.11199012948895909,0.16327015357297747,0.1141976465046062
2021,2,15,0.0840772691806797,0.0498830837684388,0.0723222338946016,0.1019938521198714,0.104855069294638,0.10844848990987754,0.1539022601152236,0.21635643104408375,0.12197418965457438
2021,3,16,0.08615176895927419,0.0572251283869067,0.0663005586925856,0.13810741713293395,0.12936166763360693,0.20760020892830938,0.22728490524802028,0.2356948893705877,0.19333703469044963
2021,4,16,0.1461202568236919,0.07516981779588522,0.0927882241404242,0.20038568008708663,0.17047390596495662,0.2997139836858284,0.375281844197216,0.28672153668857625,0.4189334403808599
2021,5,16,0.3262307293613198,0.2656183637566941,0.18871216894520307,0.31148738003792226,0.24212522144361978,0.3871472950974597,0.448223042771152,0.22175551707066732,0.5306162406261645
2021,6,16,0.6843862414871925,0.5559606197857361,0.3785350849233319,0.6298486349945479,0.38788488781525265,0.5079211024936048,0.6785672203530142,0.4477730116826467,0.8637055310005053
2021,7,16,0.7482129282899815,0.48372821794360554,0.5850029700109962,0.6846319229584358,0.4429036798724246,0.6640778605118443,0.8332550796914571,0.34116855543707947,0.9199895790663408
2021,8,16,0.4251441234809933,0.3809216426249017,0.34339892085524526,0.3690384487261836,0.32487885351883905,0.4483026992470338,0.5174189447652107,0.31061803084181905,0.9303836183512865
2021,9,16,0.2613066684886476,0.2214508212576017,0.18561660404782707,0.2911711303736703,0.31165924377046805,0.4810833065022655,0.559435544555375,0.3376644291770684,0.8168358202359953
2021,10,16,0.11987361478261933,0.08674722255577968,0.035141537212757507,0.1291438592742395,0.13868043208151917,0.2276378751154411,0.24361892749719435,0.2546651876239957,0.5560672644460133
2021,11,16,0.06626866583432059,0.022344404967547096,0.06060542278188169,0.08419542231572592,0.08680158131298724,0.1508087311257872,0.14603738911172878,0.2044902361657534,0.28292809841748123
2021,12,16,0.08615176895927419,0.0642106362842369,0.0770998455866235,0.0834742366851337,0.10023055931213912,0.14510379470277268,0.0754800650730521,0.17173992490415263,0.1521545817471172
2022,1,16,0.080765735176557,0.0565354861195106,0.0525338800048054,0.07585840745913679,0.07680248584863292,0.12089101199130736,0.052464497927870085,0.18654245174040007,0.0348895070140168
2022,2,15,0.07385950973092639,0.0604013086535344,0.05311968832332459,0.0576244003148778,0.06301224512606712,0.09683163210205692,0.056405647352193,0.17635643104408377,0.1199460269175267
2022,3,16,0.0753576834147859,0.0523024708210138,0.051633513556962385,0.16508643430703324,0.15347818125733323,0.2737679568250998,0.17259809354661712,0.264019505445817,0.2838569373366583
2022,4,16,0.149522094168873,0.0722956868813498,0.06894803910184558,0.1867992062816562,0.15018673581651729,0.32686962749953435,0.35387189304026734,0.2193391633960231,0.4885696535070725
2022,5,16,0.3362307293613198,0.19289850759199192,0.23902515712230063,0.38512925823915517,0.29907240449436856,0.4666039232156928,0.5910901618540126,0.4184157338731832,0.5082806973029979
2022,6,16,0.7028660949127002,0.4659606197857361,0.42897128732309475,0.5726872922069192,0.3719390967756645,0.5305297320915878,0.8307315448442442,0.5863893780358698,0.6721032879287633
2022,7,16,0.6494771424770879,0.559666787490472,0.511853160549101,0.4763292035630647,0.31461410130101364,0.5169435364625008,0.7907315448442441,0.7829266492952575,0.9596090552447968
2022,8,16,0.42137229448618874,0.27437867896009893,0.32550826703069213,0.3907328911625539,0.3086758929388588,0.4374048066525644,0.702027856740474,0.6702884098317518,0.7363534434978649
2022,9,16,0.2840034311625842,0.19110345475184878,0.19227004540437506,0.2249359864654395,0.27409353903518363,0.4822404347628009,0.6457589074747585,0.31073749427314956,0.7720092619569869
2022,10,16,0.11666282379908556,0.07187798007909568,0.0366035654306168,0.13284534885630556,0.1541079183653611,0.21340785756774916,0.217906412522164,0.3507374942731496,0.46473814947120584
2022,11,16,0.08129773044996781,0.0497477687570059,0.05419179306966929,0.056768186797978196,0.09148989705151014,0.17115609763154005,0.1094361725901987,0.22511911637023518,0.20244328820876037
2022,12,16,0.0801226184221634,0.0558386944169015,0.0597995935245024,0.061200795091383806,0.09090445119942042,0.0757492849485662,0.0990667906796606,0.23173992490415263,0.17726831293280298
2023,1,16,0.0817936073224413,0.0622353717359391,0.05543798104074109,0.03619780475519978,0.05060140912432701,0.0585826867348056,0.0722930166708867,0.19361986601414172,0.1076257199681124
2023,2,15,0.07333175966207879,0.0662670337314099,0.04670202532741699,0.06470387230964418,0.08749434635804351,0.1306485334731174,0.07,0.17476413947095937,0.08976258016635782
2023,3,16,0.08585418426569129,0.0710846381178331,0.050744277597765175,0.118049751095592,0.12325408024270532,0.12670061612249278,0.16728490524802028,0.22212273237042318,0.25796469879406037
2023,4,16,0.1236517012819436,0.0671661961075363,0.0827808188334595,0.26796337914082574,0.21453578169345502,0.34030977045790106,0.3310914892283805,0.16945905942743744,0.41860205044924437
2023,5,16,0.3529666968027565,0.25525330280660263,0.2640252863951974,0.35856833385383785,0.27153827972488653,0.46007875793648034,0.5032433463172835,0.30011058132101,0.5929847776246613
2023,6,16,0.6151441234809932,0.4335477690135431,0.463754773847765,0.6363521238446304,0.43706025344495525,0.7174048066525643,0.8659843345159404,0.5363893780358698,0.8151776572110605
2023,7,16,0.7882129282899816,0.4596667874904721,0.6269470492755016,0.5806029695536589,0.4429036798724246,0.5856532126788219,0.8540891825068396,0.6059227883321084,0.8795414898396038
2023,8,16,0.5992564716214809,0.3396809962371158,0.4682815020394937,0.38947108047341455,0.3411478027845546,0.3605297320915879,0.6056027377625114,0.4551610692012463,0.6996674340368373
2023,9,16,0.25927444366452257,0.207894932554371,0.21907403718902493,0.1752787288179914,0.16558961696868804,0.2836080551291391,0.3485574052719713,0.4167954456515427,0.7239558162195403
2023,10,16,0.13026178601296878,0.0,0.06370382608530342,0.1190540898668191,0.16745011478610458,0.2598971015636016,0.30084276939107146,0.3756184984673402,0.4210452519276996
2023,11,16,0.09149844750438561,0.0589859371903496,0.044837796294970395,0.0961978047551998,0.1009044511994204,0.1134098539594739,0.0855343170891244,0.18494008587015265,0.25796469879406037
2023,12,16,0.0866800942669877,0.0554331944918543,0.05939692404778299,0.07952258086844298,0.10744330737381913,0.09257255381811075,0.04421055016925721,0.1985018357296215,0.17508775396026788
2024,1,16,0.07928283229144009,0.0631997013603532,0.0778498472022971,0.0651771988208374,0.08212873986570432,0.11499169046076668,0.06646993795113589,0.22745211811735128,0.009362578914143188
2024,2,15,0.0800005482109003,0.06739536822896,0.0,0.053011402383697184,0.06655659542411974,0.0871921907738139,0.0798080990845662,0.15541362023741878,0.11660196674740841
2024,3,16,0.0658541842656913,0.051617327932073596,0.062423191514923884,0.1308526185092107,0.11937413513109799,0.17619025777136077,0.12259809354661713,0.20458860760094122,0.22680052593489083
2024,4,16,0.1460975729939773,0.08730009640171951,0.08994210924602239,0.17912625769361096,0.13345877750647203,0.26149795480163374,0.3288377329004467,0.1817224316660947,0.3338985901535503
2024,5,16,0.3353404184205362,0.2761377038076074,0.17905944653501807,0.44223949778209787,0.3164087315513828,0.5697373094963041,0.6114890989002977,0.16968405890563754,0.5164371767317614
2024,6,16,0.721561465130348,0.393463659653424,0.5489712873230947,0.5994592245907665,0.37492548725777586,0.4849944578740688,0.6537270000264213,0.43469493559949957,0.7504995274015817
2024,7,16,0.7103283306481886,0.3919544089286149,0.6280125218144841,0.6601435629014688,0.42985149088832475,0.4552638022750406,0.7489359933792048,0.5052642224648781,0.9319704718450723
2024,8,16,0.5435993273307427,0.27117049362912626,0.3626656884372028,0.49976886673827653,0.4146141013010137,0.4374048066525644,0.5271904243004514,0.5182007267126784,0.7697701863915111
2024,9,16,0.25400343116258417,0.17305398700739447,0.15561660404782715,0.20482234131456606,0.2148456567793592,0.2581239059447886,0.5024949137038605,0.2717262208149134,0.8090397683794182
2024,10,16,0.14680397190611438,0.01098658975703301,0.047736080438759376,0.13735655643789085,0.1633061031680291,0.22054140750224538,0.2835246154504524,0.27011058132100996,0.37348546069485966
2024,11,16,0.0819072657799515,0.0596317545149257,0.042472361133319786,0.088224633038706,0.10769259330429462,0.13619025777136073,0.12759573858767098,0.2194590594274375,0.31189812128750616
2024,12,16,0.0762686658343206,0.0452444774028379,0.0641917930696693,0.0719672883313003,0.088340836364137,0.11493083537788507,0.04766382460019668,0.15917517235429218,0.1741108452877249
